# Blender 4.3.2
# www.blender.org
o model
v 0.843341 0.315013 -0.592820
v 0.860704 0.334856 -0.543211
v 0.855744 0.327414 -0.538250
v 0.838381 0.305090 -0.587859
v 0.136423 0.478720 0.880548
v 0.136423 0.483680 0.885509
v 0.156266 0.488641 0.885509
v 0.158747 0.486161 0.880548
v -0.659791 0.136423 -0.858224
v -0.672193 0.141383 -0.855744
v -0.679634 0.143863 -0.838381
v -0.669713 0.138903 -0.835900
v -0.062010 0.448954 0.883029
v -0.032246 0.453916 0.887990
v -0.032246 0.451436 0.892950
v -0.062010 0.446474 0.887990
v -0.228199 0.084333 0.875587
v -0.200914 0.121540 0.878067
v -0.200914 0.121540 0.927676
v -0.228199 0.084333 0.925196
v -0.786293 0.277806 -0.627546
v -0.808616 0.315013 -0.570496
v -0.808616 0.319973 -0.577937
v -0.786293 0.282767 -0.637467
v -0.106657 0.290208 0.885509
v -0.094256 0.327414 0.885509
v -0.094256 0.327414 0.935117
v -0.106657 0.290208 0.935117
v -0.731723 0.173629 -0.781331
v -0.731723 0.161226 -0.781331
v -0.756527 0.223237 -0.719321
v -0.754047 0.230678 -0.721801
v 0.096736 0.431591 0.885509
v 0.096736 0.431591 0.935117
v 0.084334 0.436553 0.935117
v 0.084334 0.436553 0.885509
v 0.920234 0.429111 0.652350
v 0.920234 0.441513 0.768930
v 0.915274 0.436553 0.768930
v 0.915274 0.426631 0.652350
v 0.890470 0.414229 0.047127
v 0.892950 0.424150 0.166187
v 0.892950 0.448954 0.163707
v 0.890470 0.439033 0.044647
v 0.885509 0.478720 0.830940
v 0.885509 0.503524 0.830940
v 0.887990 0.503524 0.818537
v 0.887990 0.476240 0.818537
v -0.682114 0.054569 -0.845822
v -0.669713 0.069451 -0.843341
v -0.684595 0.081853 -0.823498
v -0.692037 0.069451 -0.830940
v -0.319974 0.545691 0.922716
v -0.317493 0.550651 0.942559
v -0.357180 0.560574 0.940079
v -0.359660 0.555613 0.922716
v 0.312533 0.054569 0.930157
v 0.275326 0.074411 0.932637
v 0.260444 0.057049 0.927676
v 0.300130 0.034724 0.925196
v 0.920234 0.468798 0.766449
v 0.920234 0.458877 0.649870
v 0.920234 0.481200 0.649870
v 0.920234 0.491122 0.766449
v -0.759007 0.481200 0.917754
v -0.751567 0.468798 0.895431
v -0.724281 0.501044 0.897911
v -0.729243 0.508484 0.915274
v 0.590340 0.190991 0.917754
v 0.595300 0.265404 0.922716
v 0.510966 0.265404 0.927676
v 0.506006 0.190991 0.922716
v 0.307572 0.044647 0.863186
v 0.312533 0.059530 0.900392
v 0.357180 0.044647 0.897911
v 0.352220 0.029764 0.860706
v 0.917754 0.498563 0.840861
v 0.917754 0.510965 0.840861
v 0.917754 0.515926 0.890470
v 0.917754 0.501044 0.890470
v -0.186031 0.218276 0.912794
v -0.168668 0.257963 0.915274
v -0.153786 0.255483 0.878067
v -0.171149 0.213316 0.875587
v -0.515927 0.265404 0.915274
v -0.520887 0.337336 0.912794
v -0.436553 0.337336 0.917754
v -0.434073 0.265404 0.920234
v 0.833420 0.257963 0.890470
v 0.823499 0.257963 0.853264
v 0.830940 0.312531 0.853264
v 0.840861 0.312531 0.890470
v 0.818537 0.260443 0.848303
v 0.801174 0.262923 0.845823
v 0.806136 0.315013 0.845823
v 0.825979 0.315013 0.848303
v -0.595300 0.188511 0.902873
v -0.600261 0.265404 0.905353
v -0.510966 0.188511 0.910313
v -0.577937 0.034724 0.905353
v -0.510966 0.190991 0.922716
v -0.595300 0.190991 0.917754
v -0.625066 0.044647 0.902873
v 0.912794 0.369581 0.049609
v 0.915274 0.379503 0.168669
v 0.902873 0.379503 0.168669
v 0.900391 0.369581 0.049609
v 0.763968 0.456396 0.917754
v 0.768930 0.458877 0.925196
v 0.759007 0.481200 0.925196
v 0.754047 0.481200 0.917754
v -0.099217 0.327414 0.880548
v -0.096736 0.352218 0.880548
v -0.091776 0.352218 0.885509
v -0.553133 0.590338 0.927676
v -0.553133 0.600260 0.925196
v -0.602741 0.597780 0.920234
v -0.602741 0.585377 0.922716
v -0.734204 0.565534 0.902873
v -0.701958 0.580417 0.905353
v -0.696997 0.565534 0.863186
v -0.729243 0.550651 0.860706
v -0.032246 0.453916 0.947520
v -0.034726 0.496083 0.947520
v -0.066971 0.491122 0.945039
v -0.062010 0.448954 0.945039
v 0.461357 0.000000 0.910313
v 0.458877 0.000000 0.863186
v 0.520887 0.000000 0.860706
v 0.523368 0.000000 0.905353
v -0.168668 0.414229 0.932637
v -0.158747 0.416710 0.945039
v -0.176110 0.443994 0.945039
v -0.186031 0.441513 0.932637
v 0.835900 0.359660 -0.543211
v 0.845823 0.372062 -0.498564
v 0.855744 0.372062 -0.503524
v 0.843341 0.359660 -0.548173
v -0.114100 0.406787 0.880548
v -0.114100 0.421670 0.880548
v -0.109139 0.419190 0.885509
v -0.111619 0.406787 0.885509
v 0.781331 0.436553 0.917754
v 0.783812 0.441513 0.925196
v 0.679634 0.337336 0.890470
v 0.600261 0.337336 0.902873
v 0.602741 0.406787 0.900392
v 0.679634 0.404307 0.887990
v -0.186031 0.215796 0.932637
v -0.178590 0.213316 0.942559
v -0.161227 0.255483 0.945039
v -0.168668 0.255483 0.932637
v 0.892950 0.409268 0.419190
v 0.892950 0.421670 0.535770
v 0.892950 0.429111 0.535770
v 0.892950 0.419190 0.419190
v -0.786293 0.128981 0.890470
v -0.783812 0.131461 0.897911
v -0.808616 0.168667 0.897911
v -0.811097 0.166187 0.890470
v -0.858224 0.416710 0.848303
v -0.873107 0.434073 0.843343
v -0.786293 0.439033 0.848303
v -0.798694 0.419190 0.848303
v 0.714360 0.029764 -0.915274
v 0.699477 0.029764 -0.935117
v 0.711880 0.034724 -0.940078
v 0.726763 0.034724 -0.925195
v -0.875587 0.419190 -0.195953
v -0.885509 0.434073 -0.086814
v -0.873107 0.434073 -0.084334
v -0.860704 0.419190 -0.193473
v 0.721801 0.506004 0.853264
v 0.719321 0.501044 0.878067
v 0.684595 0.528328 0.883029
v 0.687076 0.533289 0.855744
v -0.692037 0.111618 -0.798694
v -0.682114 0.121540 -0.796214
v -0.704439 0.166187 -0.746606
v -0.711880 0.158746 -0.746606
v 0.873107 0.352218 -0.193473
v 0.883028 0.364620 -0.081854
v 0.883028 0.377023 -0.081854
v 0.873107 0.364620 -0.195953
v 0.687076 0.111618 -0.922715
v 0.696997 0.133942 -0.892950
v 0.724281 0.114098 -0.902871
v 0.706919 0.101696 -0.930157
v 0.674674 0.265404 0.912794
v 0.679634 0.337336 0.912794
v 0.600261 0.337336 0.922716
v -0.892950 0.416710 0.535770
v -0.892950 0.426631 0.652350
v -0.905353 0.426631 0.652350
v -0.902873 0.414229 0.535770
v -0.776370 0.292689 -0.649870
v -0.781331 0.285247 -0.652350
v -0.803655 0.327414 -0.587859
v -0.798694 0.332376 -0.585378
v 0.922715 0.429111 0.535770
v 0.922715 0.416710 0.419190
v 0.922715 0.439033 0.416710
v 0.922715 0.448954 0.533290
v -0.788773 0.528328 0.855744
v -0.759007 0.538250 0.858224
v -0.756527 0.530809 0.850783
v -0.786293 0.523367 0.848303
v -0.868146 0.416710 0.900392
v -0.798694 0.419190 0.910313
v -0.786293 0.436553 0.917754
v -0.883028 0.434073 0.900392
v 0.845823 0.342297 -0.491123
v 0.853264 0.342297 -0.443994
v 0.848303 0.352218 -0.443994
v 0.840861 0.354699 -0.491123
v 0.096736 0.372062 0.880548
v 0.091776 0.372062 0.885509
v 0.101697 0.391905 0.885509
v 0.104177 0.389424 0.880548
v 0.630026 0.012401 0.895431
v 0.667233 0.027284 0.892950
v 0.667233 0.029764 0.897911
v 0.630026 0.014882 0.900392
v -0.843341 0.344777 -0.275326
v -0.816057 0.349738 -0.414230
v -0.816057 0.362140 -0.416710
v -0.843341 0.357180 -0.275326
v -0.835900 0.359660 -0.483681
v -0.850783 0.362140 -0.429113
v -0.848303 0.369581 -0.429113
v -0.833420 0.364620 -0.483681
v -0.694517 0.560574 0.855744
v -0.726763 0.545691 0.853264
v 0.476240 0.570496 0.935117
v 0.550653 0.568014 0.927676
v 0.548173 0.590338 0.927676
v 0.473760 0.592819 0.935117
v -0.786293 0.533289 0.912794
v -0.768930 0.520887 0.915274
v -0.726763 0.545691 0.915274
v -0.756527 0.555613 0.910313
v -0.672193 0.027284 0.897911
v -0.672193 0.029764 0.905353
v -0.699477 0.049607 0.902873
v -0.701958 0.047127 0.895431
v -0.915274 0.473759 0.414230
v -0.915274 0.483680 0.530810
v -0.902873 0.488641 0.530810
v -0.902873 0.478720 0.414230
v -0.357180 0.555613 0.885509
v -0.401827 0.560574 0.883029
v -0.394387 0.582897 0.880548
v -0.347259 0.577937 0.883029
v -0.788773 0.441513 0.925196
v -0.773890 0.458877 0.925196
v -0.778851 0.461357 0.927676
v -0.788773 0.448954 0.927676
v 0.434073 0.406787 0.915274
v 0.352220 0.406787 0.917754
v 0.396867 0.560574 0.910313
v 0.476240 0.565534 0.905353
v -0.352220 0.014882 0.868146
v -0.302611 0.029764 0.870627
v -0.305091 0.029764 0.920234
v -0.352220 0.014882 0.915274
v 0.109139 0.406787 0.880548
v 0.109139 0.421670 0.880548
v 0.153786 0.416710 0.878067
v 0.141384 0.389424 0.878067
v -0.902873 0.416710 -0.089294
v -0.910313 0.429111 0.042167
v -0.905353 0.441513 0.042167
v -0.897911 0.429111 -0.089294
v -0.850783 0.342297 -0.424151
v -0.878067 0.342297 -0.282767
v -0.878067 0.352218 -0.285248
v -0.850783 0.352218 -0.426631
v 0.796214 0.315013 0.868146
v 0.798694 0.359660 0.868146
v 0.806136 0.362140 0.845823
v 0.860704 0.357180 -0.295170
v 0.873107 0.391905 -0.195953
v 0.860704 0.381983 -0.295170
v 0.687076 0.054569 0.845823
v 0.679634 0.066970 0.845823
v 0.726763 0.109137 0.845823
v 0.736684 0.096736 0.845823
v 0.312533 0.550651 0.942559
v 0.352220 0.560574 0.940079
v 0.342297 0.582897 0.942559
v 0.295170 0.570496 0.942559
v 0.768930 0.106657 -0.853264
v 0.759007 0.096736 -0.878067
v 0.741644 0.124020 -0.875587
v 0.756527 0.133942 -0.850783
v -0.607703 0.406787 0.920234
v -0.523368 0.406787 0.925196
v -0.555613 0.563054 0.910313
v -0.600261 0.558093 0.905353
v -0.912794 0.463837 0.295170
v -0.900391 0.468798 0.295170
v -0.481201 0.565534 0.917754
v -0.481201 0.570496 0.935117
v -0.555613 0.568014 0.927676
v -0.439034 0.406787 0.915274
v -0.481201 0.565534 0.905353
v -0.401827 0.560574 0.910313
v -0.357180 0.406787 0.917754
v 0.920234 0.451436 0.163707
v 0.920234 0.463837 0.295170
v 0.922715 0.451436 0.295170
v 0.922715 0.439033 0.163707
v -0.146344 0.295169 0.945039
v -0.156266 0.295169 0.935117
v -0.128981 0.250521 0.880548
v -0.111619 0.290208 0.880548
v -0.124021 0.248041 0.885509
v -0.920234 0.471278 0.530810
v -0.920234 0.481200 0.649870
v -0.917754 0.493603 0.647389
v 0.696997 0.580417 0.905353
v 0.654830 0.590338 0.907833
v 0.649870 0.590338 0.915274
v 0.689556 0.580417 0.912794
v 0.657310 0.052087 0.905353
v 0.682114 0.069451 0.905353
v 0.677154 0.076893 0.897911
v 0.652350 0.059530 0.897911
v -0.897911 0.456396 0.163707
v -0.887990 0.466317 0.295170
v -0.885509 0.456396 0.163707
v 0.920234 0.381983 0.047127
v 0.922715 0.391905 0.168669
v 0.920234 0.381983 0.168669
v 0.917754 0.372062 0.049609
v -0.205874 0.518407 0.942559
v -0.203394 0.520887 0.937597
v -0.255483 0.555613 0.937597
v -0.257963 0.553133 0.942559
v 0.890470 0.386944 0.049609
v 0.883028 0.401827 -0.084334
v 0.883028 0.426631 -0.086814
v 0.275326 0.535770 0.885509
v 0.253003 0.553133 0.883029
v 0.295170 0.568014 0.883029
v 0.312533 0.548171 0.885509
v -0.811097 0.362140 0.848303
v -0.806136 0.394386 0.848303
v -0.798694 0.391905 0.870627
v -0.803655 0.359660 0.870627
v 0.682114 0.074411 -0.907833
v 0.692037 0.086814 -0.878067
v 0.687076 0.114098 -0.885508
v 0.679634 0.101696 -0.915274
v -0.883028 0.386944 0.168669
v -0.885509 0.399347 0.300130
v -0.890470 0.394386 0.300130
v -0.887990 0.381983 0.168669
v -0.481201 0.565534 0.878067
v -0.553133 0.563054 0.870627
v -0.553133 0.585377 0.868146
v -0.478720 0.585377 0.875587
v -0.672193 0.039686 -0.870627
v -0.657310 0.057049 -0.870627
v 0.200914 0.518407 0.883029
v 0.198433 0.520887 0.887990
v 0.250523 0.555613 0.887990
v 0.865666 0.381983 -0.453917
v 0.880548 0.406787 -0.300130
v 0.892950 0.401827 -0.300130
v 0.875587 0.379503 -0.456397
v -0.138903 0.329894 0.945039
v -0.099217 0.327414 0.940079
v -0.096736 0.352218 0.940079
v -0.141384 0.359660 0.945039
v -0.002480 0.453916 0.895431
v -0.002480 0.456396 0.890470
v 0.027284 0.453916 0.887990
v 0.027284 0.451436 0.892950
v 0.863186 0.416710 0.900392
v 0.878067 0.434073 0.900392
v 0.793734 0.419190 0.910313
v 0.699477 0.032244 -0.907833
v 0.692037 0.034724 -0.925195
v -0.173630 0.161226 0.880548
v -0.148826 0.205874 0.883029
v -0.148826 0.205874 0.932637
v -0.173630 0.161226 0.930157
v 0.865666 0.406787 -0.297650
v 0.878067 0.419190 -0.198433
v 0.892950 0.419190 -0.200914
v 0.396867 0.560574 0.883029
v 0.476240 0.565534 0.878067
v 0.220757 0.136423 0.937597
v 0.195953 0.173629 0.940079
v 0.171149 0.163707 0.935117
v 0.198433 0.124020 0.932637
v 0.917754 0.503524 0.763969
v 0.912794 0.508484 0.763969
v 0.915274 0.518407 0.840861
v 0.518407 0.406787 0.907833
v 0.550653 0.563054 0.897911
v -0.602741 0.565534 0.922716
v -0.726763 0.568014 0.910313
v -0.694517 0.580417 0.912794
v -0.682114 0.148824 -0.811097
v -0.689556 0.153784 -0.816057
v -0.709400 0.190991 -0.768930
v -0.704439 0.188511 -0.761488
v 0.895431 0.486161 0.530810
v 0.892950 0.496083 0.647389
v 0.907833 0.498563 0.647389
v 0.907833 0.488641 0.530810
v -0.783812 0.280287 -0.649870
v -0.647389 0.111618 -0.883028
v -0.662271 0.131461 -0.890470
v -0.654830 0.121540 -0.853264
v -0.902873 0.441513 0.892950
v -0.917754 0.446474 0.892950
v -0.917754 0.443994 0.843343
v -0.895431 0.439033 0.845823
v -0.168668 0.414229 0.915274
v -0.186031 0.441513 0.915274
v -0.176110 0.443994 0.880548
v -0.158747 0.416710 0.878067
v 0.173630 0.213316 0.942559
v 0.146344 0.205874 0.937597
v -0.434073 0.265404 0.932637
v -0.354700 0.265404 0.932637
v -0.354700 0.337336 0.932637
v -0.436553 0.337336 0.932637
v -0.357180 0.406787 0.930157
v -0.439034 0.406787 0.930157
v -0.845823 0.406787 -0.280287
v -0.858224 0.414229 -0.190993
v -0.843341 0.401827 -0.277807
v 0.188512 0.171148 0.873107
v 0.171149 0.163707 0.875587
v 0.146344 0.205874 0.878067
v 0.166187 0.213316 0.875587
v 0.679634 0.404307 0.910313
v 0.602741 0.406787 0.920234
v -0.890470 0.478720 0.830940
v -0.890470 0.476240 0.818537
v -0.890470 0.503524 0.818537
v -0.890470 0.503524 0.830940
v -0.726763 0.166187 -0.746606
v -0.741644 0.213316 -0.684595
v -0.754047 0.218276 -0.687075
v 0.729243 0.153784 -0.821018
v 0.749086 0.193471 -0.776370
v 0.756527 0.193471 -0.783811
v 0.736684 0.156266 -0.825979
v 0.912794 0.359660 -0.081854
v 0.907833 0.357180 -0.081854
v 0.801174 0.394386 0.907833
v 0.786293 0.416710 0.895431
v 0.793734 0.391905 0.895431
v -0.305091 0.034724 0.925196
v -0.317493 0.054569 0.930157
v -0.362141 0.039686 0.925196
v -0.354700 0.017363 0.920234
v 0.156266 0.255483 0.945039
v 0.124021 0.250521 0.940079
v -0.823499 0.347257 -0.528328
v -0.825979 0.344777 -0.523368
v -0.838381 0.354699 -0.481201
v 0.198433 0.124020 0.873107
v 0.195953 0.121540 0.878067
v 0.168668 0.161226 0.880548
v -0.104177 0.434073 0.940079
v -0.101697 0.431591 0.935117
v -0.089294 0.436553 0.935117
v -0.091776 0.441513 0.940079
v -0.922715 0.451436 0.892950
v -0.917754 0.448954 0.900392
v -0.917754 0.456396 0.902873
v -0.922715 0.458877 0.892950
v -0.091776 0.441513 0.880548
v -0.104177 0.434073 0.880548
v -0.116580 0.481200 0.880548
v -0.096736 0.486161 0.880548
v -0.880548 0.528328 0.892950
v -0.796214 0.543210 0.897911
v -0.873107 0.523367 0.845823
v -0.741644 0.091774 0.855744
v -0.778851 0.131461 0.855744
v -0.773890 0.136423 0.850783
v -0.739164 0.096736 0.850783
v 0.133943 0.329894 0.945039
v 0.136423 0.359660 0.945039
v 0.091776 0.352218 0.940079
v 0.094256 0.327414 0.940079
v 0.897911 0.349738 -0.295170
v 0.883028 0.352218 -0.453917
v 0.883028 0.362140 -0.456397
v 0.897911 0.372062 -0.297650
v -0.749086 0.089294 0.892950
v 0.850783 0.357180 -0.550653
v 0.865666 0.369581 -0.506004
v 0.870627 0.364620 -0.508486
v 0.858224 0.352218 -0.553133
v -0.409269 0.007440 0.917754
v -0.414230 0.029764 0.922716
v -0.468799 0.024803 0.920234
v -0.466319 0.004960 0.915274
v -0.853264 0.391905 0.855744
v -0.863186 0.416710 0.853264
v -0.845823 0.391905 0.850783
v -0.401827 0.560574 0.920234
v 0.729243 0.049607 -0.932637
v 0.706919 0.044647 -0.947520
v 0.701958 0.066970 -0.950000
v 0.721801 0.074411 -0.932637
v 0.689556 0.049607 -0.905353
v 0.684595 0.044647 -0.930157
v 0.597780 0.565534 0.922716
v 0.597780 0.585377 0.922716
v 0.853264 0.379503 -0.451436
v -0.729243 0.188511 -0.776370
v -0.751567 0.240600 -0.719321
v -0.890470 0.486161 0.530810
v -0.890470 0.476240 0.414230
v -0.801174 0.359660 -0.520887
v -0.808616 0.359660 -0.525848
v -0.821018 0.372062 -0.481201
v -0.811097 0.372062 -0.476240
v -0.917754 0.439033 0.416710
v -0.920234 0.448954 0.533290
v -0.917754 0.461357 0.414230
v -0.523368 0.017363 0.853264
v -0.575457 0.019843 0.850783
v -0.575457 0.034724 0.883029
v -0.523368 0.029764 0.885509
v 0.806136 0.166187 0.887990
v 0.798694 0.168667 0.853264
v 0.813577 0.208354 0.853264
v 0.821018 0.205874 0.887990
v 0.783812 0.448954 0.927676
v 0.912794 0.448954 0.900392
v 0.912794 0.456396 0.902873
v -0.833420 0.257963 0.897911
v -0.806136 0.262923 0.905353
v -0.811097 0.315013 0.905353
v -0.840861 0.312531 0.897911
v 0.768930 0.518407 0.922716
v 0.773890 0.513446 0.925196
v 0.783812 0.523367 0.922716
v 0.783812 0.528328 0.920234
v 0.223237 0.084333 0.875587
v 0.223237 0.084333 0.925196
v 0.195953 0.121540 0.927676
v -0.838381 0.359660 0.850783
v -0.151306 0.205874 0.878067
v -0.161227 0.488641 0.885509
v -0.203394 0.520887 0.887990
v -0.161227 0.488641 0.937597
v -0.478720 0.592819 0.935117
v -0.478720 0.602740 0.927676
v -0.525848 0.000000 0.860706
v -0.463838 0.000000 0.863186
v -0.466319 0.000000 0.910313
v -0.528329 0.000000 0.905353
v -0.887990 0.414229 -0.198433
v 0.104177 0.419190 0.885509
v 0.099217 0.434073 0.880548
v -0.756527 0.334856 0.902873
v -0.754047 0.401827 0.900392
v -0.803655 0.359660 0.895431
v -0.803655 0.315013 0.895431
v -0.515927 0.265404 0.927676
v -0.600261 0.265404 0.922716
v 0.773890 0.461357 0.927676
v -0.858224 0.352218 -0.186031
v -0.863186 0.347257 -0.186031
v -0.848303 0.337336 -0.275326
v -0.208354 0.468798 0.915274
v -0.235640 0.498563 0.915274
v -0.230679 0.501044 0.883029
v -0.200914 0.471278 0.880548
v 0.754047 0.538250 0.858224
v 0.759007 0.553133 0.900392
v 0.791253 0.543210 0.897911
v 0.783812 0.528328 0.855744
v -0.622584 0.029764 0.850783
v -0.654830 0.047127 0.850783
v -0.652350 0.059530 0.878067
v -0.620104 0.044647 0.880548
v 0.692037 0.049607 0.853264
v 0.739164 0.091774 0.850783
v -0.724281 0.086814 -0.840861
v -0.721801 0.111618 -0.838381
v -0.716840 0.099216 -0.863185
v -0.724281 0.074411 -0.863185
v -0.101697 0.431591 0.885509
v -0.089294 0.436553 0.885509
v -0.317493 0.059530 0.900392
v -0.282767 0.079373 0.902873
v -0.275326 0.066970 0.865666
v -0.312533 0.044647 0.863186
v 0.803655 0.265404 -0.644908
v 0.825979 0.302610 -0.585378
v 0.818537 0.310051 -0.582898
v 0.796214 0.272844 -0.644908
v -0.141384 0.483680 0.885509
v -0.141384 0.483680 0.935117
v 0.783812 0.220757 0.868146
v 0.736684 0.188511 0.875587
v 0.746606 0.265404 0.880548
v 0.793734 0.265404 0.868146
v 0.461357 0.029764 0.890470
v 0.406788 0.034724 0.892950
v 0.424151 0.188511 0.915274
v 0.506006 0.188511 0.910313
v -0.689556 0.528328 0.900392
v -0.694517 0.535770 0.915274
v 0.771410 0.243080 -0.716840
v 0.791253 0.292689 -0.654830
v 0.798694 0.295169 -0.662271
v 0.776370 0.245560 -0.724281
v -0.672193 0.188511 0.890470
v -0.679634 0.265404 0.892950
v 0.225718 0.086814 0.930157
v 0.257963 0.054569 0.922716
v 0.458877 0.002480 0.858224
v 0.401827 0.004960 0.865666
v 0.401827 0.007440 0.860706
v 0.625066 0.012401 0.853264
v 0.622584 0.017363 0.848303
v 0.659791 0.032244 0.845823
v 0.662271 0.029764 0.853264
v -0.694517 0.049607 0.858224
v -0.141384 0.295169 0.878067
v -0.136423 0.329894 0.878067
v -0.109139 0.389424 0.940079
v -0.106657 0.391905 0.935117
v -0.111619 0.406787 0.935117
v -0.114100 0.406787 0.940079
v 0.146344 0.329894 0.915274
v 0.131463 0.329894 0.878067
v 0.133943 0.359660 0.878067
v 0.146344 0.359660 0.915274
v 0.873107 0.414229 -0.198433
v 0.887990 0.434073 -0.086814
v 0.267886 0.188511 0.915274
v 0.200914 0.178590 0.910313
v 0.181070 0.218276 0.912794
v 0.245561 0.262923 0.917754
v 0.225718 0.501044 0.945039
v 0.275326 0.535770 0.942559
v 0.253003 0.553133 0.942559
v 0.200914 0.518407 0.942559
v 0.838381 0.327414 -0.607701
v 0.860704 0.347257 -0.550653
v 0.840861 0.322453 -0.605221
v -0.724281 0.119060 0.873107
v -0.756527 0.153784 0.870627
v -0.741644 0.188511 0.875587
v 0.600261 0.597780 0.912794
v 0.597780 0.597780 0.920234
v 0.062010 0.491122 0.945039
v 0.091776 0.486161 0.940079
v 0.094256 0.491122 0.935117
v 0.062010 0.496083 0.940079
v 0.726763 0.109137 0.902873
v 0.759007 0.146344 0.902873
v 0.754047 0.151304 0.895431
v 0.721801 0.114098 0.895431
v -0.885509 0.443994 0.416710
v -0.885509 0.434073 0.297650
v -0.885509 0.458877 0.295170
v -0.885509 0.468798 0.414230
v -0.662271 0.052087 0.912794
v -0.687076 0.069451 0.912794
v -0.731723 0.109137 0.910313
v -0.749086 0.091774 0.900392
v 0.895431 0.456396 0.163707
v 0.895431 0.466317 0.295170
v 0.907833 0.468798 0.295170
v 0.907833 0.456396 0.163707
v 0.917754 0.476240 0.840861
v 0.917754 0.478720 0.892950
v -0.806136 0.322453 -0.585378
v -0.714360 0.059530 -0.890470
v -0.704439 0.086814 -0.892950
v -0.689556 0.074411 -0.922715
v -0.699477 0.049607 -0.920234
v 0.396867 0.565534 0.940079
v 0.389426 0.587858 0.940079
v 0.300130 0.032244 0.865666
v 0.297650 0.029764 0.870627
v 0.257963 0.054569 0.873107
v 0.260444 0.057049 0.868146
v 0.895431 0.339817 -0.292690
v 0.905353 0.347257 -0.195953
v 0.897911 0.344777 -0.193473
v 0.887990 0.334856 -0.292690
v 0.907833 0.357180 -0.195953
v 0.754047 0.501044 0.917754
v 0.759007 0.501044 0.925196
v 0.763968 0.520887 0.915274
v 0.818537 0.208354 0.895431
v 0.803655 0.168667 0.895431
v 0.845823 0.391905 0.853264
v 0.840861 0.391905 0.848303
v 0.850783 0.416710 0.845823
v 0.858224 0.416710 0.850783
v 0.892950 0.478720 0.530810
v 0.892950 0.488641 0.649870
v -0.692037 0.533289 0.855744
v -0.726763 0.506004 0.853264
v 0.119060 0.248041 0.935117
v 0.143864 0.205874 0.932637
v 0.548173 0.585377 0.868146
v 0.548173 0.590338 0.875587
v 0.597780 0.587858 0.870627
v 0.597780 0.580417 0.863186
v -0.719321 0.071931 -0.843341
v -0.706919 0.071931 -0.833420
v -0.709400 0.096736 -0.818537
v -0.778851 0.513446 0.925196
v -0.788773 0.523367 0.922716
v -0.860704 0.334856 -0.277807
v -0.875587 0.344777 -0.188511
v -0.887990 0.344777 -0.190993
v -0.873107 0.334856 -0.280287
v 0.354700 0.555613 0.912794
v 0.352220 0.555613 0.885509
v 0.759007 0.146344 0.845823
v 0.751567 0.153784 0.868146
v 0.771410 0.186030 0.868146
v 0.781331 0.181070 0.845823
v 0.029766 0.496083 0.947520
v 0.029766 0.498563 0.942559
v 0.796214 0.240600 -0.731723
v 0.816057 0.292689 -0.667233
v 0.818537 0.285247 -0.669713
v 0.798694 0.230678 -0.734204
v -0.920234 0.503524 0.763969
v -0.915274 0.508484 0.763969
v -0.905353 0.498563 0.647389
v 0.163707 0.255483 0.932637
v 0.181070 0.215796 0.932637
v 0.245561 0.262923 0.930157
v 0.233160 0.332376 0.930157
v 0.895431 0.394386 0.300130
v 0.895431 0.404307 0.419190
v 0.892950 0.399347 0.300130
v -0.672193 0.066970 -0.945039
v -0.679634 0.044647 -0.942558
v 0.124021 0.250521 0.880548
v 0.148826 0.255483 0.878067
v 0.106657 0.290208 0.940079
v 0.101697 0.290208 0.935117
v 0.248041 0.106657 0.905353
v 0.238120 0.096736 0.868146
v 0.213316 0.131461 0.870627
v 0.223237 0.141383 0.907833
v 0.677154 0.079373 0.873107
v 0.721801 0.119060 0.870627
v -0.119060 0.486161 0.935117
v -0.116580 0.481200 0.940079
v -0.096736 0.486161 0.940079
v -0.099217 0.491122 0.935117
v -0.091776 0.352218 0.935117
v 0.225718 0.501044 0.883029
v 0.771410 0.136423 0.845823
v 0.773890 0.131461 0.850783
v 0.892950 0.443994 0.416710
v 0.892950 0.453916 0.533290
v 0.892950 0.468798 0.414230
v -0.652350 0.548171 0.902873
v -0.654830 0.555613 0.917754
v -0.915274 0.426631 0.652350
v -0.917754 0.436553 0.768930
v -0.920234 0.441513 0.768930
v -0.920234 0.431591 0.652350
v -0.736684 0.243080 -0.709400
v -0.731723 0.240600 -0.699477
v -0.253003 0.404307 0.927676
v -0.282767 0.533289 0.922716
v 0.111619 0.481200 0.880548
v -0.768930 0.456396 0.917754
v -0.811097 0.315013 0.848303
v -0.801174 0.315013 0.870627
v 0.763968 0.066970 -0.858224
v 0.768930 0.081853 -0.855744
v 0.759007 0.094256 -0.833420
v 0.751567 0.069451 -0.845822
v -0.838381 0.257963 0.890470
v -0.845823 0.312531 0.890470
v 0.892950 0.439033 0.652350
v 0.892950 0.461357 0.649870
v -0.699477 0.124020 -0.863185
v -0.687076 0.114098 -0.892950
v -0.870627 0.377023 -0.079373
v -0.858224 0.364620 -0.186031
v -0.858224 0.391905 -0.188511
v -0.870627 0.401827 -0.081854
v 0.771410 0.441513 0.895431
v 0.746606 0.468798 0.895431
v 0.649870 0.555613 0.917754
v 0.649870 0.575456 0.917754
v -0.761488 0.230678 -0.687075
v -0.781331 0.265404 -0.625065
v -0.811097 0.362140 0.905353
v 0.575457 0.002480 0.858224
v 0.575457 0.007440 0.850783
v -0.654830 0.577937 0.865666
v -0.659791 0.590338 0.907833
v 0.773890 0.116579 -0.830940
v 0.771410 0.126500 -0.816057
v 0.736684 0.146344 -0.850783
v 0.749086 0.156266 -0.828460
v 0.766449 0.148824 -0.828460
v 0.895431 0.476240 0.414230
v -0.692037 0.143863 -0.840861
v -0.701958 0.153784 -0.816057
v -0.362141 0.047127 0.917754
v -0.349739 0.188511 0.927676
v -0.429113 0.188511 0.927676
v -0.414230 0.037206 0.915274
v 0.724281 0.550651 0.860706
v 0.721801 0.545691 0.853264
v 0.689556 0.560574 0.855744
v 0.692037 0.565534 0.863186
v 0.781331 0.181070 0.902873
v 0.773890 0.183550 0.895431
v 0.783812 0.215796 -0.709400
v 0.773890 0.223237 -0.706919
v -0.761488 0.295169 -0.642428
v -0.768930 0.295169 -0.647388
v -0.791253 0.334856 -0.582898
v -0.783812 0.334856 -0.577937
v -0.674674 0.099216 -0.922715
v 0.865666 0.434073 0.843343
v 0.873107 0.431591 0.848303
v 0.431593 0.337336 0.917754
v 0.349739 0.337336 0.920234
v 0.920234 0.419190 0.535770
v 0.920234 0.406787 0.419190
v -0.401827 0.565534 0.940079
v -0.525848 0.024803 0.915274
v -0.525848 0.032244 0.907833
v -0.580417 0.027284 0.912794
v -0.002480 0.496083 0.950000
v -0.002480 0.501044 0.945039
v 0.300130 0.029764 0.920234
v 0.749086 0.401827 0.900392
v 0.719321 0.501044 0.897911
v 0.885509 0.456396 0.833420
v 0.887990 0.456396 0.821019
v -0.305091 0.032244 0.865666
v -0.265404 0.057049 0.868146
v -0.262924 0.054569 0.873107
v -0.667233 0.126500 -0.828460
v 0.029766 0.498563 0.892950
v -0.002480 0.501044 0.895431
v -0.682114 0.029764 -0.905353
v -0.696997 0.034724 -0.912794
v -0.684595 0.034724 -0.932637
v -0.672193 0.029764 -0.930157
v -0.878067 0.386944 0.049609
v -0.878067 0.414229 0.047127
v 0.920234 0.439033 0.652350
v 0.062010 0.491122 0.883029
v 0.062010 0.496083 0.887990
v 0.094256 0.491122 0.885509
v 0.091776 0.486161 0.880548
v 0.404308 0.019843 0.858224
v 0.461357 0.017363 0.855744
v -0.878067 0.391905 -0.287728
v -0.892950 0.404307 -0.198433
v -0.873107 0.401827 -0.287728
v -0.791253 0.218276 0.895431
v -0.741644 0.190991 0.900392
v -0.751567 0.265404 0.902873
v -0.798694 0.265404 0.895431
v 0.917754 0.451436 0.892950
v 0.917754 0.458877 0.892950
v 0.151306 0.295169 0.915274
v 0.136423 0.295169 0.878067
v -0.528329 0.002480 0.910313
v -0.585379 0.007440 0.907833
v -0.917942 0.519445 0.900096
v -0.788773 0.528328 0.920234
v -0.917754 0.523367 0.897911
v -0.801174 0.168667 0.855744
v -0.818537 0.208354 0.855744
v -0.813577 0.210834 0.850783
v -0.798694 0.171148 0.850783
v -0.002480 0.496083 0.890470
v 0.029766 0.496083 0.887990
v -0.607703 0.406787 0.900392
v -0.600261 0.558093 0.892950
v -0.555613 0.563054 0.897911
v -0.523368 0.406787 0.907833
v 0.902873 0.436553 0.768930
v 0.902873 0.426631 0.652350
v -0.887990 0.429111 0.535770
v -0.887990 0.439033 0.652350
v -0.887990 0.431591 0.652350
v -0.887990 0.421670 0.535770
v 0.344778 0.188511 0.915274
v 0.349739 0.265404 0.920234
v 0.429113 0.265404 0.920234
v -0.406788 0.007440 0.860706
v -0.463838 0.002480 0.858224
v -0.466319 0.017363 0.855744
v -0.409269 0.019843 0.858224
v -0.816057 0.357180 -0.528328
v -0.821018 0.352218 -0.530810
v -0.828460 0.369581 -0.483681
v 0.270366 0.066970 0.865666
v 0.277807 0.079373 0.902873
v -0.816057 0.372062 -0.419190
v -0.806136 0.367101 -0.471280
v -0.821018 0.379503 -0.421671
v 0.225718 0.086814 0.870627
v -0.652350 0.550651 0.860706
v -0.654830 0.572976 0.858224
v 0.895431 0.416710 0.535770
v 0.806136 0.295169 -0.664751
v 0.825979 0.334856 -0.602741
v 0.833420 0.332376 -0.605221
v -0.776370 0.441513 0.870627
v -0.791253 0.416710 0.870627
v 0.027284 0.453916 0.947520
v 0.057050 0.448954 0.945039
v 0.920234 0.448954 0.768930
v 0.902873 0.391905 0.300130
v 0.902873 0.404307 0.419190
v -0.647389 0.064490 -0.935117
v -0.644908 0.084333 -0.932637
v -0.644908 0.096736 -0.915274
v -0.644908 0.071931 -0.907833
v -0.176110 0.163707 0.935117
v -0.151306 0.205874 0.937597
v -0.066971 0.496083 0.887990
v -0.034726 0.498563 0.892950
v -0.034726 0.496083 0.887990
v -0.066971 0.491122 0.883029
v 0.759007 0.052087 -0.875587
v 0.744126 0.039686 -0.900391
v 0.749086 0.057049 -0.905353
v 0.763968 0.069451 -0.878067
v -0.600261 0.560574 0.865666
v -0.880548 0.446474 0.044647
v -0.878067 0.439033 0.044647
v -0.870627 0.426631 -0.084334
v -0.357180 0.029764 0.860706
v -0.352220 0.017363 0.863186
v -0.883028 0.369581 0.052089
v -0.900391 0.379503 0.168669
v -0.895431 0.369581 0.049609
v -0.920234 0.421670 0.535770
v -0.920234 0.439033 0.652350
v -0.920234 0.429111 0.535770
v -0.652350 0.086814 -0.942558
v -0.667233 0.086814 -0.940078
v -0.654830 0.109137 -0.920234
v 0.838381 0.359660 0.853264
v 0.830940 0.359660 0.848303
v -0.652350 0.042166 -0.930157
v -0.662271 0.042166 -0.945039
v -0.657310 0.062010 -0.950000
v -0.151306 0.359660 0.935117
v -0.146344 0.389424 0.945039
v -0.156266 0.386944 0.935117
v 0.091776 0.352218 0.880548
v 0.086814 0.352218 0.885509
v -0.176110 0.163707 0.875587
v -0.756527 0.473759 0.850783
v 0.885509 0.441513 0.838381
v 0.890470 0.439033 0.845823
v -0.156266 0.295169 0.915274
v -0.151306 0.329894 0.915274
v 0.696997 0.049607 0.897911
v 0.151306 0.295169 0.935117
v 0.143864 0.329894 0.935117
v 0.141384 0.295169 0.945039
v -0.806136 0.357180 -0.466318
v -0.724281 0.501044 0.878067
v -0.751567 0.468798 0.873107
v 0.203394 0.468798 0.930157
v 0.230679 0.498563 0.927676
v 0.195953 0.471278 0.945039
v 0.652350 0.047127 0.845823
v 0.649870 0.059530 0.875587
v 0.890470 0.377023 0.049609
v 0.892950 0.386944 0.168669
v 0.892950 0.396866 0.168669
v -0.922715 0.448954 0.843343
v 0.922715 0.404307 0.300130
v 0.920234 0.394386 0.300130
v -0.580417 0.002480 0.858224
v -0.630026 0.012401 0.858224
v -0.627546 0.017363 0.850783
v -0.580417 0.007440 0.853264
v -0.602741 0.587858 0.870627
v -0.602741 0.580417 0.863186
v 0.922715 0.426631 0.297650
v 0.922715 0.414229 0.166187
v -0.773890 0.518407 0.922716
v -0.525848 0.002480 0.855744
v -0.627546 0.037206 0.912794
v -0.634987 0.014882 0.905353
v -0.406788 0.004960 0.865666
v -0.409269 0.004960 0.912794
v 0.907833 0.478720 0.414230
v -0.128981 0.250521 0.940079
v -0.124021 0.248041 0.935117
v -0.111619 0.290208 0.940079
v 0.250523 0.555613 0.937597
v 0.292690 0.575456 0.937597
v 0.292690 0.572976 0.887990
v 0.094256 0.327414 0.880548
v -0.654830 0.575456 0.917754
v 0.548173 0.600260 0.925196
v -0.634987 0.012401 0.900392
v -0.684595 0.404307 0.910313
v -0.860704 0.391905 0.892950
v -0.873107 0.416710 0.892950
v -0.878067 0.377023 0.052089
v -0.887990 0.461357 0.649870
v -0.887990 0.453916 0.533290
v -0.887990 0.478720 0.530810
v -0.887990 0.488641 0.649870
v -0.890470 0.404307 0.419190
v -0.902873 0.404307 0.419190
v -0.900391 0.391905 0.300130
v -0.002480 0.453916 0.945039
v -0.032246 0.451436 0.942559
v -0.709400 0.133942 -0.838381
v -0.682114 0.138903 -0.863185
v -0.878067 0.431591 0.850783
v -0.917754 0.409268 0.300130
v -0.917754 0.419190 0.419190
v -0.917754 0.429111 0.297650
v 0.404308 0.007440 0.917754
v 0.461357 0.004960 0.915274
v 0.463838 0.024803 0.920234
v 0.409269 0.029764 0.922716
v -0.354700 0.265404 0.920234
v -0.354700 0.337336 0.920234
v -0.238120 0.332376 0.917754
v -0.250523 0.262923 0.917754
v -0.885509 0.419190 0.419190
v -0.768930 0.262923 -0.620104
v -0.793734 0.302610 -0.560574
v -0.783812 0.310051 -0.558094
v -0.801174 0.334856 -0.506004
v -0.811097 0.327414 -0.508486
v -0.786293 0.181070 0.905353
v -0.778851 0.183550 0.897911
v -0.798694 0.215796 0.905353
v -0.853264 0.359660 0.892950
v -0.843341 0.359660 0.855744
v -0.838381 0.312531 0.855744
v 0.892950 0.434073 0.297650
v 0.892950 0.458877 0.295170
v 0.679634 0.066970 -0.935117
v 0.424151 0.188511 0.927676
v 0.429113 0.265404 0.932637
v 0.349739 0.265404 0.932637
v 0.344778 0.188511 0.927676
v 0.143864 0.205874 0.883029
v 0.280287 0.081853 0.922716
v 0.267886 0.188511 0.927676
v 0.250523 0.106657 0.925196
v 0.892950 0.369581 0.049609
v 0.895431 0.381983 0.168669
v -0.649870 0.084333 -0.875587
v -0.659791 0.094256 -0.845822
v 0.915274 0.369581 -0.084334
v 0.897911 0.391905 -0.300130
v 0.880548 0.372062 -0.458877
v 0.315013 0.545691 0.912794
v 0.617624 0.044647 0.878067
v 0.590340 0.188511 0.902873
v 0.667233 0.188511 0.890470
v 0.151306 0.386944 0.935117
v 0.248041 0.404307 0.927676
v 0.163707 0.414229 0.932637
v -0.890470 0.448954 0.768930
v -0.890470 0.471278 0.766449
v -0.778851 0.322453 -0.563054
v -0.796214 0.347257 -0.508486
v -0.910313 0.406787 0.044647
v -0.915274 0.416710 0.166187
v -0.915274 0.439033 0.163707
v 0.248041 0.404307 0.915274
v 0.277807 0.533289 0.912794
v 0.389426 0.582897 0.880548
v 0.473760 0.585377 0.875587
v 0.793734 0.215796 0.902873
v -0.255483 0.555613 0.887990
v -0.297650 0.572976 0.887990
v -0.297650 0.575456 0.937597
v -0.892950 0.510965 0.816057
v -0.890470 0.513446 0.833420
v 0.359660 0.047127 0.917754
v 0.409269 0.037206 0.915274
v 0.781331 0.128981 0.887990
v -0.429113 0.188511 0.915274
v 0.843341 0.319973 -0.600261
v 0.860704 0.342297 -0.548173
v 0.699477 0.124020 -0.855744
v 0.714360 0.131461 -0.833420
v 0.714360 0.143863 -0.843341
v 0.701958 0.138903 -0.863185
v -0.833420 0.334856 -0.416710
v -0.823499 0.339817 -0.414230
v 0.689556 0.560574 0.915274
v 0.089294 0.327414 0.935117
v -0.585379 0.002480 0.902873
v 0.783812 0.173629 -0.791253
v 0.798694 0.223237 -0.734204
v 0.781331 0.161226 -0.796214
v -0.892950 0.352218 -0.193473
v -0.902873 0.364620 -0.081854
v -0.902873 0.374543 -0.084334
v -0.892950 0.362140 -0.193473
v 0.917754 0.448954 0.843343
v 0.917754 0.456396 0.843343
v 0.342297 0.577937 0.883029
v 0.518407 0.406787 0.925196
v 0.515927 0.337336 0.927676
v 0.773890 0.131461 -0.830940
v 0.349739 0.017363 0.920234
v 0.347259 0.014882 0.915274
v 0.404308 0.004960 0.912794
v -0.200914 0.471278 0.945039
v -0.208354 0.468798 0.930157
v -0.798694 0.215796 0.848303
v -0.806136 0.262923 0.848303
v -0.798694 0.265404 0.870627
v -0.788773 0.220757 0.870627
v 0.101697 0.391905 0.935117
v 0.106657 0.406787 0.935117
v 0.106657 0.406787 0.885509
v 0.875587 0.352218 -0.503524
v 0.873107 0.342297 -0.501044
v 0.203394 0.176109 0.930157
v 0.027284 0.451436 0.942559
v 0.057050 0.446474 0.940079
v 0.349739 0.337336 0.932637
v 0.352220 0.406787 0.930157
v 0.171149 0.443994 0.945039
v 0.158747 0.486161 0.942559
v 0.136423 0.478720 0.940079
v 0.813577 0.332376 -0.592820
v 0.830940 0.354699 -0.538250
v 0.818537 0.334856 -0.597780
v -0.922715 0.456396 0.843343
v -0.920234 0.448954 0.768930
v -0.763968 0.146344 0.907833
v -0.163707 0.486161 0.880548
v -0.141384 0.478720 0.880548
v 0.721801 0.106657 -0.828460
v 0.734204 0.126500 -0.808616
v 0.729243 0.143863 -0.811097
v -0.654830 0.590338 0.915274
v -0.694517 0.560574 0.915274
v -0.825979 0.337336 -0.518407
v 0.892950 0.431591 0.652350
v 0.890470 0.441513 0.768930
v 0.890470 0.448954 0.768930
v -0.922715 0.498563 0.840861
v -0.922715 0.501044 0.890470
v -0.922715 0.515926 0.890470
v -0.922715 0.510965 0.840861
v -0.721801 0.126500 -0.801174
v -0.724281 0.119060 -0.816057
v 0.892950 0.436553 0.768930
v 0.895431 0.426631 0.652350
v 0.580417 0.002480 0.900392
v -0.664752 0.029764 0.858224
v -0.689556 0.054569 0.850783
v -0.662271 0.032244 0.850783
v -0.883028 0.396866 0.168669
v 0.347259 0.014882 0.868146
v 0.915274 0.404307 0.419190
v 0.915274 0.391905 0.300130
v 0.875587 0.334856 -0.448955
v 0.868146 0.334856 -0.496083
v 0.883028 0.342297 -0.451436
v 0.099217 0.434073 0.940079
v 0.109139 0.421670 0.940079
v 0.111619 0.481200 0.940079
v -0.803655 0.305090 -0.565535
v -0.821018 0.327414 -0.513447
v -0.887990 0.357180 -0.079373
v -0.905353 0.369581 0.049609
v -0.897911 0.357180 -0.081854
v 0.109139 0.406787 0.940079
v 0.104177 0.419190 0.935117
v 0.119060 0.248041 0.885509
v 0.510966 0.265404 0.915274
v 0.515927 0.337336 0.912794
v 0.746606 0.089294 0.887990
v 0.778851 0.131461 0.895431
v 0.744126 0.091774 0.895431
v 0.751567 0.334856 0.878067
v 0.749086 0.401827 0.875587
v -0.262924 0.054569 0.922716
v 0.746606 0.186030 -0.768930
v 0.768930 0.238120 -0.709400
v 0.887990 0.359660 -0.081854
v -0.915274 0.416710 0.535770
v -0.912794 0.404307 0.419190
v -0.890470 0.498563 0.763969
v -0.892950 0.506004 0.763969
v 0.089294 0.327414 0.885509
v 0.086814 0.352218 0.935117
v -0.652350 0.047127 -0.902871
v 0.086814 0.441513 0.880548
v -0.890470 0.441513 0.838381
v -0.890470 0.456396 0.821019
v -0.205874 0.518407 0.883029
v -0.062010 0.446474 0.940079
v 0.821018 0.280287 -0.667233
v -0.892950 0.381983 -0.195953
v -0.878067 0.372062 -0.285248
v 0.761488 0.161226 -0.768930
v 0.751567 0.171148 -0.766448
v 0.357180 0.039686 0.925196
v 0.233160 0.332376 0.917754
v -0.825979 0.205874 0.890470
v -0.823499 0.208354 0.897911
v -0.761488 0.270364 -0.620104
v -0.756527 0.282767 -0.625065
v -0.466319 0.032244 0.912794
v 0.907833 0.381983 -0.198433
v 0.808616 0.210834 0.848303
v 0.793734 0.215796 0.845823
v 0.873107 0.334856 -0.292690
v 0.863186 0.334856 -0.446474
v 0.595300 0.558093 0.905353
v 0.647389 0.548171 0.902873
v 0.518407 0.029764 0.885509
v 0.518407 0.017363 0.853264
v 0.622584 0.037206 0.907833
v -0.205874 0.178590 0.910313
v -0.193473 0.171148 0.873107
v -0.917754 0.409268 0.419190
v 0.171149 0.443994 0.880548
v 0.195953 0.471278 0.880548
v -0.218277 0.131461 0.870627
v -0.203394 0.124020 0.873107
v -0.203394 0.124020 0.932637
v -0.910313 0.386944 0.047127
v -0.902873 0.394386 -0.086814
v 0.724281 0.146344 -0.848303
v 0.892950 0.446474 0.044647
v 0.905353 0.446474 0.042167
v -0.917754 0.451436 0.295170
v -0.066971 0.496083 0.940079
v -0.034726 0.498563 0.942559
v 0.520887 0.024803 0.915274
v 0.575457 0.027284 0.910313
v 0.572977 0.034724 0.902873
v 0.520887 0.032244 0.907833
v 0.890470 0.471278 0.766449
v -0.796214 0.543210 0.905353
v -0.763968 0.553133 0.900392
v 0.721801 0.141383 -0.870627
v 0.736684 0.190991 0.900392
v 0.746606 0.265404 0.902873
v 0.667233 0.190991 0.910313
v -0.682114 0.066970 0.850783
v -0.729243 0.109137 0.848303
v -0.679634 0.079373 0.875587
v -0.756527 0.334856 0.878067
v -0.754047 0.401827 0.875587
v -0.873107 0.515926 0.838381
v -0.910313 0.451436 0.163707
v -0.830940 0.315013 0.850783
v -0.883028 0.448954 0.163707
v -0.238120 0.332376 0.930157
v -0.890470 0.446474 0.821019
v -0.890470 0.456396 0.833420
v 0.339817 0.582897 0.887990
v 0.890470 0.441513 0.821019
v 0.887990 0.446474 0.821019
v -0.920234 0.491122 0.766449
v -0.883028 0.424150 0.166187
v 0.620104 0.044647 0.900392
v 0.181070 0.441513 0.932637
v -0.887990 0.431591 0.892950
v 0.595300 0.560574 0.865666
v 0.595300 0.558093 0.892950
v 0.548173 0.563054 0.870627
v 0.868146 0.416710 0.892950
v 0.883028 0.431591 0.892950
v 0.890470 0.518407 0.840861
v 0.897911 0.525847 0.892950
v 0.912794 0.523367 0.890470
v 0.550653 0.563054 0.910313
v 0.476240 0.565534 0.917754
v 0.434073 0.406787 0.930157
v 0.860704 0.401827 -0.297650
v 0.057050 0.446474 0.887990
v -0.895431 0.518407 0.840861
v 0.163707 0.257963 0.915274
v 0.915274 0.391905 -0.086814
v 0.907833 0.404307 -0.200914
v 0.915274 0.416710 -0.089294
v 0.396867 0.560574 0.920234
v -0.282767 0.533289 0.912794
v -0.280287 0.535770 0.885509
v 0.865666 0.523367 0.845823
v 0.875587 0.528328 0.892950
v 0.865666 0.515926 0.838381
v 0.885509 0.513446 0.833420
v -0.250523 0.262923 0.930157
v 0.761488 0.124020 -0.808616
v 0.744126 0.114098 -0.813577
v 0.731723 0.081853 -0.835900
v -0.709400 0.121540 -0.793734
v -0.208354 0.176109 0.930157
v -0.200914 0.173629 0.940079
v -0.912794 0.394386 0.300130
v -0.910313 0.381983 0.168669
v 0.813577 0.322453 -0.585378
v 0.791253 0.285247 -0.647388
v -0.823499 0.337336 -0.468799
v -0.813577 0.344777 -0.466318
v 0.917754 0.441513 0.042167
v -0.243081 0.096736 0.868146
v -0.230679 0.086814 0.870627
v 0.736684 0.066970 -0.843341
v -0.830940 0.379503 -0.426631
v 0.153786 0.386944 0.915274
v -0.349739 0.188511 0.915274
v -0.272846 0.188511 0.915274
v 0.729243 0.034724 -0.887990
v 0.711880 0.039686 -0.880548
v -0.255483 0.106657 0.925196
v -0.250523 0.101696 0.935117
v -0.225718 0.136423 0.937597
v -0.230679 0.138903 0.927676
v -0.744126 0.243080 -0.714360
v -0.272846 0.188511 0.927676
v 0.518407 0.002480 0.855744
v -0.684595 0.337336 0.912794
v -0.605221 0.337336 0.922716
v -0.158747 0.386944 0.915274
v -0.253003 0.404307 0.915274
v -0.253003 0.106657 0.905353
v 0.922715 0.461357 0.414230
v 0.922715 0.471278 0.530810
v 0.920234 0.404307 0.047127
v 0.724281 0.508484 0.915274
v 0.689556 0.535770 0.915274
v 0.721801 0.545691 0.915274
v 0.153786 0.416710 0.945039
v -0.679634 0.265404 0.912794
v -0.763968 0.501044 0.925196
v -0.768930 0.498563 0.927676
v 0.315013 0.545691 0.922716
v 0.354700 0.555613 0.922716
v -0.141384 0.478720 0.940079
v -0.163707 0.486161 0.942559
v 0.828460 0.257963 0.895431
v -0.917988 0.504358 0.899790
v -0.920234 0.458877 0.649870
v -0.553133 0.590338 0.875587
v -0.605221 0.597780 0.912794
v -0.553133 0.602740 0.917754
v -0.843341 0.377023 -0.429113
v -0.860704 0.406787 -0.285248
v -0.280287 0.074411 0.932637
v -0.265404 0.057049 0.927676
v -0.230679 0.086814 0.930157
v -0.151306 0.359660 0.915274
v -0.138903 0.359660 0.878067
v 0.245561 0.101696 0.935117
v -0.520887 0.337336 0.927676
v 0.114100 0.486161 0.935117
v 0.114100 0.486161 0.885509
v -0.280287 0.535770 0.942559
v -0.300130 0.570496 0.942559
v 0.848303 0.359660 0.890470
v 0.843341 0.359660 0.897911
v 0.835900 0.312531 0.897911
v -0.828460 0.257963 0.855744
v -0.756527 0.292689 -0.634987
v -0.778851 0.332376 -0.570496
v 0.751567 0.473759 0.850783
v 0.746606 0.468798 0.873107
v 0.855744 0.391905 0.892950
v 0.850783 0.391905 0.897911
v 0.915274 0.414229 0.535770
v 0.902873 0.414229 0.535770
v 0.751567 0.334856 0.902873
v 0.798694 0.315013 0.895431
v 0.798694 0.359660 0.895431
v 0.890470 0.498563 0.763969
v -0.319974 0.545691 0.912794
v -0.317493 0.548171 0.885509
v -0.910313 0.377023 0.047127
v 0.892950 0.409268 0.300130
v -0.657310 0.059530 0.902873
v 0.106657 0.290208 0.880548
v 0.096736 0.372062 0.940079
v 0.091776 0.372062 0.935117
v 0.816057 0.267884 -0.647388
v 0.711880 0.143863 -0.863185
v 0.865666 0.337336 -0.292690
v 0.878067 0.347257 -0.193473
v 0.860704 0.344777 -0.292690
v 0.741644 0.084333 -0.905353
v -0.892950 0.496083 0.647389
v 0.101697 0.290208 0.885509
v 0.674674 0.265404 0.892950
v -0.848303 0.359660 0.897911
v 0.389426 0.595300 0.935117
v 0.339817 0.587858 0.937597
v -0.148826 0.329894 0.935117
v 0.729243 0.565534 0.902873
v 0.786293 0.218276 0.895431
v 0.793734 0.265404 0.895431
v -0.099217 0.491122 0.885509
v -0.736684 0.181070 -0.744125
v 0.848303 0.364620 -0.446474
v 0.848303 0.374543 -0.448955
v 0.833420 0.332376 -0.533290
v 0.828460 0.344777 -0.533290
v -0.664752 0.032244 -0.900391
v -0.890470 0.441513 0.768930
v -0.892950 0.436553 0.768930
v -0.763968 0.481200 0.925196
v -0.768930 0.481200 0.927676
v 0.793734 0.391905 0.868146
v 0.801174 0.394386 0.845823
v 0.912794 0.523367 0.897911
v 0.912303 0.518191 0.900053
v -0.101697 0.372062 0.940079
v -0.096736 0.372062 0.935117
v -0.905353 0.436553 0.768930
v -0.719321 0.057049 -0.860704
v -0.823499 0.260443 0.850783
v -0.684595 0.337336 0.890470
v -0.605221 0.337336 0.902873
v -0.902873 0.525847 0.892950
v 0.900391 0.434073 -0.089294
v 0.912794 0.429111 -0.089294
v -0.915274 0.396866 0.168669
v -0.257963 0.553133 0.883029
v -0.146344 0.389424 0.878067
v 0.912831 0.503113 0.900697
v -0.709400 0.042166 -0.885508
v 0.781331 0.523367 0.845823
v -0.731723 0.233158 -0.689556
v -0.701958 0.052087 -0.850783
v 0.873107 0.359660 -0.506004
v 0.463838 0.032244 0.912794
v 0.086814 0.441513 0.940079
v 0.168668 0.161226 0.930157
v -0.922715 0.478720 0.892950
v -0.916387 0.478450 0.900456
v 0.699477 0.057049 -0.875587
v 0.595300 0.265404 0.905353
v -0.763968 0.146344 0.848303
v 0.548173 0.602740 0.917754
v 0.580417 0.007440 0.905353
v 0.523368 0.002480 0.910313
v -0.806136 0.394386 0.907833
v -0.855744 0.391905 0.900392
v -0.682114 0.076893 0.902873
v 0.136423 0.483680 0.935117
v -0.796214 0.357180 -0.515927
v 0.806136 0.315013 0.905353
v 0.801174 0.262923 0.902873
v -0.726763 0.114098 0.900392
v -0.672193 0.190991 0.910313
v -0.759007 0.151304 0.897911
v -0.689556 0.528328 0.883029
v 0.920234 0.429111 0.044647
v -0.692037 0.037206 -0.875587
v -0.838381 0.347257 -0.478720
v 0.347259 0.017363 0.863186
v -0.915274 0.386944 0.168669
v 0.843341 0.324934 -0.535770
v 0.793734 0.419190 0.845823
v -0.900391 0.443994 0.900392
v -0.833420 0.337336 -0.473760
v 0.163707 0.414229 0.915274
v -0.897911 0.510965 0.763969
v 0.696997 0.047127 0.890470
v -0.672193 0.104177 -0.821018
v 0.230679 0.498563 0.915274
v 0.198433 0.520887 0.937597
v 0.855744 0.334856 -0.493603
v -0.751567 0.265404 0.880548
v 0.840861 0.367101 -0.493603
v 0.776370 0.168667 -0.766448
v -0.679634 0.138903 -0.801174
v -0.701958 0.181070 -0.751567
v 0.920234 0.473759 0.414230
v 0.920234 0.483680 0.530810
v 0.778851 0.188511 -0.786293
v -0.892950 0.441513 0.821019
v 0.687076 0.064490 -0.950000
v 0.692037 0.044647 -0.945039
v -0.716840 0.148824 -0.816057
v -0.724281 0.133942 -0.816057
v 0.572977 0.034724 0.880548
v 0.572977 0.019843 0.848303
v 0.781331 0.533289 0.912794
v 0.751567 0.555613 0.910313
v 0.911722 0.479699 0.900664
v 0.620104 0.029764 0.845823
v -0.892950 0.446474 0.042167
v 0.104177 0.389424 0.940079
v -0.791253 0.416710 0.895431
v -0.776370 0.441513 0.895431
v 0.057050 0.448954 0.883029
v -0.920234 0.468798 0.766449
v -0.300130 0.568014 0.883029
v 0.786293 0.245560 -0.729243
v 0.156266 0.488641 0.937597
v 0.146344 0.359660 0.935117
v 0.141384 0.389424 0.945039
v -0.734204 0.220757 -0.684595
v -0.652350 0.548171 0.887990
v -0.359660 0.555613 0.912794
v 0.277807 0.533289 0.922716
v 0.389426 0.587858 0.885509
v 0.473760 0.590338 0.880548
v 0.803655 0.233158 -0.709400
v 0.823499 0.280287 -0.649870
v 0.796214 0.220757 -0.709400
v 0.751567 0.530809 0.850783
v 0.766449 0.193471 -0.786293
v 0.905353 0.414229 -0.200914
v -0.845823 0.334856 -0.421671
v -0.875587 0.359660 -0.079373
v 0.781331 0.439033 0.845823
v -0.759007 0.501044 0.917754
v -0.721801 0.141383 -0.783811
v 0.225718 0.138903 0.927676
v 0.873107 0.530809 0.900392
v 0.895431 0.525847 0.897911
v -0.885509 0.409268 0.419190
v -0.870627 0.364620 -0.079373
v -0.002480 0.456396 0.950000
v -0.922715 0.476240 0.840861
v 0.652350 0.577937 0.865666
v 0.679634 0.086814 -0.932637
v 0.684595 0.089294 -0.942558
v -0.096736 0.372062 0.885509
v -0.101697 0.372062 0.880548
v -0.109139 0.389424 0.880548
v -0.106657 0.391905 0.885509
v -0.917754 0.399347 0.300130
v -0.917754 0.523367 0.890470
v -0.478720 0.590338 0.880548
v 0.721801 0.568014 0.910313
v 0.763968 0.481200 0.927676
v 0.181070 0.441513 0.915274
v -0.230679 0.501044 0.945039
v -0.235640 0.498563 0.927676
v 0.684595 0.528328 0.900392
v -0.114100 0.421670 0.940079
v 0.473760 0.602740 0.927676
v 0.744126 0.049607 -0.863185
v 0.724281 0.052087 -0.858224
v 0.647389 0.550651 0.860706
v 0.649870 0.572976 0.858224
v -0.347259 0.582897 0.942559
v -0.344778 0.587858 0.937597
v -0.394387 0.595300 0.935117
v -0.394387 0.587858 0.940079
v 0.786293 0.416710 0.868146
v 0.895431 0.357180 -0.081854
v 0.885509 0.344777 -0.193473
v -0.783812 0.181070 0.848303
v -0.776370 0.186030 0.870627
v 0.890470 0.510965 0.816057
v 0.892950 0.506004 0.763969
v 0.806136 0.362140 0.905353
v 0.647389 0.548171 0.887990
v -0.659791 0.032244 -0.922715
v -0.917754 0.518407 0.840861
v 0.771410 0.441513 0.870627
v 0.431593 0.337336 0.932637
v -0.897911 0.515926 0.816057
v 0.315013 0.062010 0.920234
v 0.203394 0.468798 0.915274
v -0.719321 0.190991 -0.773890
v -0.362141 0.044647 0.897911
v -0.411750 0.034724 0.892950
v -0.900391 0.525847 0.897911
v -0.905353 0.441513 0.821019
v 0.920234 0.493603 0.647389
v -0.684595 0.404307 0.887990
v 0.714360 0.069451 -0.850783
v 0.704439 0.096736 -0.850783
v -0.228199 0.141383 0.907833
v -0.319974 0.062010 0.920234
v -0.466319 0.029764 0.890470
v 0.915274 0.443994 0.843343
v 0.902873 0.441513 0.821019
v -0.878067 0.530809 0.900392
v -0.119060 0.486161 0.885509
v -0.109139 0.419190 0.935117
v -0.344778 0.582897 0.887990
v -0.394387 0.587858 0.885509
v 0.791253 0.543210 0.905353
v -0.885509 0.409268 0.300130
v -0.798694 0.391905 0.895431
v 0.900391 0.510965 0.763969
v 0.895431 0.515926 0.816057
v -0.285248 0.081853 0.922716
v -0.843341 0.381983 -0.277807
v 0.763968 0.498563 0.927676
v 0.897911 0.441513 0.892950
v 0.912794 0.446474 0.892950
v 0.895431 0.443994 0.900392
v 0.786293 0.183550 -0.761488
v 0.696997 0.089294 -0.945039
v 0.793734 0.171148 0.845823
v 0.823499 0.282767 -0.657310
v -0.734204 0.171148 -0.761488
v 0.801174 0.228197 -0.721801
v 0.783812 0.171148 -0.776370
v -0.759007 0.228197 -0.704438
v 0.773890 0.143863 -0.796214
vn 0.9193 -0.3723 -0.1278
vn 0.8015 -0.5917 -0.0862
vn 0.8037 -0.5876 -0.0932
vn 0.8797 -0.4723 -0.0549
vn -0.0545 0.7184 -0.6935
vn -0.0551 0.7045 -0.7076
vn -0.3564 0.7391 -0.5716
vn -0.3858 0.7335 -0.5596
vn 0.3974 0.9161 0.0539
vn 0.3762 0.9261 0.0289
vn 0.4129 0.9079 0.0725
vn 0.4273 0.8996 0.0900
vn 0.2356 -0.8693 -0.4346
vn 0.1668 -0.8819 -0.4409
vn 0.1630 -0.8825 -0.4412
vn 0.2342 -0.8696 -0.4347
vn 0.7307 -0.6827 -0.0000
vn 0.8150 -0.5794 -0.0000
vn 0.8156 -0.5786 -0.0000
vn 0.7361 -0.6769 -0.0000
vn -0.9297 -0.3480 -0.1203
vn -0.9208 -0.3677 -0.1298
vn -0.9430 -0.2791 -0.1811
vn -0.9314 -0.3402 -0.1292
vn 0.9372 -0.3487 -0.0000
vn 0.9779 -0.2091 -0.0000
vn -0.8685 0.1723 -0.4647
vn -0.9845 -0.0568 -0.1659
vn -0.8790 0.1342 -0.4576
vn -0.8147 0.2404 -0.5278
vn -0.3715 -0.9284 -0.0000
vn -0.3559 -0.9345 -0.0000
vn -0.3571 -0.9341 -0.0000
vn 0.7051 -0.7051 0.0750
vn 0.7046 -0.7046 0.0848
vn 0.7046 -0.7046 0.0840
vn 0.4459 -0.8918 0.0759
vn -0.9993 0.0037 0.0383
vn -0.9999 0.0010 0.0103
vn -0.9999 0.0010 0.0105
vn -0.9993 0.0038 0.0385
vn -0.9949 -0.0051 -0.1010
vn -0.9915 0.0341 -0.1254
vn -0.9808 0.1416 -0.1345
vn -0.9930 -0.0077 -0.1180
vn 0.5504 -0.5616 0.6178
vn 0.5541 -0.5219 0.6485
vn 0.5935 -0.4387 0.6747
vn 0.2405 -0.6015 0.7618
vn -0.2740 -0.9230 0.2700
vn -0.2886 -0.9245 0.2491
vn -0.1764 -0.9412 0.2883
vn -0.1676 -0.9434 0.2861
vn -0.0141 -0.2370 0.9714
vn -0.0765 -0.2128 0.9741
vn -0.0784 -0.2078 0.9750
vn -0.0206 -0.2259 0.9739
vn 0.9999 0.0010 0.0159
vn 0.9999 0.0007 0.0109
vn 1.0000 0.0033 0.0050
vn 0.9960 0.0890 0.0062
vn 0.6274 -0.5912 0.5068
vn 0.6282 -0.5721 0.5272
vn 0.5827 -0.6629 0.4702
vn 0.5765 -0.6738 0.4623
vn 0.0773 -0.0866 0.9932
vn 0.0876 -0.0354 0.9955
vn 0.0593 -0.0370 0.9976
vn 0.0637 -0.0790 0.9948
vn 0.3604 0.8485 -0.3875
vn 0.3677 0.8479 -0.3819
vn 0.2103 0.8977 -0.3871
vn 0.2095 0.8967 -0.3900
vn 0.9999 -0.0000 0.0167
vn 0.9870 0.1608 0.0017
vn 1.0000 -0.0000 -0.0000
vn -0.8308 0.4063 -0.3804
vn -0.8663 0.3414 -0.3646
vn -0.8671 0.3285 -0.3745
vn -0.8306 0.4065 -0.3808
vn 0.0843 0.0164 -0.9963
vn 0.0922 -0.0439 -0.9948
vn 0.0447 -0.0332 -0.9984
vn 0.0347 0.0207 -0.9992
vn 0.9522 -0.1700 -0.2539
vn 0.9541 -0.1689 -0.2474
vn 0.9567 -0.1405 -0.2551
vn 0.9566 -0.1410 -0.2551
vn 0.1367 -0.0207 -0.9904
vn 0.1403 -0.0201 -0.9899
vn 0.1256 -0.0083 -0.9921
vn 0.1198 -0.0096 -0.9927
vn 0.1234 0.0894 -0.9883
vn 0.1362 0.0086 -0.9906
vn 0.0733 0.1052 -0.9917
vn -0.0608 -0.0872 0.9943
vn -0.0612 -0.0766 0.9952
vn -0.0743 -0.0755 0.9944
vn -0.0577 -0.0894 0.9943
vn -0.0000 -0.9961 0.0884
vn -0.0000 -0.9961 0.0885
vn -0.0000 -0.9956 0.0936
vn -0.7232 -0.4062 0.5586
vn -0.6760 -0.4371 0.5933
vn -0.7787 -0.3180 0.5408
vn -0.8071 -0.3228 0.4944
vn 0.6983 -0.1576 -0.6983
vn 0.7061 0.0559 -0.7059
vn 0.7064 0.0478 -0.7062
vn 0.6999 -0.1426 -0.6999
vn -0.1045 0.1275 0.9863
vn -0.1066 0.2411 0.9646
vn -0.1181 0.1979 0.9731
vn -0.1102 0.1000 0.9889
vn -0.3544 0.8679 -0.3480
vn -0.2952 0.8944 -0.3360
vn -0.2860 0.8345 -0.4710
vn -0.3521 0.8688 -0.3481
vn -0.0809 -0.0062 0.9967
vn -0.0776 -0.0032 0.9970
vn -0.1187 -0.0126 0.9928
vn -0.1232 -0.0142 0.9923
vn -0.0435 -0.9991 0.0023
vn -0.0435 -0.9990 0.0023
vn 0.0225 -0.9997 -0.0012
vn 0.0218 -0.9998 -0.0018
vn -0.6931 -0.3575 0.6260
vn -0.6872 -0.3435 0.6402
vn -0.6386 -0.4745 0.6058
vn -0.6455 -0.4953 0.5814
vn -0.1802 0.9445 -0.2746
vn -0.1127 0.9734 -0.1996
vn -0.1089 0.9709 -0.2133
vn -0.1968 0.9350 -0.2951
vn 0.7071 -0.0000 -0.7071
vn 0.8804 -0.1760 -0.4403
vn -0.6218 -0.5358 0.5711
vn -0.6259 -0.5364 0.5662
vn -0.1635 -0.0290 -0.9861
vn -0.1316 -0.0318 -0.9908
vn -0.1220 -0.0376 -0.9918
vn -0.1687 -0.0358 -0.9850
vn -0.7264 0.3232 0.6065
vn -0.7223 0.3087 0.6188
vn -0.8060 0.3188 0.4987
vn -0.8082 0.3343 0.4849
vn -1.0000 -0.0000 -0.0000
vn -0.7150 -0.5561 0.4237
vn -0.7203 -0.5561 0.4147
vn -0.8166 -0.4080 0.4083
vn -0.8078 -0.4232 0.4104
vn 0.0412 -0.1617 -0.9860
vn 0.1377 -0.0907 -0.9863
vn 0.0513 -0.0167 -0.9985
vn -0.0135 -0.0096 -0.9999
vn 0.3020 -0.9464 -0.1149
vn 0.2871 -0.9334 -0.2154
vn 0.2600 -0.9415 -0.2143
vn 0.2774 -0.9538 -0.1150
vn 0.0224 0.9908 -0.1333
vn 0.0230 0.9931 -0.1152
vn 0.0223 0.9934 -0.1123
vn 0.0234 0.9908 -0.1332
vn -0.6750 -0.7086 -0.2057
vn -0.6796 -0.6987 -0.2236
vn -0.5475 -0.8124 -0.2006
vn -0.5413 -0.8219 -0.1773
vn 0.3781 -0.5562 0.7401
vn 0.3907 -0.5712 0.7219
vn 0.5091 -0.5191 0.6866
vn 0.5175 -0.5175 0.6815
vn -0.9945 0.0199 0.1024
vn -0.9973 -0.0000 0.0736
vn -0.9975 0.0039 0.0711
vn -0.9943 0.0109 0.1059
vn 0.2552 0.7770 -0.5755
vn 0.3399 0.7192 -0.6060
vn 0.3193 0.7667 -0.5569
vn 0.3193 0.7668 -0.5569
vn 0.2202 0.8276 -0.5163
vn 0.2551 0.7770 -0.5754
vn 0.1309 -0.0282 0.9910
vn 0.1314 0.0134 0.9912
vn 0.0917 0.0130 0.9957
vn 0.2333 -0.9665 0.1071
vn -0.0000 -0.9964 0.0848
vn 0.0033 -0.9959 0.0905
vn 0.0234 -0.9949 0.0977
vn -0.5615 0.5783 -0.5918
vn -0.5544 0.5713 -0.6052
vn -0.4520 0.7114 -0.5382
vn -0.4675 0.7223 -0.5097
vn 0.9929 -0.1174 0.0170
vn 0.9924 -0.1222 0.0129
vn 0.9999 0.0012 0.0105
vn -0.0653 0.8090 -0.5842
vn -0.2146 0.6656 -0.7148
vn -0.2079 0.6695 -0.7132
vn -0.0730 0.8139 -0.5764
vn -0.1575 -0.1311 0.9788
vn -0.1313 -0.2262 0.9652
vn -0.1346 -0.2771 0.9514
vn -0.1711 -0.1467 0.9743
vn -0.9000 -0.3663 0.2364
vn -0.8894 -0.4474 0.0937
vn -0.8934 -0.4386 0.0972
vn -0.9026 -0.3611 0.2341
vn -0.6914 0.2657 -0.6719
vn -0.6863 0.2414 -0.6861
vn -0.7788 0.2950 -0.5535
vn -0.7901 0.3018 -0.5336
vn 0.2880 -0.8565 0.4283
vn 0.4340 -0.8094 0.3956
vn 0.4466 -0.8003 0.4001
vn 0.2956 -0.8544 0.4273
vn 0.9842 0.0011 0.1773
vn 0.9809 0.0410 0.1900
vn 0.9814 0.0415 0.1872
vn 0.9844 0.0087 0.1760
vn -0.8808 0.3625 -0.3047
vn -0.9175 0.3065 -0.2535
vn -0.8685 0.4215 -0.2608
vn -0.7674 0.5584 -0.3150
vn -0.2827 0.7520 -0.5954
vn -0.2528 0.7641 -0.5935
vn -0.2815 0.7411 -0.6096
vn 0.0820 0.0091 0.9966
vn 0.1008 0.0097 0.9949
vn 0.1045 0.1275 0.9863
vn 0.0805 0.0199 0.9966
vn -0.0723 0.1497 0.9861
vn -0.0249 0.0924 0.9954
vn -0.0469 0.1072 0.9931
vn -0.0878 0.2220 0.9711
vn -0.4716 -0.8326 0.2906
vn -0.4879 -0.8263 0.2813
vn -0.5654 -0.7139 0.4130
vn -0.5683 -0.7091 0.4173
vn -0.3702 0.9253 -0.0818
vn -0.3702 0.9253 -0.0826
vn -0.3702 0.9253 -0.0827
vn -0.3702 0.9254 -0.0817
vn 0.0150 -0.1163 -0.9931
vn 0.0488 -0.1266 -0.9908
vn 0.0464 -0.1263 -0.9909
vn 0.0044 -0.1131 -0.9936
vn 0.3503 -0.2866 0.8917
vn 0.3493 -0.2260 0.9094
vn 0.3441 -0.2320 0.9098
vn 0.3676 -0.2940 0.8823
vn -0.0551 -0.0411 -0.9976
vn -0.0054 -0.0342 -0.9994
vn -0.0528 -0.0400 -0.9978
vn -0.0817 -0.0435 -0.9957
vn 0.2351 -0.9720 0.0035
vn 0.4052 -0.9141 0.0136
vn 0.4044 -0.9144 0.0167
vn 0.2415 -0.9704 0.0019
vn -0.0612 0.0134 -0.9980
vn -0.0383 0.0082 -0.9992
vn -0.0279 0.0312 -0.9991
vn -0.0643 0.0221 -0.9977
vn -0.9231 0.3693 -0.1073
vn -0.9257 0.3702 -0.0780
vn -0.9257 0.3702 -0.0773
vn -0.9222 0.3718 -0.1060
vn -0.9776 -0.0511 -0.2043
vn -0.9844 -0.0413 -0.1708
vn -0.9842 -0.0232 -0.1757
vn -0.9773 -0.0508 -0.2056
vn -0.9181 0.0606 -0.3916
vn -0.9169 0.0636 -0.3940
vn -0.9397 -0.0600 -0.3368
vn -0.9434 -0.0758 -0.3229
vn -0.9948 0.0104 0.1014
vn -0.9944 0.0058 0.1051
vn -0.9947 0.0064 0.1028
vn -0.0000 -0.0000 -1.0000
vn 0.0144 -0.0133 0.9998
vn 0.0598 -0.0663 0.9960
vn 0.0572 -0.0641 0.9963
vn -0.0000 -0.0000 1.0000
vn 0.7199 0.4236 -0.5499
vn 0.6857 0.4756 -0.5511
vn 0.6897 0.4550 -0.5633
vn 0.7184 0.3818 -0.5816
vn -0.0927 0.0591 0.9939
vn -0.0618 0.0532 0.9967
vn -0.1016 0.0862 0.9911
vn -0.0972 0.1021 0.9900
vn -0.3699 0.9248 -0.0895
vn -0.3699 0.9248 -0.0894
vn -0.0306 -0.9611 0.2746
vn -0.0343 -0.9617 0.2720
vn 0.0125 -0.9615 0.2747
vn 0.0183 -0.9566 0.2908
vn 0.0551 -0.0411 -0.9976
vn 0.0817 -0.0435 -0.9957
vn 0.0528 -0.0400 -0.9978
vn 0.0054 -0.0342 -0.9994
vn 0.9802 0.1961 -0.0268
vn 0.9804 0.1961 -0.0174
vn 0.9951 0.0989 -0.0088
vn 0.9951 0.0975 -0.0191
vn -0.8163 0.3061 0.4898
vn -0.6981 0.1589 0.6981
vn -0.6976 0.1635 0.6976
vn -0.6963 0.1741 0.6963
vn 0.6178 -0.2615 -0.7416
vn 0.6812 -0.2679 -0.6813
vn 0.6803 -0.2551 -0.6871
vn 0.6151 -0.2593 -0.7446
vn -0.9822 0.1850 -0.0309
vn -0.9956 0.0925 -0.0131
vn -0.9799 0.1975 -0.0270
vn -0.9296 0.3651 -0.0501
vn 0.3712 0.8527 0.3675
vn 0.2101 0.9679 0.1382
vn 0.1761 0.9769 0.1212
vn 0.2843 0.9156 0.2843
vn -0.2920 0.5719 0.7666
vn -0.3797 0.5216 0.7641
vn -0.3759 0.5179 0.7684
vn -0.2912 0.5764 0.7635
vn 0.0060 0.9969 -0.0787
vn 0.1955 0.9772 -0.0828
vn 0.1898 0.9783 -0.0827
vn 0.0005 0.9969 -0.0784
vn 0.9923 -0.1226 -0.0184
vn 0.9924 -0.1231 0.0010
vn 0.9701 -0.2426 0.0108
vn 0.9698 -0.2439 -0.0061
vn 0.4756 0.6684 0.5718
vn 0.4781 0.6664 0.5721
vn 0.4112 0.7165 0.5636
vn 0.3962 0.7179 0.5723
vn -0.9993 0.0017 0.0380
vn -0.9974 0.0068 0.0715
vn -0.9974 0.0072 0.0718
vn 0.0504 -0.0765 -0.9958
vn 0.0498 -0.0537 -0.9973
vn 0.0291 -0.0997 -0.9946
vn 0.0251 -0.1013 -0.9945
vn 0.9434 -0.0758 -0.3229
vn 0.9205 -0.2092 -0.3301
vn 0.9211 -0.2065 -0.3300
vn 0.9397 -0.0601 -0.3368
vn -0.9566 -0.1435 0.2537
vn -0.9065 -0.1321 0.4009
vn -0.9340 -0.0543 0.3530
vn -0.9832 -0.0291 0.1802
vn 0.7045 -0.7046 0.0847
vn 0.7054 -0.7054 0.0689
vn 0.7054 -0.7054 0.0697
vn 0.7078 -0.7012 0.0852
vn 0.0782 -0.1308 -0.9883
vn 0.1079 -0.1098 -0.9881
vn 0.1072 -0.1121 -0.9879
vn 0.0748 -0.1327 -0.9883
vn 0.6754 -0.5923 0.4393
vn 0.6879 -0.5781 0.4389
vn 0.5541 -0.5220 0.6485
vn -0.4658 0.6761 -0.5709
vn -0.4668 0.6753 -0.5710
vn -0.3963 0.7265 -0.5613
vn -0.3842 0.7346 -0.5593
vn 0.1971 0.9614 -0.1920
vn 0.3658 0.9147 -0.1718
vn 0.3626 0.9162 -0.1707
vn 0.1911 0.9616 -0.1970
vn 0.1190 -0.0119 0.9928
vn 0.1257 -0.0228 0.9918
vn 0.1173 0.0098 0.9931
vn 0.1183 0.0212 0.9928
vn -0.0000 -0.8945 -0.4471
vn -0.1668 -0.8819 -0.4409
vn -0.1630 -0.8825 -0.4412
vn 0.1555 -0.1633 0.9742
vn 0.1711 -0.1466 0.9743
vn 0.1346 -0.2771 0.9514
vn 0.1424 -0.2335 0.9619
vn -0.1198 -0.9887 0.0899
vn -0.0953 -0.9779 0.1861
vn -0.0626 -0.9777 0.2006
vn -0.4773 -0.8751 0.0795
vn 0.8493 -0.5280 -0.0000
vn 0.8683 -0.4960 -0.0000
vn 0.8679 -0.4967 -0.0000
vn 0.8509 -0.5254 -0.0000
vn -0.0243 0.9890 -0.1460
vn -0.0212 0.9918 -0.1263
vn -0.0210 0.9918 -0.1259
vn -0.0296 0.9887 -0.1470
vn 0.0907 -0.9959 -0.0000
vn 0.0874 -0.9962 -0.0018
vn 0.0115 -0.9999 -0.0000
vn 0.0167 -0.9999 0.0003
vn -0.1304 -0.1574 0.9789
vn -0.1367 -0.1480 0.9795
vn -0.1372 -0.1462 0.9797
vn -0.1303 -0.1561 0.9791
vn 0.7035 0.7035 -0.1011
vn 0.7034 0.7034 -0.1020
vn 0.7026 0.7025 -0.1133
vn 0.9487 0.3161 -0.0051
vn 0.9801 0.1986 -0.0073
vn -0.0929 -0.0508 -0.9944
vn -0.1043 -0.0473 -0.9934
vn -0.1008 0.0097 0.9949
vn -0.0994 -0.0000 0.9950
vn -0.3844 0.9199 0.0778
vn -0.3681 0.9280 0.0573
vn -0.3620 0.9307 0.0518
vn -0.2843 0.9156 0.2843
vn -0.3712 0.8527 0.3675
vn -0.4082 0.8165 0.4082
vn 0.6583 0.7008 -0.2749
vn 0.6544 0.7027 -0.2792
vn 0.6974 0.6738 -0.2441
vn 0.7031 0.6683 -0.2431
vn -0.1941 0.9774 -0.0833
vn -0.1635 0.9814 -0.1006
vn -0.1646 0.9812 -0.1006
vn -0.1954 0.9772 -0.0832
vn -0.8641 0.1992 -0.4623
vn -0.8612 0.2048 -0.4652
vn 0.8180 0.5487 -0.1728
vn 0.8158 0.5524 -0.1711
vn 0.8171 0.5571 -0.1486
vn 0.8914 0.3797 0.2477
vn 0.9000 0.3722 0.2268
vn 0.9300 0.3487 0.1162
vn -0.2821 -0.9374 0.2043
vn -0.3111 -0.9331 0.1805
vn -0.1960 -0.9803 0.0227
vn -0.1843 -0.9828 -0.0112
vn -0.8656 -0.4254 -0.2642
vn -0.7742 -0.5821 -0.2486
vn -0.7761 -0.5757 -0.2573
vn -0.8586 -0.4319 -0.2762
vn -0.1402 -0.1318 0.9813
vn -0.1423 -0.1323 0.9809
vn -0.0308 -0.0340 0.9989
vn 0.0109 -0.0320 0.9994
vn 0.0115 0.0186 0.9998
vn -0.0296 0.0166 0.9994
vn 0.0092 0.0450 0.9989
vn -0.0294 0.0496 0.9983
vn 0.8773 0.4746 0.0713
vn 0.8802 0.4697 0.0680
vn 0.8798 0.4711 0.0626
vn 0.8757 0.4773 0.0730
vn -0.1314 -0.0188 -0.9912
vn -0.1341 -0.0222 -0.9907
vn -0.1231 -0.0075 -0.9924
vn -0.1191 -0.0028 -0.9929
vn 0.1359 0.0556 0.9892
vn 0.0927 0.0591 0.9939
vn 0.9994 0.0085 -0.0341
vn -0.3833 -0.7646 0.5181
vn -0.3676 -0.7531 0.5457
vn -0.4061 -0.7825 0.4719
vn -0.4044 -0.7899 0.4610
vn -0.5171 0.7471 -0.4177
vn -0.4741 0.7420 -0.4741
vn -0.3181 0.7685 -0.5552
vn -0.5234 0.7459 -0.4119
vn 0.4461 -0.8924 0.0676
vn 0.4464 -0.8924 0.0662
vn 0.4464 -0.8924 0.0663
vn 0.4438 -0.8936 0.0678
vn -0.8250 -0.2196 0.5207
vn -0.8083 -0.3618 0.4644
vn -0.7973 -0.3725 0.4750
vn -0.8154 -0.1990 0.5436
vn 0.0206 -0.2259 0.9739
vn 0.0141 -0.2370 0.9714
vn -0.0123 -0.2249 0.9743
vn -0.0123 -0.2208 0.9752
vn -0.1361 -0.0889 0.9867
vn -0.1405 -0.0852 0.9864
vn -0.9042 0.2410 -0.3527
vn -0.9124 0.2347 -0.3352
vn -0.9065 0.3081 -0.2888
vn -0.6875 -0.4510 -0.5692
vn -0.6870 -0.4516 -0.5693
vn -0.7153 -0.4125 -0.5640
vn -0.7202 -0.4115 -0.5585
vn 0.3114 -0.7784 0.5450
vn 0.2124 -0.6359 0.7419
vn 0.2365 -0.6255 0.7435
vn 0.3436 -0.5727 0.7443
vn -0.8794 -0.0643 0.4718
vn -0.8452 -0.1690 0.5070
vn -0.8784 -0.0042 0.4779
vn -0.8726 0.0450 0.4864
vn 0.0338 0.0038 -0.9994
vn 0.0431 0.0050 -0.9991
vn -0.1426 0.9252 -0.3517
vn -0.1996 0.9140 -0.3533
vn -0.2176 0.9077 -0.3588
vn -0.0453 0.9927 -0.1116
vn -0.1047 0.9855 -0.1332
vn -0.1006 0.9740 -0.2029
vn -0.4643 -0.4930 -0.7358
vn -0.4447 -0.3706 -0.8154
vn -0.4538 -0.3681 -0.8115
vn -0.4855 -0.4878 -0.7255
vn -0.1190 -0.0119 0.9928
vn -0.1183 0.0212 0.9928
vn -0.1173 0.0098 0.9931
vn -0.1257 -0.0228 0.9918
vn 0.9857 -0.1409 -0.0922
vn 0.9914 -0.0340 -0.1261
vn 0.9845 0.0858 -0.1528
vn 0.9950 -0.0093 -0.0991
vn -0.6839 -0.7054 -0.1864
vn -0.7711 -0.5971 -0.2210
vn -0.7762 -0.5958 -0.2062
vn -0.6828 -0.7072 -0.1837
vn 0.2923 0.8669 -0.4039
vn 0.6039 0.7379 -0.3014
vn 0.5742 0.7509 -0.3263
vn 0.4042 0.8099 -0.4250
vn -0.0146 -0.2226 0.9748
vn -0.0149 -0.2202 0.9754
vn -0.0578 -0.2461 0.9675
vn -0.0549 -0.2438 0.9683
vn -0.5472 -0.2684 -0.7928
vn -0.6666 -0.3333 -0.6667
vn -0.6424 -0.3352 -0.6892
vn -0.5500 -0.2397 -0.8000
vn -0.0322 0.0615 0.9976
vn -0.0637 0.0705 0.9955
vn 0.6779 0.1730 -0.7145
vn 0.5499 0.0295 -0.8347
vn 0.5754 0.1918 -0.7951
vn 0.6579 0.2896 -0.6952
vn -0.8249 -0.4969 0.2696
vn -0.7761 -0.5250 0.3493
vn -0.8699 -0.3722 0.3237
vn -0.9134 -0.3408 0.2226
vn 0.0994 -0.0000 0.9950
vn 0.1102 0.1000 0.9889
vn -0.2132 0.9686 -0.1280
vn -0.2098 0.9690 -0.1308
vn -0.7500 0.3186 -0.5797
vn -0.7548 0.3303 -0.5668
vn 0.1954 0.9774 -0.0803
vn 0.1954 0.9774 -0.0811
vn 0.1954 0.9774 -0.0802
vn 0.1771 0.9464 -0.2700
vn 0.1927 0.9377 -0.2890
vn 0.0977 0.9768 -0.1907
vn 0.0866 0.9811 -0.1732
vn -0.9999 -0.0012 -0.0105
vn -0.9999 -0.0012 -0.0106
vn -0.9948 0.1012 -0.0141
vn 0.0534 0.9274 -0.3702
vn 0.1330 0.8962 -0.4233
vn 0.1505 0.9026 -0.4034
vn 0.0618 0.9332 -0.3541
vn 0.8697 -0.4429 -0.2180
vn 0.8685 -0.4469 -0.2147
vn 0.9381 -0.2673 -0.2201
vn 0.9353 -0.2713 -0.2269
vn 0.1968 -0.3100 0.9301
vn 0.1968 -0.3101 0.9301
vn -0.2533 -0.0392 0.9666
vn -0.2598 -0.0362 0.9650
vn -0.2441 -0.0148 0.9696
vn -0.2305 -0.0226 0.9728
vn -0.1664 0.3168 0.9338
vn -0.1764 0.3073 0.9351
vn -0.1411 0.4233 0.8950
vn -0.1475 0.4425 0.8845
vn -0.7307 -0.6827 -0.0000
vn -0.7361 -0.6769 -0.0000
vn -0.8156 -0.5786 -0.0000
vn -0.8150 -0.5794 -0.0000
vn -0.0813 -0.0080 -0.9967
vn -0.0326 -0.0469 -0.9984
vn -0.0682 0.0105 -0.9976
vn -0.0949 0.0029 -0.9955
vn 0.1191 -0.0028 -0.9929
vn 0.0954 -0.0065 -0.9954
vn 0.0987 -0.0191 -0.9949
vn 0.1231 -0.0075 -0.9924
vn 0.6075 0.7944 -0.0000
vn 0.5818 0.8134 -0.0000
vn 0.5814 0.8136 -0.0000
vn -0.0278 0.5998 0.7997
vn -0.0303 0.5982 0.8008
vn -0.0466 0.5994 0.7991
vn -0.0805 0.0199 0.9966
vn -0.0225 -0.9997 -0.0012
vn 0.0435 -0.9990 0.0023
vn 0.0435 -0.9991 0.0023
vn -0.0221 -0.9998 -0.0018
vn -0.3361 0.9261 -0.1716
vn -0.3451 0.9287 -0.1359
vn -0.3455 0.9292 -0.1312
vn -0.3365 0.9262 -0.1697
vn -0.5934 -0.3897 -0.7042
vn -0.5726 -0.3435 -0.7444
vn -0.6248 -0.4689 -0.6243
vn -0.6388 -0.5110 -0.5751
vn -0.1430 0.0119 0.9897
vn -0.1284 0.0536 0.9903
vn -0.1375 0.0207 0.9903
vn -0.1522 -0.0092 0.9883
vn -0.0593 -0.0370 0.9976
vn -0.0876 -0.0354 0.9955
vn -0.3503 -0.2866 0.8917
vn -0.3676 -0.2941 0.8823
vn -0.3442 -0.2320 0.9098
vn -0.3494 -0.2260 0.9093
vn 0.8177 -0.5507 0.1676
vn 0.6969 -0.6971 0.1683
vn 0.7011 -0.6927 0.1689
vn 0.8190 -0.5480 0.1700
vn -0.7342 -0.6504 -0.1948
vn -0.6528 -0.7417 -0.1539
vn -0.6523 -0.7394 -0.1667
vn -0.7209 -0.6587 -0.2155
vn 0.2964 0.8874 -0.3530
vn 0.2958 0.8894 -0.3487
vn 0.1996 0.9140 -0.3533
vn 0.2176 0.9077 -0.3588
vn 0.2965 0.8470 -0.4411
vn 0.4881 0.7738 -0.4037
vn 0.4978 0.7684 -0.4021
vn 0.3043 0.8460 -0.4378
vn 0.4400 -0.5811 -0.6846
vn 0.4411 -0.5827 -0.6826
vn 0.4854 -0.4878 -0.7255
vn 0.4688 -0.4962 -0.7308
vn -0.9636 0.1816 -0.1960
vn -0.9796 0.1007 -0.1740
vn -0.9569 0.2062 -0.2044
vn -0.9459 0.2837 -0.1576
vn 0.3714 -0.9285 -0.0000
vn 0.3571 -0.9341 -0.0000
vn 0.3559 -0.9345 -0.0000
vn -0.3677 0.8479 -0.3819
vn -0.5381 0.7621 -0.3602
vn -0.5320 0.7631 -0.3669
vn -0.3604 0.8485 -0.3875
vn -0.5680 -0.5760 0.5879
vn -0.4900 -0.6809 0.5443
vn -0.5155 -0.6809 0.5202
vn -0.5660 -0.5813 0.5846
vn 0.2425 0.9701 -0.0000
vn -0.2250 0.0763 -0.9714
vn -0.2032 0.0957 -0.9744
vn -0.2078 0.0296 -0.9777
vn -0.2459 0.0224 -0.9690
vn -0.0594 0.1461 -0.9875
vn -0.0495 0.1490 -0.9876
vn -0.0325 0.1005 -0.9944
vn -0.0754 0.1076 -0.9913
vn 0.4576 -0.7301 0.5075
vn 0.4546 -0.7307 0.5094
vn -0.7128 0.6484 -0.2674
vn -0.5819 0.7431 -0.3304
vn -0.5910 0.7323 -0.3383
vn -0.7176 0.6446 -0.2635
vn 0.1784 0.0791 -0.9808
vn 0.1671 0.0180 -0.9858
vn -0.4434 -0.6931 0.5683
vn -0.5800 -0.5746 0.5774
vn -0.5744 -0.5802 0.5774
vn -0.4466 -0.6866 0.5738
vn -0.0573 -0.8930 -0.4463
vn -0.0581 -0.8931 -0.4461
vn -0.1380 -0.8859 -0.4429
vn -0.1390 -0.8857 -0.4429
vn 0.1353 -0.6658 -0.7337
vn 0.1367 -0.6751 -0.7249
vn 0.2059 -0.6384 -0.7416
vn 0.4835 -0.7693 -0.4176
vn 0.4817 -0.7706 -0.4174
vn 0.3867 -0.8285 -0.4050
vn -0.6004 -0.7815 -0.1695
vn -0.5972 -0.7835 -0.1717
vn 0.0758 -0.0215 -0.9969
vn 0.0638 -0.0041 -0.9980
vn 0.0686 -0.0113 -0.9976
vn 0.0807 -0.0279 -0.9963
vn 0.7900 0.3018 0.5337
vn 0.7787 0.2951 0.5537
vn 0.8551 0.2517 0.4532
vn 0.8666 0.2476 0.4333
vn 0.9334 0.0513 -0.3550
vn 0.9282 0.0266 -0.3712
vn 0.9340 -0.1358 -0.3304
vn 0.9398 -0.1248 -0.3182
vn -0.7105 0.7036 -0.0131
vn -0.8320 0.5547 -0.0027
vn -0.8299 0.5579 -0.0066
vn -0.7071 0.7069 -0.0174
vn 0.0229 0.0762 -0.9968
vn 0.0594 0.0957 -0.9936
vn 0.0401 0.0701 -0.9967
vn 0.0269 0.0282 -0.9992
vn -0.0421 0.0613 0.9972
vn 0.0099 0.0128 0.9999
vn 0.0042 0.0284 0.9996
vn -0.0507 0.0638 0.9967
vn 0.8730 0.2303 -0.4299
vn 0.8885 0.2526 -0.3832
vn 0.8935 0.2580 -0.3675
vn 0.8939 0.1881 -0.4068
vn 0.1753 0.1039 -0.9790
vn 0.1488 0.0770 -0.9859
vn 0.1716 0.0755 -0.9823
vn 0.1096 0.9933 0.0365
vn 0.0843 0.9960 0.0300
vn 0.1885 0.6905 0.6984
vn 0.2012 0.6406 0.7410
vn 0.1899 0.6492 0.7365
vn 0.1883 0.6944 0.6945
vn -0.5071 0.5218 0.6860
vn -0.5843 0.4347 0.6853
vn -0.5927 0.4296 0.6813
vn -0.5034 0.5183 0.6913
vn 0.9999 0.0011 0.0105
vn 1.0000 0.0009 0.0094
vn 1.0000 0.0009 0.0095
vn 0.9999 0.0010 0.0104
vn -0.1632 -0.2660 0.9501
vn -0.1426 -0.2574 0.9557
vn -0.2685 -0.2697 0.9247
vn -0.2868 -0.2751 0.9177
vn -0.2953 -0.2386 0.9251
vn -0.2913 -0.2362 0.9270
vn -0.0059 0.9961 -0.0879
vn -0.1956 0.9776 -0.0776
vn -0.1898 0.9787 -0.0783
vn -0.0005 0.9961 -0.0885
vn 0.9999 0.0010 0.0172
vn -0.9208 0.1238 -0.3699
vn -0.8801 0.2334 -0.4134
vn -0.8334 0.2647 -0.4852
vn -0.7865 0.3576 -0.5036
vn -0.7469 0.3237 -0.5808
vn -0.7784 0.2418 -0.5794
vn 0.0334 0.0099 0.9994
vn 0.0348 -0.0062 0.9994
vn -0.3588 -0.7508 -0.5547
vn -0.3873 -0.7353 -0.5562
vn -0.5128 -0.6374 -0.5751
vn -0.5049 -0.6442 -0.5745
vn 0.5494 -0.8355 -0.0116
vn 0.3337 -0.9411 0.0543
vn 0.3399 -0.9387 0.0584
vn 0.5580 -0.8297 -0.0171
vn 0.9683 -0.2427 -0.0592
vn 0.9627 -0.2570 -0.0852
vn 0.9894 -0.1274 -0.0696
vn -0.7170 0.4666 0.5178
vn -0.7276 0.4851 0.4850
vn -0.6968 0.4341 0.5711
vn -0.6857 0.4174 0.5963
vn 0.8078 -0.4232 0.4104
vn 0.8840 -0.2669 0.3837
vn 0.8926 -0.2442 0.3790
vn 0.8166 -0.4080 0.4083
vn 0.6693 -0.2604 -0.6959
vn 0.6750 -0.2378 -0.6984
vn 0.5213 -0.4042 -0.7516
vn 0.4806 -0.4475 -0.7542
vn -1.0000 -0.0000 -0.0058
vn -0.9476 0.3160 -0.0471
vn -0.9480 0.3161 -0.0375
vn -0.9480 0.3161 -0.0363
vn 0.0898 0.0062 -0.9959
vn 0.0798 -0.0000 -0.9968
vn 0.0760 0.0017 -0.9971
vn 0.0962 -0.0105 -0.9953
vn -0.5794 -0.3311 0.7448
vn -0.6023 -0.2941 0.7422
vn -0.5994 -0.2921 0.7453
vn -0.7829 -0.4836 0.3915
vn -0.7806 -0.4817 0.3983
vn -0.0323 0.8243 -0.5652
vn -0.0355 0.8282 -0.5593
vn 0.0282 0.7149 -0.6986
vn 0.0352 0.7134 -0.6999
vn -0.5461 -0.5599 0.6231
vn -0.5282 -0.5496 0.6472
vn -0.6323 -0.4066 0.6595
vn -0.7063 -0.3389 0.6215
vn -0.1545 0.0612 0.9861
vn -0.0658 0.0442 0.9969
vn -0.1729 0.0608 0.9831
vn -0.1810 0.0611 0.9816
vn 0.0874 -0.9940 0.0660
vn 0.0721 -0.9900 0.1216
vn -0.0218 -0.9938 0.1088
vn -0.0106 -0.9985 0.0529
vn 0.1752 -0.9844 -0.0140
vn 0.1677 -0.9853 -0.0325
vn -0.7255 0.5397 -0.4271
vn -0.7371 0.5336 -0.4147
vn -0.8070 0.3934 -0.4404
vn -0.8035 0.3955 -0.4450
vn 0.1611 0.6978 0.6979
vn 0.1026 0.8897 0.4448
vn 0.0717 0.8922 0.4460
vn 0.0655 0.8925 0.4462
vn 0.7812 0.3302 -0.5298
vn 0.7330 0.4220 -0.5334
vn 0.8021 0.3252 -0.5009
vn 0.8791 0.1787 -0.4418
vn -0.8499 0.2605 -0.4580
vn -0.7779 0.4297 -0.4584
vn -0.7051 0.7051 -0.0750
vn -0.7091 0.6990 -0.0925
vn -0.7039 0.7039 -0.0952
vn -0.1488 0.9823 -0.1140
vn -0.3594 0.9280 -0.0982
vn -0.3696 0.9240 -0.0980
vn 0.0459 -0.0065 0.9989
vn 0.0401 -0.0089 0.9992
vn 0.0108 -0.0124 0.9999
vn 0.0221 0.0097 0.9997
vn -0.8937 -0.4469 0.0398
vn -0.8936 -0.4469 0.0421
vn -0.8936 -0.4469 0.0427
vn -0.8937 -0.4469 0.0395
vn -0.7095 0.2579 -0.6558
vn -0.7095 0.2578 -0.6558
vn -0.7188 0.1645 -0.6755
vn -0.7783 0.2417 -0.5794
vn -0.0987 -0.0191 -0.9949
vn -0.0954 -0.0065 -0.9954
vn -0.6814 -0.2680 0.6811
vn -0.6805 -0.2552 0.6869
vn 0.6899 0.6323 -0.3526
vn 0.6838 0.6381 -0.3539
vn 0.7670 0.5389 -0.3482
vn 0.7705 0.5314 -0.3519
vn -0.5787 0.7197 -0.3835
vn -0.5965 0.7119 -0.3706
vn -0.6709 0.6345 -0.3838
vn -0.6709 0.6344 -0.3838
vn -0.6565 0.6421 -0.3959
vn -0.1144 0.6734 0.7304
vn -0.1259 0.6711 0.7306
vn -0.2012 0.6406 0.7411
vn -0.1899 0.6492 0.7365
vn 0.6983 -0.1576 0.6982
vn 0.6999 -0.1426 0.6998
vn 0.7064 0.0478 0.7062
vn 0.7061 0.0559 0.7059
vn 0.1804 -0.9805 0.0781
vn 0.1696 -0.9764 0.1334
vn 0.0258 0.0147 -0.9996
vn 0.0172 0.0303 -0.9994
vn 0.5741 -0.4172 -0.7045
vn 0.5628 -0.4334 -0.7039
vn 0.2651 -0.8407 0.4721
vn 0.2543 -0.8507 0.4600
vn -0.8943 -0.4471 0.0190
vn -0.8943 -0.4472 0.0171
vn -0.8943 -0.4472 0.0168
vn -0.7058 -0.7058 0.0601
vn 0.7411 0.6365 -0.2137
vn 0.7423 0.6347 -0.2146
vn -0.0258 0.0282 0.9993
vn -0.0086 0.0398 0.9992
vn 0.0144 0.0496 0.9987
vn -0.0027 0.0131 -0.9999
vn 0.6219 -0.5359 0.5711
vn 0.7232 -0.4062 0.5585
vn 0.6762 -0.4371 0.5930
vn 0.6761 -0.4371 0.5932
vn 0.6259 -0.5365 0.5661
vn 0.6219 -0.5359 0.5710
vn 0.9181 0.0606 -0.3916
vn 0.9169 0.0636 -0.3940
vn 0.7708 -0.3461 0.5349
vn 0.7419 -0.3892 0.5460
vn 0.6322 -0.5205 0.5739
vn 0.5610 -0.4986 0.6608
vn -0.8225 -0.1510 0.5484
vn -0.8272 -0.1556 0.5399
vn -0.8259 -0.1211 0.5507
vn -0.8206 -0.1228 0.5582
vn -0.9999 -0.0006 -0.0110
vn -0.9999 -0.0006 -0.0103
vn -0.7416 0.4917 -0.4564
vn -0.7230 0.4714 -0.5049
vn 0.9964 0.0045 0.0850
vn 0.9903 0.0063 0.1386
vn 0.9902 0.0135 0.1393
vn 0.9963 0.0086 0.0857
vn -0.7389 -0.6457 0.1927
vn -0.7492 -0.6338 0.1922
vn -0.7313 -0.6544 0.1925
vn -0.7253 -0.6594 0.1978
vn 0.0755 -0.0000 0.9971
vn 0.0982 0.0833 0.9917
vn -0.8990 -0.4370 -0.0301
vn -0.8543 -0.5162 0.0605
vn -0.9172 -0.3906 -0.0780
vn -0.9642 -0.0876 -0.2503
vn -0.9776 -0.0501 -0.2044
vn 0.7994 0.0373 0.5996
vn 0.7987 0.0389 0.6005
vn 0.7922 -0.0545 0.6078
vn 0.7980 -0.0741 0.5981
vn 0.0695 -0.8241 -0.5622
vn 0.0853 -0.8310 -0.5497
vn -0.1603 0.8840 -0.4392
vn -0.1678 0.9442 -0.2835
vn 0.8166 -0.4082 0.4082
vn 0.5881 -0.6073 0.5341
vn 0.4255 0.7180 -0.5508
vn 0.3106 0.7275 -0.6117
vn 0.3272 0.6936 -0.6418
vn 0.4351 0.6828 -0.5869
vn -0.9483 0.3162 -0.0266
vn 0.0373 0.9718 -0.2329
vn 0.0362 0.9617 -0.2719
vn 0.0220 0.9216 -0.3875
vn 0.0220 0.9216 -0.3876
vn -0.0000 0.9138 -0.4061
vn -0.0272 -0.0753 0.9968
vn 0.0001 -0.0596 0.9982
vn -0.0321 -0.0719 0.9969
vn -0.0354 -0.0851 0.9957
vn 0.2827 0.7520 -0.5954
vn 0.2815 0.7411 -0.6096
vn 0.2528 0.7641 -0.5935
vn 0.2531 0.7639 -0.5936
vn -0.6223 0.3011 0.7226
vn -0.6217 0.3106 0.7190
vn -0.3278 -0.6509 0.6848
vn -0.3313 -0.6578 0.6764
vn 0.3065 0.8334 -0.4599
vn 0.3126 0.8260 -0.4691
vn 0.2590 0.8843 -0.3885
vn 0.2489 0.8936 -0.3734
vn -0.7079 0.4317 -0.5590
vn 0.3876 -0.4984 -0.7755
vn 0.3622 -0.4939 -0.7905
vn -0.0447 -0.0332 -0.9984
vn 0.0005 -0.0222 -0.9998
vn 0.8009 0.4797 -0.3585
vn 0.8029 0.4694 -0.3675
vn 0.9699 -0.2425 0.0234
vn 0.9698 -0.2425 0.0255
vn -0.1007 -0.9646 0.2436
vn -0.0989 -0.9639 0.2473
vn -0.0319 0.7067 0.7067
vn -0.0293 0.7074 0.7062
vn 0.0498 0.6979 0.7144
vn 0.0625 0.7041 0.7073
vn 0.0344 0.8939 0.4469
vn 0.1081 0.7030 0.7030
vn -0.0000 0.7071 0.7071
vn -0.4052 -0.9141 0.0136
vn -0.4044 -0.9144 0.0167
vn -0.5884 -0.8086 0.0064
vn -0.5900 -0.8074 -0.0000
vn 0.1284 0.0536 0.9903
vn 0.1394 0.0688 0.9878
vn 0.1408 0.0688 0.9876
vn -0.9942 -0.0252 -0.1047
vn -0.9930 -0.0154 -0.1173
vn 0.3588 -0.7508 -0.5547
vn 0.5049 -0.6442 -0.5745
vn 0.5128 -0.6375 -0.5750
vn 0.3873 -0.7353 -0.5562
vn 0.8686 0.3735 0.3258
vn 0.8720 0.3792 0.3096
vn 0.3700 0.9251 -0.0852
vn 0.3702 0.9253 -0.0821
vn 0.3702 0.9253 -0.0823
vn 0.3700 0.9251 -0.0851
vn 0.0767 0.9971 -0.0000
vn -0.0000 1.0000 -0.0000
vn -0.2774 -0.9494 -0.1474
vn -0.2432 -0.9580 -0.1520
vn -0.3090 -0.9403 -0.1428
vn -0.3440 -0.9288 -0.1376
vn 0.9987 0.0084 0.0495
vn 0.9988 0.0047 0.0492
vn 0.9999 0.0006 0.0102
vn 0.0306 0.7058 -0.7078
vn 0.0257 0.7069 -0.7069
vn 0.1156 0.6738 -0.7298
vn 0.1041 0.6768 -0.7288
vn -0.0652 -0.1807 -0.9814
vn -0.0634 -0.1825 -0.9812
vn -0.0486 -0.1583 -0.9862
vn -0.0500 -0.1566 -0.9864
vn -0.8716 0.4332 -0.2296
vn -0.8821 0.4375 -0.1744
vn -0.8811 0.4404 -0.1725
vn -0.8698 0.4374 -0.2282
vn -0.1227 -0.0195 0.9923
vn -0.1146 -0.0293 0.9930
vn -0.1425 -0.0269 0.9894
vn -0.1547 -0.0181 0.9878
vn 0.8794 -0.0643 0.4717
vn 0.8772 0.0366 0.4787
vn 0.8794 -0.0137 0.4758
vn 0.8452 -0.1690 0.5070
vn 0.9060 0.2187 -0.3624
vn 0.9072 0.2053 -0.3673
vn -0.0623 -0.2121 0.9753
vn -0.0638 -0.2144 0.9747
vn -0.0548 -0.2270 0.9724
vn -0.0614 -0.2383 0.9692
vn -0.1672 0.4848 0.8585
vn -0.1678 0.4411 0.8816
vn -0.1678 0.4421 0.8812
vn -0.1672 0.4859 0.8579
vn -0.6113 -0.2674 -0.7448
vn -0.6385 -0.2062 -0.7415
vn -0.6443 -0.1922 -0.7402
vn -0.7873 -0.2953 -0.5412
vn -0.7561 -0.3500 -0.5530
vn -0.7422 -0.3723 -0.5572
vn -0.0898 0.0062 -0.9959
vn -0.0962 -0.0105 -0.9953
vn -0.0760 0.0017 -0.9971
vn -0.0798 -0.0000 -0.9968
vn -0.0000 0.7071 -0.7071
vn -0.0176 0.8943 -0.4471
vn -0.0168 0.8943 -0.4471
vn -0.0344 0.8939 -0.4469
vn 0.1220 -0.0376 -0.9918
vn 0.1113 -0.0543 -0.9923
vn 0.1043 -0.0473 -0.9934
vn 0.0929 -0.0508 -0.9944
vn -0.0000 -0.9954 0.0953
vn 0.0015 -0.9959 0.0901
vn -0.0000 -0.9960 0.0898
vn 0.9999 0.0005 0.0103
vn 0.9999 0.0006 0.0110
vn 0.9999 -0.0000 0.0101
vn 0.9999 -0.0000 0.0113
vn 0.0025 0.0873 -0.9962
vn 0.0109 0.0320 -0.9994
vn -0.0347 0.0207 -0.9992
vn 0.0652 -0.1807 -0.9814
vn 0.0499 -0.1571 -0.9863
vn 0.0486 -0.1583 -0.9862
vn 0.0634 -0.1825 -0.9812
vn -0.5479 0.7371 -0.3956
vn -0.5269 0.7378 -0.4219
vn -0.6692 0.6690 -0.3234
vn 0.5320 0.7631 -0.3669
vn 0.5381 0.7621 -0.3602
vn 0.8165 0.5747 0.0550
vn 0.6884 0.7244 0.0360
vn 0.6960 0.7178 0.0179
vn 0.8227 0.5656 0.0565
vn -0.6210 -0.5312 -0.5763
vn -0.6192 -0.5332 -0.5764
vn 0.1070 -0.0778 -0.9912
vn 0.1032 -0.1000 -0.9896
vn -0.8935 -0.4469 0.0430
vn -0.8935 -0.4469 0.0425
vn 0.0574 0.8102 -0.5833
vn 0.1202 0.8588 -0.4980
vn 0.2821 0.8027 -0.5255
vn 0.0618 0.8058 -0.5889
vn 0.8642 -0.3833 -0.3258
vn 0.7803 -0.5533 -0.2915
vn 0.7623 -0.5848 -0.2775
vn 0.8625 -0.3836 -0.3301
vn 0.0809 -0.0062 0.9967
vn 0.1232 -0.0142 0.9923
vn 0.1187 -0.0126 0.9928
vn 0.0776 -0.0032 0.9970
vn 0.9999 -0.0000 0.0156
vn 0.9999 -0.0068 0.0113
vn -0.0000 -0.9951 0.0989
vn -0.0000 -0.9950 0.0994
vn -0.0000 -0.9945 0.1047
vn -0.3153 -0.9457 0.0788
vn -0.3152 -0.9453 0.0839
vn -0.3152 -0.9453 0.0842
vn 0.9872 -0.1576 -0.0239
vn 0.9861 -0.1354 0.0967
vn 0.9995 -0.0140 0.0284
vn 0.9881 -0.1345 0.0749
vn 0.6888 -0.4555 0.5640
vn 0.6804 -0.4602 0.5704
vn 0.7806 -0.4817 0.3983
vn 0.7829 -0.4836 0.3915
vn -0.0000 0.8944 -0.4472
vn 0.0176 0.8943 -0.4471
vn 0.0168 0.8943 -0.4471
vn -0.0306 0.7058 -0.7078
vn -0.0257 0.7069 -0.7069
vn 0.8827 -0.3169 -0.3470
vn 0.8311 -0.3599 -0.4239
vn 0.8440 -0.3489 -0.4073
vn 0.8878 -0.3031 -0.3464
vn 0.1483 -0.9862 -0.0737
vn 0.0428 -0.9991 0.0035
vn 0.0537 -0.9985 -0.0118
vn 0.1552 -0.9838 -0.0895
vn 0.9478 0.3159 0.0427
vn 0.9485 0.3162 0.0184
vn 0.9485 0.3162 0.0191
vn 0.9468 0.3184 0.0458
vn 0.0887 -0.1595 -0.9832
vn 0.1160 -0.1270 -0.9851
vn 0.1187 -0.1275 -0.9847
vn 0.0907 -0.1614 -0.9827
vn -0.0086 -0.9968 0.0798
vn 0.1962 -0.9752 0.1022
vn -0.0296 -0.9953 0.0918
vn -0.0078 -0.9960 0.0889
vn -0.9999 -0.0000 -0.0113
vn -0.9999 -0.0006 -0.0102
vn -0.1777 0.7322 -0.6575
vn -0.1011 0.7886 -0.6066
vn -0.2693 0.7486 -0.6058
vn -0.3178 0.7141 -0.6237
vn 0.5606 -0.1316 -0.8176
vn 0.5577 -0.1227 -0.8209
vn 0.8007 -0.3116 -0.5117
vn 0.7862 -0.3276 -0.5241
vn 0.8049 -0.3068 -0.5080
vn 0.8176 -0.2920 -0.4963
vn -0.7019 -0.0908 0.7064
vn -0.7045 -0.0863 0.7045
vn -0.6683 -0.2052 0.7151
vn -0.6776 -0.2091 0.7051
vn -0.7059 0.0559 -0.7061
vn -0.7062 0.0479 -0.7064
vn 0.7203 -0.4115 -0.5584
vn 0.8001 -0.4471 -0.3999
vn 0.7982 -0.4448 -0.4061
vn 0.7154 -0.4126 -0.5639
vn 0.0830 -0.0000 -0.9965
vn 0.0847 -0.0130 -0.9963
vn 0.0831 -0.0000 -0.9965
vn 0.1766 -0.7976 -0.5768
vn 0.1423 -0.7832 -0.6053
vn 0.2549 -0.8242 -0.5057
vn 0.2899 -0.8332 -0.4709
vn -0.9060 0.2187 -0.3624
vn -0.9334 0.0513 -0.3551
vn -0.9281 0.0266 -0.3713
vn -0.9072 0.2053 -0.3673
vn 0.1637 -0.2439 0.9559
vn 0.1909 -0.2155 0.9577
vn 0.1938 -0.2159 0.9570
vn 0.1689 -0.2463 0.9543
vn 0.6976 0.1635 0.6976
vn 0.7063 0.0486 0.7062
vn 0.7065 0.0425 0.7064
vn 0.6981 0.1589 0.6981
vn 0.9742 0.1010 0.2018
vn 0.9752 0.0972 0.1990
vn 0.7394 -0.6111 -0.2826
vn 0.6750 -0.7085 -0.2057
vn 0.6796 -0.6987 -0.2237
vn 0.7424 -0.6030 -0.2918
vn 0.6832 -0.5990 0.4177
vn 0.6376 -0.7202 0.2734
vn 0.6400 -0.7057 0.3039
vn 0.6667 -0.5868 0.4595
vn -0.4942 0.7844 -0.3748
vn -0.5019 0.7795 -0.3747
vn -0.9992 -0.0000 0.0397
vn -0.9999 -0.0000 0.0110
vn -0.9999 0.0005 0.0101
vn -0.7060 -0.7062 0.0535
vn -0.7017 -0.7015 0.1244
vn -0.7028 -0.7027 0.1108
vn -0.7061 -0.7062 0.0518
vn 0.9924 -0.1226 0.0122
vn 0.9698 -0.2425 0.0240
vn -0.0549 -0.7124 -0.6996
vn -0.2498 -0.7750 -0.5805
vn -0.2329 -0.7671 -0.5977
vn -0.0622 -0.7057 -0.7057
vn 0.4460 -0.8919 0.0749
vn 0.4460 -0.8920 0.0743
vn -0.0294 0.7149 -0.6986
vn -0.0369 0.7140 -0.6992
vn -0.1453 0.8211 -0.5520
vn 0.9999 -0.0011 -0.0104
vn 0.1663 0.3168 0.9338
vn 0.1475 0.4425 0.8845
vn 0.1411 0.4233 0.8950
vn 0.1763 0.3073 0.9351
vn -0.0000 -0.7071 -0.7071
vn -0.0609 -0.8928 -0.4462
vn -0.0230 -0.8943 -0.4470
vn -0.0187 -0.8943 -0.4470
vn -0.0996 -0.2758 0.9560
vn -0.1034 -0.2812 0.9541
vn -0.0029 -0.1773 -0.9842
vn 0.0230 -0.0092 -0.9997
vn 0.0176 -0.0233 -0.9996
vn -0.0003 -0.1924 -0.9813
vn 0.1308 -0.9914 0.0048
vn 0.1286 -0.9917 0.0068
vn -0.1954 0.9773 -0.0823
vn 0.6023 -0.2941 0.7421
vn 0.5994 -0.2922 0.7452
vn 0.6803 -0.2552 0.6870
vn 0.6813 -0.2679 0.6813
vn -0.4804 0.8770 -0.0121
vn -0.4916 0.8708 -0.0000
vn -0.3296 0.9435 -0.0353
vn -0.3066 0.9500 -0.0598
vn -0.0638 -0.0041 -0.9980
vn -0.0686 -0.0113 -0.9976
vn -0.0626 0.0053 -0.9980
vn -0.0618 0.0130 -0.9980
vn -0.0982 0.0833 0.9917
vn -0.0755 -0.0000 0.9971
vn -0.3189 0.7744 -0.5465
vn -0.1832 0.6478 -0.7395
vn -0.1779 0.6499 -0.7389
vn -0.2228 0.6313 -0.7428
vn 0.1181 0.1979 0.9731
vn 0.1066 0.2411 0.9646
vn 0.1279 0.0392 0.9910
vn 0.1235 0.0376 0.9916
vn 0.1215 0.0265 0.9922
vn -0.2667 -0.8656 0.4238
vn -0.2748 -0.8599 0.4301
vn -0.1359 0.0556 0.9892
vn -0.1408 0.0689 0.9876
vn -0.1394 0.0688 0.9878
vn -0.9247 -0.3243 -0.1994
vn -0.8729 -0.4365 -0.2182
vn -0.8938 -0.4033 -0.1962
vn -0.9261 -0.3185 -0.2024
vn 0.8261 -0.5552 0.0964
vn 0.8263 -0.5549 0.0965
vn 0.9999 0.0011 0.0106
vn 0.9999 0.0001 0.0112
vn 0.2337 -0.9672 0.1000
vn 0.0067 -0.9964 0.0846
vn -0.0001 -0.9955 0.0944
vn 0.0268 -0.9950 0.0963
vn 0.1269 -0.9919 -0.0000
vn -0.0000 -1.0000 -0.0000
vn 0.1217 -0.9926 -0.0000
vn -0.4959 0.6894 -0.5280
vn -0.4892 0.7413 -0.4595
vn -0.5411 0.6626 -0.5179
vn -0.5413 0.6750 -0.5013
vn -0.5466 -0.6285 -0.5534
vn -0.5341 -0.6284 -0.5657
vn -0.5372 -0.6284 -0.5626
vn -0.5499 -0.6285 -0.5501
vn -1.0000 -0.0006 -0.0090
vn -0.9999 -0.0007 -0.0110
vn -1.0000 -0.0011 -0.0094
vn 0.0146 -0.2226 0.9748
vn 0.0549 -0.2438 0.9683
vn 0.0578 -0.2461 0.9675
vn 0.0149 -0.2202 0.9753
vn -0.0109 0.0320 -0.9994
vn -0.0005 -0.0222 -0.9998
vn -0.0219 -0.0131 -0.9997
vn -0.0269 0.0282 -0.9992
vn 0.9999 0.0005 0.0109
vn -0.3464 -0.8266 0.4437
vn -0.3459 -0.8284 0.4406
vn 0.3983 -0.7204 0.5678
vn 0.4165 -0.7228 0.5515
vn 0.4738 -0.7727 0.4225
vn 0.4678 -0.7690 0.4356
vn 0.6167 0.3434 0.7083
vn 0.6136 0.3528 0.7064
vn 0.7533 0.1923 0.6290
vn 0.7604 0.1960 0.6192
vn -0.9678 -0.1247 -0.2186
vn -0.9516 -0.1972 -0.2357
vn -0.9489 -0.2022 -0.2423
vn -0.9674 -0.1251 -0.2200
vn -0.9861 -0.1243 0.1106
vn 0.0320 -0.0717 0.9969
vn 0.0308 -0.0340 0.9989
vn -0.0109 -0.0320 0.9994
vn -0.0001 -0.0596 0.9982
vn -0.7982 -0.4448 -0.4061
vn -0.8001 -0.4471 -0.3999
vn 0.0300 -0.0555 0.9980
vn 0.0228 -0.0358 0.9991
vn 0.0487 -0.0406 0.9980
vn -0.9467 -0.3177 0.0534
vn -0.8931 -0.4466 0.0542
vn -0.8944 -0.4441 0.0527
vn -0.9474 -0.3157 0.0524
vn 0.9566 -0.1232 0.2639
vn 0.9812 -0.0190 0.1923
vn 0.9264 -0.0456 0.3738
vn 0.8829 -0.1590 0.4418
vn 0.9911 -0.1273 -0.0391
vn 0.9685 -0.2479 -0.0241
vn 0.7839 0.5863 -0.2045
vn 0.8871 0.4357 -0.1524
vn 0.8826 0.4446 -0.1529
vn 0.7687 0.5989 -0.2247
vn 0.2583 -0.9615 -0.0936
vn 0.2520 -0.9614 -0.1103
vn -0.1576 0.1394 -0.9776
vn -0.1126 0.1481 -0.9825
vn -0.1235 0.0968 -0.9876
vn -0.1798 0.0888 -0.9797
vn 0.0630 0.0214 0.9978
vn 0.0258 0.0282 0.9993
vn 0.0616 0.0251 0.9978
vn 0.9999 0.0010 0.0107
vn 0.8904 -0.1978 0.4099
vn 0.8925 -0.1941 0.4072
vn 0.8940 -0.2821 0.3480
vn 0.8819 -0.3030 0.3612
vn -0.9988 -0.0057 -0.0482
vn -0.9996 -0.0035 -0.0296
vn -0.9996 -0.0033 -0.0297
vn -0.9988 -0.0054 -0.0483
vn 0.0101 -0.0235 -0.9997
vn 0.0002 -0.0246 -0.9997
vn 0.0096 -0.0331 -0.9994
vn -0.0488 -0.1266 -0.9908
vn -0.0464 -0.1263 -0.9909
vn -0.0748 -0.1327 -0.9883
vn -0.0782 -0.1308 -0.9883
vn 0.2484 -0.1266 0.9604
vn 0.2635 -0.0719 0.9620
vn 0.2687 -0.0694 0.9607
vn 0.2522 -0.1247 0.9596
vn 0.4804 0.8770 -0.0121
vn 0.3065 0.9500 -0.0598
vn 0.3296 0.9435 -0.0353
vn 0.4916 0.8708 -0.0000
vn 0.9487 0.3162 -0.0000
vn 0.9497 0.3129 -0.0122
vn 0.9505 0.3100 -0.0204
vn 0.9885 0.0366 -0.1464
vn 0.9928 0.0290 -0.1160
vn 0.0272 -0.0753 0.9968
vn 0.0352 -0.0851 0.9958
vn 0.8305 0.4064 -0.3808
vn 0.8308 0.4063 -0.3804
vn 0.7818 -0.5910 -0.1989
vn 0.7794 -0.5952 -0.1956
vn 0.0325 0.1005 -0.9944
vn 0.9464 -0.2701 -0.1770
vn 0.9481 -0.1615 -0.2740
vn 0.9457 -0.1870 -0.2658
vn -0.8736 0.3252 0.3619
vn -0.8407 0.3454 0.4170
vn -0.8365 0.3434 0.4270
vn -0.8707 0.3283 0.3663
vn 0.4496 -0.8920 0.0466
vn 0.4319 -0.9010 0.0412
vn 0.0770 0.0733 0.9943
vn 0.1133 0.1282 0.9853
vn 0.1143 0.1658 0.9795
vn -0.6983 -0.1576 0.6983
vn -0.6999 -0.1425 0.6999
vn -0.0980 -0.7037 0.7037
vn -0.1032 -0.7033 0.7033
vn -0.1400 -0.7001 0.7001
vn -0.1973 -0.8768 0.4385
vn 0.9816 -0.1440 -0.1256
vn 0.9759 -0.0738 -0.2054
vn 0.9868 -0.1460 -0.0703
vn -0.9915 -0.0006 -0.1300
vn -0.9974 -0.0170 -0.0694
vn -0.9973 -0.0132 -0.0723
vn -0.9922 -0.0084 -0.1241
vn 0.9998 -0.0000 0.0174
vn -0.1228 -0.9923 -0.0139
vn -0.1162 -0.9932 -0.0123
vn -0.0150 -0.1163 -0.9931
vn -0.0044 -0.1131 -0.9936
vn 0.0618 0.0532 0.9967
vn 0.0587 0.0147 0.9982
vn 0.9611 0.0250 -0.2752
vn 0.9784 -0.0058 -0.2065
vn 0.9774 -0.0006 -0.2115
vn 0.9424 0.0874 -0.3229
vn -0.0805 -0.8907 0.4475
vn -0.1641 -0.8421 0.5138
vn -0.1766 -0.8431 0.5079
vn -0.0758 -0.8919 0.4459
vn -0.6667 -0.5869 0.4594
vn -0.6832 -0.5990 0.4176
vn 0.8626 0.2726 -0.4261
vn 0.9357 0.1051 -0.3366
vn 0.9345 0.1028 -0.3407
vn 0.8651 0.2643 -0.4264
vn -0.9239 0.3827 -0.0000
vn -0.9487 0.3162 -0.0000
vn 0.9963 0.0086 0.0855
vn 0.9988 0.0049 0.0492
vn 0.9426 -0.2594 -0.2105
vn 0.9364 -0.2852 -0.2046
vn 0.0456 -0.0377 0.9982
vn -0.1269 -0.8872 0.4436
vn -0.0712 -0.8922 0.4460
vn -0.0773 -0.8918 0.4458
vn -0.1306 -0.8868 0.4434
vn -0.0115 0.0186 0.9998
vn -0.0092 0.0450 0.9989
vn -0.0798 0.0471 0.9957
vn -0.0488 0.0526 0.9974
vn -0.0781 0.0390 0.9962
vn -0.0704 0.0255 0.9972
vn -0.6042 0.7701 -0.2044
vn -0.7255 0.6872 -0.0382
vn -0.7211 0.6913 -0.0455
vn -0.6010 0.7675 -0.2230
vn -0.9999 -0.0000 -0.0157
vn -0.9998 -0.0000 -0.0174
vn -0.9999 -0.0010 -0.0159
vn -0.9999 -0.0010 -0.0172
vn -0.8664 0.4561 -0.2033
vn -0.8866 0.4604 0.0457
vn -0.8803 0.4732 0.0328
vn -0.8524 0.4751 -0.2183
vn -0.3059 -0.1829 0.9343
vn -0.3274 -0.1839 0.9268
vn -0.2694 -0.1250 0.9549
vn -0.2484 -0.1266 0.9604
vn -0.9944 0.0118 0.1050
vn -0.0299 0.0299 -0.9991
vn -0.0155 0.0309 -0.9994
vn -0.0060 0.0150 -0.9999
vn 0.0027 0.0131 -0.9999
vn -0.7613 -0.1411 0.6328
vn -0.7982 -0.1462 0.5844
vn -0.8198 -0.1509 0.5525
vn -0.7940 -0.0977 0.6000
vn -0.1143 0.1658 0.9795
vn -0.1133 0.1282 0.9853
vn -0.0770 0.0733 0.9943
vn -0.9558 -0.1595 -0.2469
vn -0.9554 -0.1685 -0.2427
vn -0.9999 -0.0000 -0.0101
vn -0.9994 -0.0000 -0.0337
vn -0.9994 -0.0019 -0.0346
vn -0.9999 -0.0000 -0.0167
vn -0.9999 -0.0003 -0.0155
vn -0.5342 -0.5809 0.6142
vn -0.5417 -0.5804 0.6081
vn -0.6412 -0.5865 0.4949
vn -0.9463 -0.1971 0.2562
vn -0.0000 -0.9960 0.0899
vn -0.0000 -0.9955 0.0950
vn 0.1199 -0.9927 -0.0141
vn 0.1172 -0.9930 -0.0132
vn 0.2920 -0.9552 -0.0487
vn 0.2842 -0.9582 -0.0334
vn -0.4073 -0.6109 -0.6789
vn -0.4400 -0.5811 -0.6846
vn -0.4411 -0.5827 -0.6826
vn -0.5733 -0.7007 -0.4247
vn -0.4820 -0.7617 -0.4330
vn -0.4917 -0.7636 -0.4185
vn 0.9995 0.0003 0.0309
vn 0.9988 0.0117 0.0483
vn 0.9996 0.0014 0.0298
vn -0.1308 -0.9914 0.0048
vn -0.1286 -0.9917 0.0068
vn -0.2415 -0.9704 0.0019
vn -0.2351 -0.9720 0.0035
vn 0.4456 -0.8908 0.0885
vn 0.4456 -0.8912 0.0842
vn 0.4456 -0.8912 0.0846
vn 0.4456 -0.8909 0.0883
vn 0.6951 -0.7131 -0.0912
vn 0.7855 -0.6064 -0.1240
vn 0.7786 -0.6150 -0.1249
vn 0.6845 -0.7223 -0.0992
vn -0.0763 0.0163 0.9970
vn -0.8818 -0.4671 -0.0650
vn -0.8646 -0.4894 -0.1141
vn -0.8646 -0.4893 -0.1141
vn 0.0832 -0.9904 0.1105
vn -0.0006 -0.9950 0.0997
vn -0.0253 -0.9944 0.1022
vn -0.7071 -0.0000 0.7071
vn -0.8804 -0.1760 0.4404
vn -0.8683 -0.4960 -0.0000
vn -0.8679 -0.4967 -0.0000
vn -0.8960 -0.4440 -0.0000
vn -0.8950 -0.4460 -0.0000
vn -0.8804 -0.1760 -0.4404
vn -0.7070 -0.0000 -0.7072
vn -0.0843 0.0164 -0.9963
vn -0.0922 -0.0439 -0.9948
vn 0.6413 -0.6379 0.4264
vn 0.7181 -0.5523 0.4234
vn 0.7207 -0.5490 0.4232
vn 0.6428 -0.6407 0.4198
vn -0.1923 -0.0219 -0.9811
vn -0.1759 -0.0396 -0.9836
vn 0.5900 -0.8074 -0.0000
vn 0.5884 -0.8086 0.0064
vn -0.9335 0.3564 0.0404
vn -0.9109 0.4116 -0.0293
vn -0.9116 0.4104 -0.0251
vn -0.9365 0.3460 0.0565
vn -0.4590 0.6937 -0.5551
vn -0.4345 0.7365 -0.5184
vn -0.9470 -0.3156 0.0595
vn -0.7030 -0.7033 0.1061
vn -0.7016 -0.7019 0.1229
vn -0.7015 -0.7018 0.1236
vn 0.6963 0.1741 0.6963
vn 0.8163 0.3061 0.4898
vn 0.8060 0.3188 0.4987
vn 0.8082 0.3343 0.4849
vn -0.1903 -0.9781 0.0838
vn -0.0065 -0.9946 0.1040
vn -0.8551 0.2517 -0.4533
vn -0.8665 0.2476 -0.4335
vn 0.9463 0.3221 -0.0278
vn 0.9485 0.3157 -0.0279
vn -0.0307 -0.7069 0.7067
vn -0.0006 -0.7072 0.7070
vn -0.0018 -0.7072 0.7070
vn -0.0194 -0.8943 0.4471
vn -0.9779 -0.2092 -0.0000
vn -0.9950 -0.0995 -0.0000
vn 0.9571 -0.2548 0.1379
vn 0.9222 -0.2241 0.3153
vn -0.0338 0.0038 -0.9994
vn -0.0431 0.0050 -0.9991
vn -0.2411 -0.8611 -0.4477
vn -0.2413 -0.8611 -0.4476
vn -0.2410 -0.8610 -0.4479
vn 0.3858 0.7335 -0.5595
vn 0.4659 0.6761 -0.5709
vn 0.4669 0.6753 -0.5710
vn 0.3564 0.7391 -0.5715
vn 0.3570 -0.9341 -0.0000
vn 0.2614 -0.9652 -0.0000
vn 0.2468 -0.9691 -0.0000
vn 0.9413 0.0440 -0.3348
vn -0.9920 -0.0141 -0.1252
vn -0.9846 -0.0111 -0.1746
vn -0.3895 -0.5761 0.7186
vn -0.4056 -0.5841 0.7031
vn -0.1772 0.0501 0.9829
vn -0.1546 0.0612 0.9861
vn -0.1736 0.0428 0.9839
vn 0.0123 -0.2208 0.9752
vn 0.0123 -0.2249 0.9743
vn 0.1510 0.1249 -0.9806
vn 0.1080 0.1342 -0.9850
vn -0.0115 -0.9999 -0.0000
vn -0.0167 -0.9999 0.0003
vn 0.0219 -0.0131 -0.9997
vn -0.8812 -0.2632 0.3927
vn -0.8926 -0.2442 0.3789
vn 0.8727 -0.1653 0.4594
vn 0.8776 -0.1614 0.4515
vn -0.0748 0.7169 0.6932
vn -0.0802 0.7170 0.6924
vn 0.9966 -0.0087 -0.0820
vn 0.1583 -0.0123 -0.9873
vn 0.1434 -0.0129 -0.9896
vn -0.0000 -0.9989 0.0468
vn -0.0000 -0.9986 0.0526
vn 0.4104 0.7302 0.5463
vn 0.4082 0.6908 0.5967
vn 0.4092 0.7052 0.5790
vn 0.4108 0.7470 0.5227
vn -0.2543 -0.8507 0.4600
vn -0.0909 -0.9168 0.3888
vn -0.0965 -0.9074 0.4091
vn -0.2651 -0.8407 0.4721
vn 0.0001 0.9403 -0.3403
vn 0.0075 0.9373 -0.3483
vn -0.0667 0.9329 -0.3539
vn -0.0609 0.9272 -0.3696
vn 0.1551 -0.2622 0.9525
vn 0.1518 -0.2582 0.9541
vn -0.8029 0.4694 -0.3674
vn -0.8009 0.4797 -0.3585
vn -0.7059 -0.7058 0.0595
vn -0.7059 -0.7058 0.0601
vn -0.7059 -0.7058 0.0594
vn 0.0299 0.0299 -0.9991
vn 0.0060 0.0150 -0.9999
vn 0.0155 0.0309 -0.9994
vn 0.1451 -0.0344 -0.9888
vn 0.1314 -0.0188 -0.9912
vn 0.1341 -0.0222 -0.9907
vn 0.1475 -0.0383 -0.9883
vn 0.6505 -0.4975 0.5739
vn 0.6489 -0.4993 0.5740
vn -0.9988 -0.0032 -0.0483
vn -0.9973 -0.0086 -0.0727
vn -0.3096 0.9422 -0.1284
vn -0.3958 0.9077 -0.1395
vn -0.3822 0.9103 -0.1588
vn -0.3152 0.9349 -0.1628
vn -0.0168 0.9961 -0.0865
vn -0.0176 0.9960 -0.0878
vn -0.9821 0.1858 -0.0305
vn -0.1883 0.6944 0.6945
vn -0.1885 0.6905 0.6984
vn -0.1611 0.6978 0.6979
vn -0.0655 0.8925 0.4462
vn -0.0717 0.8922 0.4460
vn -0.1026 0.8897 0.4448
vn -0.8940 -0.4472 0.0290
vn -0.8944 -0.4472 0.0101
vn -0.8944 -0.4472 0.0089
vn -0.8940 -0.4472 0.0281
vn 0.0481 0.7066 0.7060
vn -0.0417 0.6995 0.7134
vn -0.0336 0.7007 0.7126
vn 0.0468 0.7063 0.7063
vn -0.9994 -0.0035 -0.0340
vn -0.1316 -0.0435 0.9903
vn -0.1361 -0.0494 0.9895
vn -0.2335 0.9724 -0.0013
vn -0.2418 0.9703 -0.0000
vn -0.3611 0.9317 0.0388
vn -0.3175 0.9482 0.0022
vn 0.4265 0.7015 -0.5709
vn 0.4258 0.6702 -0.6079
vn 0.1283 -0.0646 0.9896
vn 0.1425 -0.0269 0.9894
vn 0.1197 -0.0759 0.9899
vn -0.1405 -0.1022 -0.9848
vn -0.1434 -0.1031 -0.9843
vn -0.1508 -0.0620 -0.9866
vn -0.1480 -0.0589 -0.9872
vn 0.8036 0.5218 -0.2862
vn 0.7959 0.5365 -0.2805
vn 0.5733 0.7087 -0.4111
vn 0.6513 0.6473 -0.3961
vn 0.6592 0.6430 -0.3898
vn 0.5894 0.7011 -0.4014
vn 0.1662 -0.0226 -0.9858
vn 0.1607 0.0084 -0.9870
vn 0.1387 -0.0179 -0.9902
vn 0.1507 -0.0423 -0.9877
vn 0.1956 -0.0593 -0.9789
vn -0.3698 0.9245 -0.0924
vn -0.1178 -0.0103 -0.9930
vn -0.1256 -0.0083 -0.9921
vn 0.9487 0.3163 0.0031
vn 0.9485 0.3163 -0.0165
vn 0.9485 0.3163 -0.0157
vn 0.9487 0.3163 0.0041
vn -0.0630 0.0214 0.9978
vn -0.0616 0.0251 0.9978
vn -0.0221 0.0097 0.9997
vn -0.0066 -0.9955 0.0945
vn -0.1904 -0.9781 0.0838
vn -0.1249 0.6697 -0.7320
vn -0.1196 0.6728 -0.7300
vn -0.9268 0.3707 -0.0606
vn -0.9273 0.3709 -0.0513
vn -0.9268 0.3707 -0.0599
vn -0.6899 0.3736 -0.6201
vn -0.8885 -0.4441 -0.1156
vn -0.8878 -0.4438 -0.1214
vn -0.9998 -0.0015 -0.0173
vn -0.9999 0.0037 -0.0160
vn 0.9995 0.0029 0.0300
vn 0.0811 -0.0947 0.9922
vn 0.0947 -0.0983 0.9906
vn 0.6455 -0.4953 0.5814
vn 0.6386 -0.4745 0.6058
vn -0.6933 -0.7013 -0.1660
vn -0.6975 -0.6976 -0.1641
vn -0.6869 -0.7069 -0.1687
vn -0.6824 -0.7108 -0.1706
vn 0.1546 0.0612 0.9861
vn 0.1814 0.0618 0.9815
vn 0.1728 0.0608 0.9831
vn 0.0658 0.0442 0.9969
vn -0.1483 -0.9862 -0.0737
vn -0.1552 -0.9838 -0.0895
vn -0.0537 -0.9985 -0.0118
vn -0.0428 -0.9991 0.0035
vn 0.7058 -0.5054 0.4964
vn 0.5025 -0.6771 0.5377
vn 0.5304 -0.6503 0.5438
vn 0.7265 -0.4681 0.5031
vn 0.0655 0.9899 -0.1256
vn 0.1608 0.9863 -0.0381
vn 0.1219 0.9897 -0.0743
vn 0.0094 0.9949 -0.1006
vn 0.1016 0.0862 0.9911
vn 0.0637 0.0705 0.9955
vn 0.0294 0.0496 0.9983
vn -0.9948 0.0127 0.1014
vn -0.2614 -0.9652 -0.0000
vn -0.2468 -0.9691 -0.0000
vn -0.1217 -0.9926 -0.0000
vn -0.1269 -0.9919 -0.0000
vn 0.0135 0.7279 -0.6856
vn 0.0337 0.8418 -0.5388
vn 0.0225 0.8009 -0.5984
vn 0.0114 0.7122 -0.7019
vn 0.8671 0.3285 -0.3745
vn 0.8663 0.3414 -0.3646
vn 0.9987 -0.0053 -0.0515
vn 0.9873 0.1209 -0.1031
vn 0.9933 0.0969 -0.0629
vn 0.1007 -0.9646 0.2436
vn 0.0306 -0.9611 0.2746
vn 0.0343 -0.9617 0.2720
vn 0.0989 -0.9639 0.2473
vn -0.5842 -0.8018 -0.1260
vn -0.5803 -0.8033 -0.1337
vn 0.0967 0.9863 -0.1336
vn 0.1013 0.9735 -0.2051
vn -0.8575 -0.5145 -0.0000
vn -0.0038 0.7256 -0.6881
vn -0.0000 0.7072 -0.7071
vn -0.0209 0.8034 -0.5951
vn -0.0301 0.8408 -0.5405
vn -0.0108 -0.0124 0.9999
vn 0.1757 -0.5766 0.7979
vn 0.1996 -0.6923 0.6934
vn 0.1812 -0.6511 0.7371
vn 0.1807 -0.5006 0.8466
vn -0.2544 -0.7420 0.6202
vn -0.2305 -0.7025 0.6734
vn 0.9900 0.0155 0.1401
vn -0.6978 0.3671 0.6150
vn -0.7032 0.3721 0.6059
vn -0.1966 -0.9767 0.0866
vn -0.2355 -0.9686 0.0798
vn -0.8448 -0.2425 0.4770
vn -0.8664 -0.2675 0.4216
vn -0.8717 -0.2664 0.4114
vn -0.8484 -0.2430 0.4703
vn 0.5866 -0.8066 0.0733
vn 0.5689 -0.8200 0.0636
vn -0.0907 -0.9959 -0.0000
vn -0.0874 -0.9962 -0.0018
vn 0.3699 0.9245 -0.0921
vn -0.9847 -0.0216 -0.1728
vn 0.1480 -0.0589 -0.9872
vn 0.1508 -0.0620 -0.9866
vn 0.1668 -0.4393 0.8827
vn 0.1757 -0.5765 0.7980
vn 0.1807 -0.5005 0.8467
vn 0.2133 -0.3791 0.9004
vn -0.0430 0.9841 -0.1721
vn 0.0767 0.9852 -0.1535
vn 0.8956 -0.3143 -0.3147
vn 0.9029 -0.3045 -0.3032
vn -0.0025 0.0873 -0.9962
vn -0.0229 0.0762 -0.9968
vn -0.1604 -0.9520 0.2606
vn -0.1177 -0.9570 0.2650
vn -0.6229 0.5364 0.5695
vn -0.6216 0.5206 0.5853
vn -0.7261 0.4793 0.4930
vn -0.7226 0.4814 0.4961
vn 0.3396 0.7906 -0.5095
vn 0.2304 0.7985 -0.5561
vn -0.0228 -0.0358 0.9991
vn 0.0038 -0.8936 -0.4488
vn 0.0149 -0.8886 -0.4584
vn -0.1314 0.0134 0.9912
vn -0.0917 0.0130 0.9957
vn -0.0123 -0.0121 -0.9999
vn -0.0101 -0.0235 -0.9997
vn -0.0032 0.1149 -0.9934
vn -0.0311 0.1128 -0.9931
vn 0.9950 -0.0995 -0.0000
vn 0.9951 0.0985 -0.0083
vn 0.9951 0.0991 0.0018
vn 0.9996 -0.0015 -0.0284
vn -0.6274 -0.5912 0.5068
vn -0.5765 -0.6738 0.4622
vn -0.5827 -0.6629 0.4702
vn -0.6282 -0.5721 0.5273
vn 0.0207 -0.0000 0.9998
vn 0.0469 0.1072 0.9931
vn -0.1095 -0.0626 -0.9920
vn -0.1668 -0.0597 -0.9842
vn -0.2445 -0.0599 -0.9678
vn -0.2183 -0.0671 -0.9736
vn -0.1057 0.0480 0.9932
vn -0.1309 -0.0282 0.9910
vn 0.2651 0.3181 0.9102
vn 0.2807 0.3369 0.8987
vn 0.2740 -0.9230 0.2700
vn 0.1676 -0.9434 0.2861
vn 0.1764 -0.9412 0.2883
vn 0.2886 -0.9245 0.2491
vn 0.0798 0.0471 0.9957
vn 0.0704 0.0255 0.9972
vn 0.0781 0.0390 0.9962
vn 0.0488 0.0526 0.9974
vn 0.6932 -0.1980 0.6930
vn 0.7053 -0.1596 0.6907
vn 0.6976 -0.1636 0.6975
vn 0.9128 -0.1826 0.3652
vn -0.6899 0.6323 -0.3526
vn -0.6839 0.6380 -0.3539
vn -0.8960 0.0269 0.4431
vn -0.7534 -0.0037 0.6575
vn -0.9057 0.1308 0.4032
vn -0.9012 0.0421 0.4315
vn -0.3962 0.7179 0.5723
vn -0.2106 0.6368 0.7418
vn -0.2203 0.6414 0.7349
vn -0.4111 0.7165 0.5636
vn -0.8925 0.2726 -0.3594
vn -0.2839 -0.6817 0.6743
vn -0.2446 -0.6918 0.6794
vn -0.0161 0.9627 -0.2702
vn -0.0791 0.9660 -0.2463
vn -0.0757 0.9667 -0.2444
vn -0.0166 0.9608 -0.2768
vn -0.1594 0.9673 -0.1973
vn -0.3272 0.9219 -0.2074
vn -0.1404 0.9727 -0.1850
vn 0.0765 -0.2128 0.9741
vn 0.0784 -0.2078 0.9750
vn 0.1129 -0.1754 0.9780
vn 0.1116 -0.1778 0.9777
vn -0.9398 -0.1248 -0.3183
vn -0.9340 -0.1358 -0.3304
vn 0.4717 0.5842 0.6605
vn 0.6229 0.5363 0.5696
vn 0.6216 0.5206 0.5853
vn 0.4730 0.5811 0.6623
vn -0.0587 0.0147 0.9982
vn -0.0183 -0.9566 0.2908
vn -0.0125 -0.9615 0.2747
vn 0.1769 0.9842 -0.0000
vn 0.1986 0.9801 -0.0000
vn 0.1954 0.9807 -0.0000
vn -0.0099 0.0128 0.9999
vn -0.0042 0.0284 0.9996
vn -0.0144 -0.0133 0.9998
vn 0.8258 -0.1219 0.5506
vn 0.8136 -0.1627 0.5582
vn 0.8216 -0.1575 0.5479
vn 0.8214 -0.1218 0.5572
vn -0.9474 -0.1896 -0.2578
vn -0.9463 -0.1925 -0.2598
vn 0.9565 0.2048 0.2077
vn 0.9564 0.2079 0.2051
vn 0.9577 0.1746 0.2287
vn 0.9578 0.1724 0.2299
vn -0.7447 -0.6046 -0.2826
vn -0.7464 -0.6003 -0.2874
vn 0.6837 -0.3142 0.6586
vn 0.6890 -0.2889 0.6647
vn -0.0000 -0.9954 0.0955
vn 0.1430 0.0119 0.9897
vn 0.1522 -0.0092 0.9883
vn 0.1375 0.0207 0.9903
vn -0.9994 -0.0023 -0.0339
vn -0.3141 -0.9425 -0.1142
vn -0.2583 -0.9615 -0.0936
vn -0.2520 -0.9614 -0.1103
vn -0.3141 -0.9425 -0.1143
vn -0.8320 -0.5548 -0.0043
vn -0.8313 -0.5557 0.0090
vn -0.8333 -0.5528 0.0077
vn -0.8319 -0.5549 -0.0029
vn 0.1316 -0.0435 0.9903
vn 0.1361 -0.0494 0.9895
vn 0.2432 0.7414 0.6255
vn 0.2440 0.7391 0.6278
vn 0.3632 0.6539 0.6637
vn 0.3638 0.6486 0.6685
vn -0.2861 -0.9576 -0.0337
vn -0.2957 -0.9537 -0.0547
vn 0.1390 -0.8857 -0.4429
vn 0.2320 -0.8680 -0.4391
vn 0.2278 -0.8708 -0.4356
vn 0.1380 -0.8859 -0.4429
vn -0.0758 -0.0215 -0.9969
vn -0.0807 -0.0279 -0.9963
vn -0.7060 0.0559 0.7060
vn -0.6914 0.2657 0.6718
vn -0.6863 0.2414 0.6861
vn -0.7063 0.0479 0.7063
vn 0.2632 -0.8379 0.4783
vn 0.2533 -0.8919 0.3747
vn 0.2550 -0.8844 0.3908
vn 0.2667 -0.8300 0.4898
vn -0.2077 -0.6247 0.7527
vn -0.1981 -0.5452 0.8145
vn -0.2741 0.9593 -0.0684
vn -0.4364 0.8729 0.2181
vn -0.8255 -0.5558 0.0984
vn -0.6993 -0.6992 0.1486
vn -0.7032 -0.6954 0.1483
vn -0.8297 -0.5499 0.0958
vn 0.7294 0.3126 -0.6085
vn 0.6571 0.4441 -0.6091
vn -0.1807 0.9116 -0.3693
vn -0.1763 0.9083 -0.3793
vn -0.2230 0.9420 -0.2507
vn -0.2343 0.9422 -0.2395
vn 0.9464 0.3220 -0.0267
vn 0.8392 0.5430 -0.0291
vn 0.8392 0.5431 -0.0291
vn 0.9484 0.3161 -0.0266
vn -0.6177 -0.2615 -0.7416
vn -0.6150 -0.2593 -0.7446
vn -0.6804 -0.2552 -0.6870
vn -0.6813 -0.2680 -0.6812
vn -0.1671 0.0180 -0.9858
vn 0.5480 -0.5642 0.6176
vn 0.5615 -0.5615 0.6078
vn -0.7041 -0.1769 0.6877
vn -0.7068 -0.1807 0.6839
vn -0.1105 0.6667 0.7371
vn 0.0031 0.5568 0.8306
vn 0.0041 0.5616 0.8274
vn -0.1256 0.6695 0.7321
vn 0.0518 0.9868 -0.1534
vn -0.7062 0.0485 0.7063
vn -0.7064 0.0425 0.7065
vn 0.3521 0.8688 -0.3481
vn 0.3544 0.8679 -0.3480
vn 0.8317 0.5544 -0.0289
vn 0.9483 0.3162 -0.0264
vn 0.1343 -0.0411 0.9901
vn 0.1547 -0.0181 0.9878
vn -0.7053 -0.7054 0.0705
vn -0.8943 -0.4472 0.0149
vn -0.1156 0.6738 -0.7298
vn -0.1041 0.6767 -0.7288
vn -0.8183 -0.5504 0.1659
vn -0.7852 -0.5693 0.2436
vn -0.2101 0.9679 0.1382
vn -0.1761 0.9769 0.1213
vn -0.0843 0.9960 0.0300
vn -0.1095 0.9933 0.0365
vn -0.9926 0.0260 0.1187
vn -0.9923 0.0297 0.1206
vn -0.8599 -0.3439 0.3772
vn -0.8657 -0.3407 0.3666
vn 0.7568 -0.6042 0.2493
vn 0.7773 -0.5886 0.2223
vn 0.8930 -0.4465 0.0570
vn 0.8933 -0.4467 0.0494
vn 0.8933 -0.4466 0.0500
vn 0.7058 -0.7058 0.0601
vn 0.4455 -0.0848 0.8913
vn 0.4471 -0.0000 0.8945
vn 0.4389 -0.1084 0.8920
vn -0.9211 -0.2065 -0.3300
vn -0.9205 -0.2092 -0.3300
vn -0.5397 -0.0923 -0.8368
vn -0.6906 -0.1224 -0.7128
vn -0.6926 -0.1149 -0.7121
vn -0.5374 -0.0920 -0.8383
vn 0.8314 0.5542 -0.0390
vn 0.8318 0.5545 -0.0252
vn 0.8321 0.5547 -0.0000
vn 0.8749 0.1120 0.4712
vn 0.8808 0.0667 0.4687
vn 0.8714 0.0245 0.4899
vn 0.6914 0.2657 0.6719
vn 0.6863 0.2414 0.6861
vn -0.0015 -0.9959 0.0902
vn -0.9325 -0.3040 0.1951
vn -0.9219 -0.3386 0.1881
vn -0.9401 -0.2755 0.2006
vn -0.9482 -0.2413 0.2068
vn -0.6656 -0.1160 -0.7372
vn -0.6747 -0.1103 -0.7298
vn 0.1635 -0.0290 -0.9861
vn 0.1316 -0.0318 -0.9908
vn -0.0692 0.9897 -0.1256
vn -0.1617 0.9861 -0.0371
vn 0.3686 0.9213 -0.1241
vn 0.3686 0.9213 -0.1240
vn 0.1303 -0.1561 0.9791
vn 0.1304 -0.1574 0.9789
vn -0.8321 -0.0000 0.5546
vn 0.4459 -0.8919 0.0759
vn 0.7052 -0.7050 0.0750
vn -0.9996 -0.0018 -0.0292
vn -0.0258 0.0147 -0.9996
vn -0.0504 -0.0765 -0.9958
vn -0.0498 -0.0537 -0.9973
vn -0.0172 0.0303 -0.9994
vn -0.9483 0.3162 -0.0251
vn -0.9483 0.3162 -0.0252
vn -0.0000 -0.9951 0.0988
vn 0.8714 -0.4435 -0.2096
vn 0.8645 -0.4538 -0.2161
vn 0.8686 -0.4477 -0.2123
vn 0.8753 -0.4376 -0.2060
vn 0.7583 0.5078 -0.4089
vn 0.7436 0.5123 -0.4297
vn -0.1267 0.8652 -0.4852
vn -0.1216 0.8602 -0.4953
vn -0.9029 -0.3045 -0.3033
vn -0.8956 -0.3143 -0.3147
vn 0.8978 0.0391 0.4386
vn 0.8920 0.0383 0.4503
vn 0.1372 -0.1462 0.9797
vn 0.1367 -0.1480 0.9795
vn -0.9362 -0.3013 -0.1811
vn -0.9385 -0.2940 -0.1809
vn -0.9132 -0.3261 -0.2445
vn -0.9068 -0.3285 -0.2642
vn 0.6978 0.3671 0.6151
vn 0.7264 0.3233 0.6065
vn 0.7223 0.3088 0.6188
vn 0.7032 0.3720 0.6059
vn 0.0744 0.8844 -0.4608
vn 0.0602 0.8867 -0.4584
vn -0.0000 0.8944 -0.4473
vn 0.1259 0.6710 -0.7307
vn 0.1144 0.6733 -0.7305
vn 0.9475 0.2544 0.1935
vn 0.9443 0.2684 0.1904
vn -0.4964 -0.6472 0.5786
vn -0.5121 -0.6345 0.5789
vn 0.9253 0.2848 -0.2504
vn 0.9107 0.3032 -0.2804
vn 0.9673 0.1906 -0.1675
vn 0.0789 0.7049 0.7049
vn 0.0785 0.7049 0.7050
vn 0.6290 0.4090 -0.6612
vn 0.0671 -0.0075 0.9977
vn 0.0856 -0.0098 0.9963
vn -0.1954 0.9807 -0.0000
vn -0.1117 0.9937 -0.0000
vn -0.1173 0.9931 -0.0000
vn -0.1986 0.9801 -0.0000
vn -0.8493 -0.5280 -0.0000
vn -0.8509 -0.5254 -0.0000
vn -0.7843 -0.0061 0.6203
vn -0.7853 0.0028 0.6191
vn -0.8757 -0.2120 0.4338
vn -0.1362 0.0086 -0.9906
vn 0.0006 -0.7072 0.7070
vn 0.0018 -0.7072 0.7070
vn -0.0283 -0.7069 0.7067
vn -0.0665 -0.8925 0.4462
vn -0.0660 -0.8925 0.4462
vn -0.0357 -0.8939 0.4469
vn 0.9999 0.0010 0.0108
vn -0.1080 -0.1131 -0.9877
vn -0.1370 -0.1018 -0.9853
vn -0.1435 -0.1003 -0.9846
vn -0.0987 -0.1054 -0.9895
vn 0.1196 0.9419 0.3139
vn 0.0832 0.9454 0.3151
vn 0.0779 0.9458 0.3152
vn 0.0516 0.9985 0.0172
vn 0.0918 -0.7042 0.7041
vn 0.1311 -0.7011 0.7009
vn 0.1348 -0.7007 0.7006
vn 0.1159 -0.8884 0.4442
vn 0.0756 -0.8919 0.4459
vn 0.0760 -0.8918 0.4459
vn -0.0456 -0.0377 0.9982
vn -0.0401 -0.0089 0.9992
vn -0.1761 -0.0604 0.9825
vn -0.2017 -0.0337 0.9789
vn -0.1554 -0.0633 0.9858
vn -0.1409 -0.0840 0.9865
vn -0.1072 -0.1121 -0.9879
vn -0.1079 -0.1098 -0.9881
vn 0.2839 -0.6817 0.6743
vn 0.2446 -0.6918 0.6794
vn 0.4466 -0.6866 0.5737
vn 0.4434 -0.6931 0.5683
vn -0.1474 -0.8847 0.4423
vn -0.1124 -0.6741 0.7300
vn -0.2123 -0.6360 0.7419
vn -0.2365 -0.6255 0.7435
vn 0.4404 0.5985 0.6692
vn 0.4442 0.6021 0.6634
vn 0.1105 0.9939 -0.0000
vn 0.9675 0.1492 0.2041
vn 0.9646 0.1582 0.2110
vn 0.0279 0.0312 -0.9991
vn 0.0383 0.0082 -0.9992
vn 0.2500 -0.0613 0.9663
vn 0.2287 -0.0436 0.9725
vn 0.2417 -0.0362 0.9697
vn 0.2555 -0.0596 0.9650
vn -0.7029 -0.6724 0.2320
vn -0.6918 -0.6817 0.2380
vn -0.0459 -0.0065 0.9989
vn -0.1120 -0.0416 0.9928
vn -0.1162 -0.0530 0.9918
vn -0.0858 -0.0247 0.9960
vn 0.5413 -0.8219 -0.1773
vn 0.5475 -0.8124 -0.2006
vn 0.9950 0.0930 -0.0369
vn 0.0934 -0.9828 0.1592
vn 0.1020 -0.9823 0.1572
vn 0.0584 -0.9642 0.2588
vn 0.0556 -0.9641 0.2596
vn 0.0344 0.8939 -0.4469
vn -0.9657 -0.0813 -0.2468
vn 0.9995 0.0030 0.0302
vn -0.2278 -0.8708 -0.4356
vn -0.2320 -0.8680 -0.4391
vn -0.7063 -0.7063 0.0485
vn -0.7097 -0.7029 0.0482
vn 0.2182 -0.9471 0.2352
vn 0.2379 -0.9381 0.2516
vn -0.1700 0.6642 0.7280
vn -0.1761 0.6661 0.7248
vn 0.0327 -0.0484 -0.9983
vn 0.0694 0.0092 -0.9975
vn 0.0135 -0.0096 -0.9999
vn -0.0218 -0.0979 -0.9950
vn -0.2821 -0.9373 0.2045
vn -0.2540 -0.8890 0.3811
vn -0.2872 -0.9006 0.3263
vn -0.6108 -0.5892 0.5290
vn -0.6197 -0.5698 0.5398
vn -0.8698 -0.3723 0.3237
vn -0.7940 -0.2991 0.5292
vn -0.7912 -0.2793 0.5440
vn -0.7366 -0.4651 0.4910
vn -0.7057 -0.5054 0.4964
vn -0.8334 -0.5180 -0.1929
vn -0.8405 -0.5107 -0.1809
vn 0.0123 -0.0121 -0.9999
vn 0.8221 -0.0071 -0.5694
vn 0.8321 -0.0000 -0.5547
vn 0.8121 -0.0139 -0.5833
vn 0.7968 -0.0242 -0.6038
vn 0.7020 0.7020 -0.1195
vn 0.7041 0.7041 -0.0926
vn 0.7040 0.7040 -0.0937
vn 0.1954 0.9772 -0.0832
vn 0.4819 -0.8684 -0.1165
vn 0.6032 -0.7864 -0.1328
vn 0.5993 -0.7886 -0.1376
vn 0.4716 -0.8763 -0.0983
vn 0.9946 -0.0127 -0.1027
vn 0.8179 -0.2767 0.5045
vn 0.8847 -0.0891 0.4576
vn 0.6587 -0.4342 0.6144
vn -0.2964 0.8874 -0.3530
vn -0.2958 0.8894 -0.3487
vn 0.8937 -0.0477 0.4461
vn -0.9953 -0.0000 -0.0970
vn 0.9499 -0.1833 -0.2533
vn 0.9514 -0.1811 -0.2490
vn 0.6528 -0.7417 -0.1539
vn 0.6523 -0.7394 -0.1667
vn 0.5803 -0.8033 -0.1337
vn 0.5842 -0.8018 -0.1260
vn 0.1117 0.9937 -0.0000
vn 0.1173 0.9931 -0.0000
vn -0.0907 -0.1614 -0.9827
vn -0.0887 -0.1594 -0.9832
vn 0.2524 -0.8655 -0.4327
vn 0.2867 -0.6020 -0.7453
vn 0.3096 -0.5905 -0.7453
vn 0.3187 -0.5858 -0.7451
vn -0.9358 0.1051 -0.3366
vn -0.9346 0.1028 -0.3406
vn -0.5818 0.8134 -0.0000
vn -0.5814 0.8136 -0.0000
vn 0.0336 -0.9959 0.0835
vn 0.0162 -0.9966 0.0812
vn 0.1824 0.0263 -0.9829
vn -0.8325 -0.1907 0.5202
vn -0.8506 -0.2046 0.4844
vn -0.8545 -0.2053 0.4771
vn -0.8401 -0.1936 0.5067
vn -0.9767 0.0421 0.2106
vn -0.9932 0.0228 0.1142
vn -0.9771 0.0423 0.2087
vn 0.2711 -0.7438 0.6110
vn 0.2517 -0.7229 0.6435
vn 0.9054 0.3931 0.1603
vn 0.9032 0.3874 0.1848
vn 0.9152 0.3960 0.0741
vn 0.9162 0.3934 0.0767
vn -0.9486 0.3162 -0.0148
vn -0.9486 0.3162 -0.0157
vn 0.9804 0.1961 -0.0165
vn 0.9818 0.1897 -0.0059
vn -0.9484 0.3161 0.0239
vn -0.9487 0.3162 0.0096
vn -0.9487 0.3162 0.0074
vn -0.8318 0.5546 -0.0209
vn 0.6966 0.6777 -0.2357
vn 0.6861 0.6912 -0.2271
vn -0.2122 0.0111 -0.9772
vn -0.0621 -0.1635 -0.9846
vn -0.0597 -0.1674 -0.9841
vn 0.1700 0.0651 -0.9833
vn 0.1969 0.0156 -0.9803
vn 0.6789 0.4229 -0.6003
vn 0.6800 0.4223 -0.5994
vn -0.3436 -0.5728 0.7442
vn -0.3114 -0.7784 0.5451
vn 0.3435 -0.5726 -0.7444
vn 0.3114 -0.7784 -0.5451
vn 0.8938 -0.4468 -0.0383
vn 0.8938 -0.4468 -0.0373
vn -0.0756 0.8095 -0.5822
vn -0.0663 0.8059 -0.5884
vn -0.2635 -0.0719 0.9620
vn -0.2687 -0.0694 0.9607
vn -0.8605 -0.3024 -0.4100
vn -0.8762 -0.2816 -0.3912
vn -0.8655 -0.2960 -0.4042
vn -0.8480 -0.3180 -0.4240
vn -0.7479 0.3696 -0.5514
vn -0.7544 0.3891 -0.5286
vn -0.1563 0.9016 -0.4034
vn -0.1478 0.8967 -0.4172
vn 0.0723 0.1497 0.9861
vn 0.0878 0.2220 0.9711
vn 0.0249 0.0924 0.9954
vn 0.8059 -0.0064 0.5920
vn 0.8036 -0.0066 0.5952
vn -0.0377 -0.2032 -0.9784
vn -0.0405 -0.1999 -0.9790
vn 0.0475 -0.1867 -0.9813
vn 0.0187 -0.1684 -0.9855
vn -0.0671 -0.0075 0.9977
vn -0.0856 -0.0098 0.9963
vn 0.9484 0.3161 -0.0269
vn 0.8317 0.5544 -0.0295
vn 0.0854 -0.2086 0.9743
vn 0.0843 -0.2119 0.9737
vn 0.2775 -0.9538 -0.1149
vn 0.3011 -0.9534 -0.0201
vn 0.3186 -0.9477 -0.0212
vn -0.3695 0.9239 -0.0992
vn -0.3689 0.9241 -0.0994
vn -0.7901 0.3019 0.5335
vn -0.7789 0.2950 0.5535
vn -0.7192 0.6421 -0.2654
vn -0.2828 0.7842 -0.5523
vn 0.1009 -0.0977 0.9901
vn 0.3185 0.8815 -0.3486
vn 0.2988 0.8945 -0.3327
vn -0.9123 0.2986 0.2802
vn -0.9015 0.2992 0.3128
vn 0.8083 -0.3619 0.4645
vn 0.7973 -0.3725 0.4750
vn 0.7625 -0.4575 0.4575
vn 0.7389 -0.6457 0.1928
vn 0.7492 -0.6338 0.1922
vn 0.7558 -0.6244 0.1973
vn -0.2356 -0.8693 -0.4346
vn -0.2342 -0.8696 -0.4347
vn -0.9372 -0.3487 -0.0000
vn -0.9901 -0.0293 -0.1371
vn 0.1725 0.3647 0.9150
vn 0.1725 0.3627 0.9158
vn 0.1731 0.4386 0.8818
vn 0.1731 0.4407 0.8808
vn -0.5488 -0.8058 0.2225
vn -0.5892 -0.8057 0.0604
vn -0.5902 -0.8054 0.0553
vn -0.5527 -0.8067 0.2092
vn -0.7071 -0.4243 -0.5657
vn -0.4741 -0.3386 -0.8128
vn -0.0251 -0.1013 -0.9945
vn -0.0291 -0.0997 -0.9946
vn 0.1839 0.7188 -0.6704
vn 0.1909 0.7091 -0.6788
vn -0.2683 0.7017 0.6600
vn -0.4239 0.7074 0.5655
vn -0.3927 0.7179 0.5748
vn -0.2563 0.6836 0.6834
vn 0.1013 0.9166 -0.3868
vn 0.1089 0.9122 -0.3950
vn 0.7020 -0.0908 0.7064
vn 0.6776 -0.2091 0.7051
vn 0.6683 -0.2052 0.7150
vn 0.7045 -0.0863 0.7044
vn 0.5236 -0.5235 0.6722
vn 0.5274 -0.5273 0.6662
vn 0.3085 -0.9473 -0.0861
vn 0.3121 -0.9440 -0.1071
vn 0.6931 -0.3575 0.6260
vn 0.6872 -0.3435 0.6402
vn -0.1753 -0.9844 -0.0140
vn -0.1677 -0.9853 -0.0325
vn -0.6982 -0.1576 -0.6983
vn -0.6998 -0.1425 -0.6999
vn -0.3487 -0.9173 0.1923
vn -0.3666 -0.9165 0.1604
vn 0.5960 -0.7842 0.1726
vn 0.5900 -0.7844 0.1911
vn 0.4239 0.7075 0.5655
vn 0.3927 0.7179 0.5748
vn 0.0972 0.1021 0.9900
vn 0.9523 0.2697 -0.1428
vn 0.9461 0.2445 -0.2123
vn 0.9799 -0.0484 -0.1936
vn -0.0868 0.7044 -0.7044
vn -0.0862 0.7032 -0.7057
vn -0.0548 0.7060 -0.7060
vn -0.0548 0.7112 -0.7008
vn -0.6673 0.1723 0.7246
vn -0.6977 0.0887 0.7108
vn -0.6898 0.0871 0.7187
vn -0.6685 0.1682 0.7245
vn 0.0322 0.0615 0.9976
vn 0.0207 0.0252 0.9995
vn -0.0207 -0.0000 0.9998
vn 0.8499 -0.5088 0.1373
vn 0.9114 -0.4097 -0.0393
vn 0.8610 -0.5039 0.0694
vn 0.8403 -0.5110 0.1809
vn 0.9930 -0.0421 -0.1105
vn 0.2146 0.6656 -0.7148
vn 0.2134 0.6543 -0.7255
vn -0.9988 -0.0000 -0.0497
vn -0.1287 0.7698 -0.6252
vn -0.1544 0.7649 -0.6253
vn -0.1254 0.7690 -0.6269
vn -0.6075 0.7944 -0.0000
vn -0.0767 0.9971 -0.0000
vn -0.1153 -0.0000 -0.9933
vn -0.1453 -0.0000 -0.9894
vn -0.9606 0.1965 0.1965
vn -0.9576 0.2022 0.2052
vn -0.9581 0.2026 0.2026
vn -0.9130 0.4067 -0.0332
vn 0.3670 0.9174 -0.1538
vn 0.3670 0.9175 -0.1535
vn -0.0941 0.1499 -0.9842
vn 0.2603 0.6625 -0.7024
vn 0.2657 0.6597 -0.7030
vn -0.7896 -0.5865 -0.1806
vn -0.8096 -0.5765 -0.1103
vn -0.8080 -0.5775 -0.1168
vn -0.7902 -0.5831 -0.1887
vn 0.1725 0.9087 -0.3801
vn 0.3141 -0.9425 -0.1142
vn 0.3141 -0.9425 -0.1143
vn 0.6193 -0.5332 -0.5763
vn 0.6211 -0.5312 -0.5762
vn -0.7998 0.0231 0.5999
vn -0.7937 0.0257 0.6078
vn 0.1885 -0.9747 0.1201
vn 0.6727 -0.1160 -0.7308
vn 0.6746 -0.1103 -0.7299
vn 0.6835 -0.0832 -0.7252
vn 0.6753 -0.0865 -0.7324
vn -0.0530 -0.0086 -0.9986
vn 0.7170 0.4666 0.5178
vn 0.6858 0.4175 0.5962
vn 0.6968 0.4341 0.5710
vn 0.6968 0.4341 0.5709
vn 0.7276 0.4851 0.4851
vn 0.5969 -0.7586 0.2610
vn 0.6079 -0.7515 0.2563
vn 0.0100 -0.9997 -0.0244
vn 0.0078 -0.9998 -0.0194
vn -0.5746 -0.5975 0.5593
vn -0.5501 -0.6340 0.5435
vn 0.7226 0.4814 0.4961
vn 0.7261 0.4793 0.4930
vn 0.1784 0.0525 0.9826
vn 0.1753 0.0463 0.9834
vn -0.1930 0.1276 -0.9729
vn -0.2103 0.1178 -0.9705
vn -0.4765 -0.8706 -0.1224
vn -0.4899 -0.8591 -0.1480
vn 0.1207 0.9531 -0.2775
vn 0.2276 0.9671 0.1138
vn 0.2063 0.9739 0.0944
vn 0.1608 0.9862 -0.0380
vn -0.3150 -0.9452 0.0853
vn -0.3149 -0.9451 0.0872
vn -0.3149 -0.9451 0.0873
vn -0.0000 -0.9946 0.1036
vn 0.6812 -0.4432 0.5827
vn 0.3547 -0.5446 0.7600
vn 1.0000 -0.0000 0.0100
vn 0.9961 -0.0000 0.0880
vn 0.9899 -0.0000 0.1415
vn -0.0000 -0.8945 0.4471
vn 0.7043 -0.6984 0.1276
vn 0.7013 -0.7013 0.1279
vn 0.1918 0.9331 -0.3042
vn 0.1659 0.9468 -0.2758
vn 0.0712 -0.8922 0.4460
vn 0.0773 -0.8918 0.4458
vn -0.8925 0.0489 -0.4484
vn -0.8985 0.0544 -0.4357
vn -0.8951 0.0513 -0.4428
vn -0.8903 0.0469 -0.4530
vn 0.9702 0.2425 -0.0000
vn 0.9379 0.3469 -0.0000
vn 0.6913 0.2657 -0.6720
vn 0.7899 0.3018 -0.5338
vn 0.7787 0.2950 -0.5538
vn 0.6862 0.2413 -0.6862
vn -0.2731 0.7829 -0.5590
vn -0.9701 0.2426 -0.0000
vn -0.9379 0.3470 -0.0000
vn -0.7981 0.5408 -0.2657
vn -0.9995 -0.0000 -0.0304
vn -1.0000 -0.0000 -0.0100
vn 0.2203 0.6414 0.7349
vn 0.2106 0.6368 0.7418
vn -0.9015 0.2428 0.3583
vn -0.8320 0.5547 -0.0000
vn -0.8317 0.5545 -0.0270
vn -0.8314 0.5543 -0.0390
vn 0.0548 0.7112 -0.7008
vn 0.0323 0.8243 -0.5652
vn 0.0355 0.8282 -0.5593
vn 0.0548 0.7060 -0.7060
vn -0.1098 -0.1097 -0.9879
vn -0.1101 -0.1082 -0.9880
vn 0.4082 0.8165 0.4083
vn 0.3620 0.9307 0.0518
vn 0.3681 0.9280 0.0574
vn 0.3844 0.9199 0.0779
vn -0.4390 -0.1084 0.8919
vn -0.4455 -0.0848 0.8912
vn -0.6504 -0.4975 0.5739
vn -0.6489 -0.4993 0.5740
vn 0.1292 -0.0920 0.9873
vn 0.1024 -0.0791 0.9916
vn 0.1394 0.8713 -0.4706
vn 0.1630 0.6700 -0.7243
vn 0.8656 -0.4254 -0.2642
vn 0.8586 -0.4318 -0.2762
vn 0.7761 -0.5757 -0.2573
vn 0.7742 -0.5821 -0.2486
vn 0.8950 -0.4460 -0.0000
vn 0.8960 -0.4440 -0.0000
vn 0.9488 -0.1413 -0.2826
vn -0.6400 -0.7057 0.3039
vn -0.6376 -0.7202 0.2734
vn -0.1207 0.0800 0.9895
vn -0.4546 -0.7307 0.5094
vn -0.4576 -0.7301 0.5075
vn -0.0144 0.0496 0.9987
vn 0.0086 0.0398 0.9992
vn -0.1968 -0.3100 0.9301
vn -0.1968 -0.3101 0.9301
vn 0.0763 0.0163 0.9970
vn -0.0365 0.1332 -0.9904
vn 0.0212 -0.9989 -0.0425
vn 0.0208 -0.9989 -0.0427
vn 0.0278 0.5998 0.7997
vn 0.0303 0.5982 0.8008
vn -0.2072 -0.5017 0.8398
vn -0.2514 -0.5246 0.8134
vn -0.3095 -0.5561 0.7713
vn -0.5098 -0.4278 0.7464
vn -0.4892 -0.4243 0.7621
vn -0.3975 -0.4454 0.8022
vn 0.1005 0.1983 0.9750
vn -0.0128 -0.8646 0.5022
vn 0.0797 -0.7926 0.6045
vn 0.0332 -0.8144 0.5794
vn -0.0333 -0.8657 0.4994
vn 0.7052 -0.7052 0.0738
vn -0.1070 -0.0778 -0.9912
vn -0.1032 -0.1000 -0.9896
vn -0.1821 0.8276 -0.5309
vn -0.2545 0.8885 -0.3818
vn -0.2604 0.8793 -0.3988
vn -0.1810 0.8273 -0.5318
vn 0.1402 -0.1318 0.9813
vn 0.1423 -0.1323 0.9809
vn 0.1405 -0.0852 0.9864
vn 0.1361 -0.0889 0.9867
vn 0.1105 0.6667 0.7371
vn 0.1256 0.6695 0.7321
vn -0.0041 0.5616 0.8274
vn -0.0031 0.5568 0.8306
vn 0.2477 -0.0667 -0.9666
vn 0.2775 -0.0592 -0.9589
vn -0.8671 -0.3728 -0.3304
vn -0.8690 -0.3780 -0.3194
vn 0.1269 -0.8872 0.4436
vn 0.1306 -0.8868 0.4434
vn -0.6887 -0.4555 0.5641
vn -0.6803 -0.4602 0.5705
vn 0.1058 0.0480 0.9932
vn -0.9905 0.0161 -0.1366
vn -0.9905 0.0161 -0.1365
vn -0.9827 -0.0000 -0.1853
vn -0.9796 0.1006 -0.1740
vn 0.6875 -0.4510 -0.5692
vn 0.6870 -0.4516 -0.5693
vn -0.6124 -0.2648 -0.7448
vn 0.0420 0.0613 0.9972
vn 0.0507 0.0638 0.9967
vn 0.4320 -0.8714 0.2324
vn 0.3517 -0.9045 0.2412
vn 0.3968 -0.8869 0.2365
vn 0.4730 -0.8513 0.2270
vn 0.6900 -0.6998 -0.1847
vn 0.6892 -0.7026 -0.1771
vn -0.9973 -0.0081 -0.0728
vn -0.9920 -0.0141 -0.1256
vn -0.0000 -0.9944 0.1053
vn -0.0000 -0.9948 0.1018
vn -0.0000 -0.9947 0.1024
vn -0.0000 -0.9945 0.1046
vn 0.2228 0.6313 -0.7428
vn 0.1779 0.6499 -0.7389
vn 0.1832 0.6478 -0.7395
vn 0.3189 0.7744 -0.5465
vn 0.3963 0.7265 -0.5613
vn 0.3842 0.7346 -0.5593
vn 0.8336 0.3978 -0.3833
vn 0.8411 0.3890 -0.3758
vn 0.7051 -0.7051 0.0744
vn 0.7051 -0.7051 0.0756
vn 0.7052 -0.7051 0.0744
vn 0.1661 -0.1005 0.9810
vn 0.1938 -0.0420 0.9801
vn -0.9594 0.2441 -0.1411
vn -0.9473 0.3146 -0.0608
vn -0.9470 0.3156 -0.0593
vn 0.2195 -0.1900 0.9569
vn 0.2203 -0.1903 0.9567
vn 0.5028 -0.7885 0.3542
vn 0.0380 -0.1735 -0.9841
vn 0.0394 -0.1695 -0.9847
vn -0.1160 -0.1270 -0.9851
vn -0.1187 -0.1275 -0.9847
vn -0.0000 0.0029 -1.0000
vn 0.1213 0.0100 -0.9926
vn 0.1146 0.0054 -0.9934
vn -0.7980 -0.0741 0.5980
vn -0.7922 -0.0545 0.6078
vn -0.3122 -0.9440 -0.1071
vn -0.3085 -0.9473 -0.0861
vn -0.2426 0.9701 -0.0000
vn -0.2425 0.9701 -0.0000
vn -0.7558 -0.6244 0.1972
vn -0.7625 -0.4575 0.4575
vn -0.7061 -0.7059 0.0559
vn -0.7061 -0.7059 0.0562
vn 0.1529 -0.9873 0.0440
vn 0.1736 -0.9841 0.0386
vn -0.8301 0.5534 -0.0684
vn -0.8270 0.5580 -0.0681
vn 0.1405 -0.1022 -0.9848
vn 0.1434 -0.1031 -0.9843
vn -0.3128 0.8544 -0.4150
vn -0.3135 0.8558 -0.4114
vn -0.0291 -0.0145 -0.9995
vn -0.0125 -0.0266 -0.9996
vn 0.6947 -0.7020 -0.1568
vn 0.6843 -0.7112 -0.1610
vn 0.6883 -0.7077 -0.1594
vn 0.6985 -0.6986 -0.1552
vn 0.1938 -0.0384 0.9803
vn 0.2017 -0.0337 0.9789
vn -0.7686 -0.5857 -0.2572
vn -0.7871 -0.5553 -0.2684
vn 0.0296 0.0166 0.9994
vn -0.1451 -0.0344 -0.9888
vn -0.1475 -0.0383 -0.9883
vn 0.1191 0.0138 -0.9928
vn 0.1193 0.0113 -0.9928
vn -0.1905 -0.0195 -0.9815
vn 0.8665 0.2476 -0.4334
vn 0.8551 0.2516 -0.4533
vn -0.7274 -0.4000 -0.5577
vn -0.8433 -0.1053 -0.5271
vn -0.1287 0.9854 -0.1112
vn -0.0092 0.9948 -0.1012
vn 0.0045 0.9954 -0.0959
vn -0.0270 0.0339 -0.9991
vn -0.0401 0.0701 -0.9967
vn 0.2264 0.6587 0.7175
vn 0.3429 0.7033 0.6228
vn 0.3435 0.7011 0.6249
vn 0.2337 0.6494 0.7236
vn 0.7209 -0.6587 -0.2155
vn 0.7342 -0.6504 -0.1948
vn -0.8642 0.2462 -0.4388
vn -0.8716 0.2455 -0.4243
vn 0.9999 0.0011 0.0107
vn 0.2123 -0.6360 0.7419
vn 0.1124 -0.6741 0.7300
vn 0.1474 -0.8847 0.4423
vn -0.3152 -0.9456 0.0805
vn -0.0000 -0.9944 0.1058
vn -0.4741 -0.7727 0.4221
vn -0.4859 -0.7733 0.4072
vn 0.9698 -0.2425 0.0253
vn -0.7132 0.7008 -0.0125
vn -0.7150 0.6982 -0.0348
vn -0.7140 0.6995 -0.0292
vn -0.7165 0.6974 -0.0192
vn 0.0358 0.9652 -0.2592
vn 0.0491 0.9706 -0.2355
vn -0.0000 0.7498 -0.6616
vn -0.0871 0.7176 -0.6909
vn 0.1244 0.7757 -0.6187
vn 0.2750 0.7926 -0.5442
vn 0.2635 0.8080 -0.5270
vn 0.3487 -0.9173 0.1923
vn 0.3665 -0.9165 0.1604
vn 0.9781 0.1953 -0.0716
vn 0.9812 0.1873 -0.0460
vn 0.3175 0.9482 0.0022
vn 0.3611 0.9317 0.0387
vn -0.0334 0.0099 0.9994
vn -0.0348 -0.0062 0.9994
vn -0.0820 0.0091 0.9966
vn 0.1061 -0.2263 0.9683
vn 0.0998 -0.2162 0.9712
vn -0.5132 -0.8565 -0.0542
vn -0.5542 -0.8313 -0.0438
vn -0.4191 -0.9047 -0.0767
vn -0.3712 -0.9244 -0.0874
vn -0.1218 -0.0683 -0.9902
vn -0.1249 -0.0674 -0.9899
vn 0.0643 0.0221 -0.9977
vn 0.0612 0.0134 -0.9980
vn 0.0635 0.0206 -0.9978
vn 0.0619 0.0130 -0.9980
vn 0.1207 0.0800 0.9895
vn 0.0365 0.1332 -0.9904
vn 0.0495 0.1490 -0.9876
vn 0.3703 0.9256 -0.0780
vn 0.3703 0.9256 -0.0788
vn 0.3703 0.9256 -0.0779
vn -0.1239 0.9895 -0.0739
vn -0.1414 0.9900 -0.0000
vn -0.2063 0.9739 0.0945
vn -0.0000 -1.0000 0.0008
vn -0.0388 -0.9982 0.0449
vn -0.1005 0.1983 0.9750
vn 0.9239 0.3827 -0.0000
vn 0.9487 0.3163 -0.0000
vn 0.2182 -0.8728 0.4365
vn 0.1741 -0.6964 0.6962
vn 0.0051 -0.0167 -0.9998
vn 0.0186 -0.0111 -0.9998
vn -0.0594 0.0957 -0.9936
vn -0.9943 0.0210 0.1048
vn -0.5304 -0.6502 0.5439
vn -0.5024 -0.6771 0.5377
vn 0.9999 -0.0000 0.0112
vn -0.8583 0.3906 -0.3327
vn -0.8588 0.3904 -0.3318
vn 0.7093 0.3911 -0.5865
vn 0.7154 0.3861 -0.5823
vn 0.7042 0.7042 -0.0899
vn 0.3704 0.9261 -0.0709
vn 0.3703 0.9259 -0.0750
vn 0.3703 0.9259 -0.0749
vn 0.4257 0.6702 -0.6079
vn 0.8099 -0.5728 0.1259
vn 0.8305 -0.5481 0.0996
vn -0.1917 0.2975 -0.9353
vn -0.2154 0.2872 -0.9333
vn -0.1766 0.3038 -0.9362
vn -0.1561 0.3124 -0.9370
vn 0.1687 -0.0358 -0.9850
vn -0.1792 -0.0274 -0.9834
vn -0.1816 -0.0303 -0.9829
vn -0.5935 -0.3898 0.7041
vn -0.6388 -0.5111 0.5751
vn -0.6248 -0.4690 0.6242
vn -0.6248 -0.4689 0.6243
vn -0.5726 -0.3436 0.7444
vn -0.5935 -0.3898 0.7042
vn -0.7064 0.7067 -0.0387
vn -0.7069 0.7067 -0.0308
vn -0.9792 0.2023 -0.0177
vn -0.1116 -0.1779 0.9777
vn -0.1129 -0.1754 0.9780
vn 0.8004 -0.5900 0.1059
vn 0.8520 -0.5111 0.1136
vn 0.8443 -0.5252 0.1064
vn 0.7969 -0.5965 0.0953
vn -0.0340 0.7348 -0.6775
vn 0.1284 0.7890 -0.6009
vn -0.2183 0.6551 -0.7233
vn 0.3102 -0.7828 0.5395
vn 0.3066 -0.7695 0.5602
vn 0.5020 0.8537 -0.1382
vn 0.4747 0.8631 -0.1726
vn 0.5520 0.8308 -0.0711
vn 0.5729 0.8186 -0.0410
vn -0.4296 -0.8398 0.3320
vn -0.4297 -0.8397 0.3320
vn -0.0572 -0.0641 0.9963
vn -0.0598 -0.0664 0.9960
vn 0.0173 0.9959 -0.0890
vn 0.0176 0.9960 -0.0879
vn -0.3369 -0.4918 0.8029
vn -0.8102 -0.1621 0.5633
vn -0.7424 -0.2699 0.6131
vn 0.0307 -0.7068 0.7067
vn 0.0758 -0.8919 0.4459
vn 0.0805 -0.8907 0.4474
vn 0.0194 -0.8943 0.4471
vn 0.2683 0.7017 0.6600
vn 0.2563 0.6836 0.6834
vn -0.1347 0.7007 0.7007
vn -0.1317 0.7020 0.6999
vn -0.2281 0.6885 0.6884
vn -0.2391 0.6912 0.6819
vn -0.1191 0.0138 -0.9928
vn -0.1193 0.0113 -0.9928
vn 0.2281 -0.1727 0.9582
vn 0.2300 -0.1729 0.9577
vn 0.9684 -0.2493 0.0095
vn -0.7705 0.5315 -0.3519
vn -0.7670 0.5389 -0.3483
vn -0.3502 0.7016 0.6206
vn -0.3501 0.7001 0.6223
vn -0.3187 -0.5859 -0.7451
vn -0.3096 -0.5906 -0.7452
vn -0.2867 -0.6020 -0.7452
vn -0.2524 -0.8655 -0.4327
vn 0.1710 0.9490 -0.2650
vn 0.1726 0.9477 -0.2686
vn -0.5421 0.5678 -0.6195
vn -0.0001 0.9403 -0.3403
vn -0.0075 0.9373 -0.3483
vn 0.4907 -0.6937 0.5273
vn 0.3845 -0.7523 0.5350
vn 0.4628 -0.7104 0.5301
vn 0.4629 -0.7104 0.5301
vn 0.5434 -0.6589 0.5202
vn -0.3161 -0.9485 0.0204
vn -0.3152 -0.9457 0.0795
vn -0.3153 -0.9460 0.0751
vn -0.5962 -0.8025 0.0226
vn 0.1030 0.0050 -0.9947
vn 0.0878 -0.0073 -0.9961
vn 0.1805 -0.9831 0.0300
vn 0.0385 -0.9981 0.0478
vn -0.5391 -0.5727 0.6176
vn -0.5436 -0.5704 0.6157
vn 0.8071 -0.3229 0.4944
vn 0.7787 -0.3180 0.5408
vn 0.7040 -0.7040 0.0939
vn 0.8940 -0.4470 0.0328
vn 0.8939 -0.4469 0.0344
vn 0.8935 -0.4468 0.0447
vn 0.7246 0.5497 -0.4157
vn 0.7261 0.5470 -0.4166
vn -0.1207 0.9531 -0.2775
vn -0.1277 0.9529 -0.2751
vn -0.1738 0.9848 -0.0000
vn -0.1144 0.6733 -0.7305
vn -0.1259 0.6710 -0.7307
vn 0.9637 0.2391 -0.1187
vn -0.1367 -0.0207 -0.9904
vn -0.1403 -0.0201 -0.9899
vn 0.9173 -0.0175 0.3977
vn 0.9107 -0.0216 0.4125
vn 0.9033 -0.0074 0.4290
vn 0.9048 -0.0089 0.4258
vn 0.1414 0.9900 -0.0000
vn -0.0000 -0.0029 1.0000
vn 0.5935 -0.3898 0.7041
vn 0.5726 -0.3436 0.7443
vn 0.6249 -0.4690 0.6242
vn 0.6389 -0.5111 0.5750
vn 0.1389 0.7955 -0.5898
vn 0.1319 0.8040 -0.5799
vn -0.1583 -0.0357 -0.9867
vn -0.4756 0.6684 0.5719
vn -0.4781 0.6664 0.5721
vn 0.1101 -0.1082 -0.9880
vn 0.1098 -0.1097 -0.9879
vn 0.1670 0.9798 -0.1104
vn 0.0932 0.9817 -0.1658
vn 0.1150 0.9842 -0.1349
vn 0.1916 0.9777 -0.0854
vn -0.3151 -0.9454 0.0832
vn -0.3143 -0.9431 0.1083
vn -0.3143 -0.9432 0.1078
vn 0.1738 0.9848 -0.0000
vn 0.2335 0.9724 -0.0014
vn 0.2418 0.9703 -0.0000
vn 0.1277 0.9529 -0.2751
vn 1.0000 0.0005 0.0091
vn -0.2276 0.9671 0.1139
vn 0.8154 -0.1990 0.5437
vn 0.8250 -0.2196 0.5207
vn 1.0000 0.0068 0.0001
vn 0.6332 0.7544 -0.1729
vn 0.6496 0.7368 -0.1875
vn 0.5625 0.8126 -0.1528
vn 0.5614 0.8167 -0.1336
vn 0.1773 0.9780 -0.1098
vn -0.0039 0.9953 -0.0964
vn 0.1949 0.9744 -0.1118
vn -0.1670 0.9798 -0.1104
vn -0.1916 0.9777 -0.0854
vn -0.1150 0.9842 -0.1349
vn -0.0932 0.9817 -0.1658
vn 0.1196 0.6728 -0.7300
vn 0.0868 0.7044 -0.7044
vn 0.0862 0.7032 -0.7057
vn 0.1249 0.6697 -0.7320
vn -0.1179 -0.0133 -0.9929
vn 0.6963 -0.1741 -0.6963
vn 0.5634 -0.4427 -0.6976
vn 0.7840 0.0993 0.6128
vn 0.7840 0.1024 0.6122
vn -0.0300 -0.0555 0.9980
vn -0.0487 -0.0406 0.9980
vn 0.0545 0.7184 -0.6935
vn 0.0551 0.7045 -0.7076
vn -0.1105 0.9939 -0.0000
vn -0.1769 0.9842 -0.0000
vn 0.7810 0.2176 -0.5853
vn -0.3134 -0.9403 0.1327
vn -0.3133 -0.9403 0.1328
vn 0.9815 0.0431 0.1864
vn 0.9842 0.0088 0.1767
vn 0.9486 0.3161 0.0158
vn 0.8308 0.5538 -0.0554
vn 0.5744 -0.5803 0.5773
vn 0.5800 -0.5747 0.5773
vn 0.1328 0.6990 0.7026
vn 0.1296 0.7011 0.7011
vn -0.3208 -0.5157 0.7945
vn -0.3392 -0.5087 0.7913
vn -0.9806 -0.1961 -0.0000
vn -0.0967 -0.8902 0.4451
vn -0.0614 -0.7058 0.7058
vn -0.1615 -0.6781 -0.7170
vn -0.1219 -0.6706 -0.7317
vn -0.1697 -0.6796 -0.7137
vn -0.1698 -0.6796 -0.7137
vn -0.1981 -0.6840 -0.7021
vn -0.1215 0.0265 0.9922
vn -0.1278 0.0392 0.9910
vn -0.1058 0.0480 0.9932
vn -0.4471 -0.0000 0.8945
vn -0.4455 -0.0847 0.8912
vn -0.9564 0.0708 -0.2834
vn 0.7253 -0.6594 0.1979
vn 0.7313 -0.6544 0.1925
vn -0.8937 -0.4469 0.0399
vn -0.8937 -0.4469 0.0396
vn 0.5935 -0.3898 -0.7041
vn 0.6388 -0.5111 -0.5751
vn 0.6248 -0.4690 -0.6242
vn 0.6248 -0.4689 -0.6243
vn 0.5726 -0.3436 -0.7444
vn 0.5935 -0.3898 -0.7042
vn -0.5900 -0.7844 0.1911
vn -0.5960 -0.7842 0.1725
vn -0.2103 0.8977 -0.3871
vn -0.2095 0.8967 -0.3900
vn 0.0032 0.1149 -0.9934
vn 0.0311 0.1128 -0.9931
vn -0.7633 0.4161 -0.4942
vn -0.7580 0.4578 -0.4646
vn -0.0096 -0.0331 -0.9994
vn -0.0002 -0.0246 -0.9997
vn 0.9493 -0.1406 -0.2813
vn 0.9127 0.1638 -0.3744
vn 0.9125 0.1567 -0.3779
vn -0.0527 -0.0788 0.9955
vn -0.1490 -0.0405 -0.9880
vn -0.1493 -0.0394 -0.9880
vn -0.3763 -0.8575 0.3509
vn -0.3837 -0.8548 0.3494
vn -0.1469 -0.9522 0.2679
vn -0.1409 -0.9491 0.2818
vn 0.9534 -0.2995 -0.0374
vn 0.9596 -0.2792 -0.0349
vn 0.9565 -0.2895 -0.0362
vn 0.9499 -0.3102 -0.0388
vn 0.0357 -0.8939 0.4469
vn 0.0283 -0.7069 0.7068
vn 0.5611 0.5933 0.5772
vn 0.5583 0.5894 0.5839
vn 0.6554 0.4916 0.5734
vn 0.6368 0.5000 0.5869
vn -0.4812 -0.7517 0.4510
vn -0.5035 -0.7552 0.4197
vn -0.8252 -0.5634 -0.0405
vn -0.8243 -0.5644 -0.0447
vn -0.8662 -0.0589 0.4962
vn -0.3114 -0.7784 -0.5452
vn -0.3435 -0.5727 -0.7443
vn 0.9806 -0.1961 -0.0000
vn 0.2776 -0.9375 0.2099
vn 0.3107 -0.9321 0.1861
vn 0.2871 -0.9006 0.3262
vn 0.2540 -0.8890 0.3810
vn -0.9476 0.3158 -0.0481
vn -0.9558 0.1838 0.2295
vn -0.9439 0.3024 0.1329
vn -0.9456 0.2939 0.1395
vn -0.9558 0.1779 0.2340
vn 0.8321 -0.0000 0.5547
vn 0.7593 -0.5692 0.3154
vn 0.6809 -0.6015 0.4178
vn 0.0909 -0.9168 0.3888
vn 0.0965 -0.9074 0.4091
vn 0.5164 -0.8547 -0.0534
vn 0.3823 -0.9201 -0.0849
vn 0.4237 -0.9026 -0.0756
vn 0.5542 -0.8313 -0.0438
vn 0.2295 -0.6882 0.6882
vn 0.1708 -0.7089 0.6843
vn 0.0626 0.0053 -0.9980
vn 0.1792 -0.0274 -0.9834
vn 0.1583 -0.0357 -0.9867
vn -0.3510 -0.9300 0.1088
vn -0.3634 -0.9251 0.1102
vn -0.3404 -0.9341 0.1077
vn -0.3289 -0.9384 0.1064
vn -0.4615 0.6594 -0.5934
vn -0.2821 0.8465 -0.4514
vn -0.0361 0.9769 -0.2109
vn -0.0605 0.9684 -0.2421
vn -0.2305 -0.0922 -0.9687
vn -0.1496 -0.0598 -0.9869
vn -0.2668 -0.1067 -0.9578
vn -0.3553 -0.1421 -0.9239
vn 0.6883 0.7142 -0.1271
vn 0.7010 0.7010 -0.1315
vn 0.7829 -0.4836 0.3914
vn 0.5794 -0.3311 0.7447
vn 0.4827 -0.7791 -0.3999
vn 0.4082 -0.8165 -0.4083
vn 0.4941 -0.7728 -0.3984
vn 0.5767 -0.7208 -0.3845
vn -0.0358 0.9652 -0.2592
vn -0.0491 0.9706 -0.2355
vn 0.0166 0.9608 -0.2768
vn 0.0161 0.9627 -0.2702
vn 0.8070 0.1784 -0.5629
vn 0.8032 0.1460 -0.5775
vn 0.1259 0.6711 0.7306
vn 0.0705 0.7055 0.7052
vn 0.0715 0.7021 0.7085
vn 0.1144 0.6733 0.7304
vn -0.4717 0.5842 0.6605
vn -0.4730 0.5811 0.6623
vn -0.1235 0.0376 0.9916
vn -0.0777 -0.7930 0.6042
vn -0.0468 -0.8057 0.5904
vn -0.1694 -0.6981 0.6956
vn -0.1695 -0.6981 0.6956
vn -0.2293 -0.6728 0.7034
vn 0.0578 -0.8930 -0.4463
vn 0.0569 -0.8930 -0.4463
vn -0.7237 -0.6173 -0.3087
vn -0.6666 -0.6667 -0.3334
vn -0.7182 -0.6224 -0.3112
vn -0.7182 -0.6223 -0.3112
vn -0.7663 -0.5746 -0.2874
vn -0.7237 -0.6172 -0.3087
vn -0.0635 0.0206 -0.9978
vn -0.0715 0.7021 0.7085
vn -0.0705 0.7055 0.7052
vn -0.8544 -0.4492 -0.2613
vn -0.9338 -0.2742 -0.2298
vn -0.9318 -0.2776 -0.2337
vn -0.8499 -0.4572 -0.2622
vn -0.1113 -0.0543 -0.9923
vn 0.1641 -0.8421 0.5138
vn 0.1766 -0.8431 0.5079
vn 0.9141 -0.0209 0.4049
vn 0.9082 -0.0231 0.4180
vn -0.1005 -0.6068 -0.7885
vn -0.1322 -0.5947 -0.7930
vn -0.1052 -0.6051 -0.7892
vn -0.0652 -0.6194 -0.7824
vn -0.1691 -0.4802 0.8607
vn -0.2155 -0.4041 0.8890
vn -0.1982 -0.5452 0.8146
vn -0.1691 -0.4803 0.8607
vn 0.5733 -0.7007 -0.4246
vn 0.4073 -0.6109 -0.6789
vn -0.0839 0.2276 -0.9701
vn -0.1892 0.2648 -0.9456
vn -0.1401 0.2478 -0.9586
vn -0.1400 0.2477 -0.9587
vn -0.0349 0.2094 -0.9772
vn 0.0777 0.9666 -0.2443
vn 0.0757 0.9667 -0.2444
vn 0.9844 0.0015 0.1757
vn 0.0270 0.0339 -0.9991
vn 0.8942 -0.4471 0.0224
vn 0.7008 -0.7005 0.1350
vn 0.6999 -0.6996 0.1442
vn 0.7055 -0.7052 0.0705
vn -0.7901 0.3018 0.5335
vn -0.8665 0.2476 0.4334
vn -0.8551 0.2517 0.4532
vn -0.8551 0.2517 0.4533
vn -0.1842 -0.9828 -0.0113
vn 0.3801 -0.9233 -0.0543
vn -0.0220 0.9937 -0.1100
vn -0.0225 0.9933 -0.1133
vn 0.6455 -0.1890 -0.7400
vn 0.6586 -0.1819 -0.7302
vn -0.5533 0.8300 -0.0706
vn -0.5526 0.8288 -0.0875
vn -0.5596 0.8239 -0.0898
vn -0.1633 0.9799 -0.1147
vn 0.9376 0.1705 -0.3031
vn 0.9330 0.1068 -0.3436
vn 0.9610 0.0250 -0.2752
vn -0.1213 0.0100 -0.9926
vn -0.1146 0.0054 -0.9934
vn 0.7936 -0.3727 -0.4809
vn 0.7949 -0.3701 -0.4808
vn 0.7949 -0.3700 -0.4808
vn 0.0756 0.1430 -0.9868
vn 0.5024 -0.6771 0.5376
vn 0.5035 -0.7553 0.4196
vn 0.4812 -0.7518 0.4509
vn 0.5304 -0.6503 0.5439
vn 0.8805 -0.1761 0.4402
vn 0.7072 -0.0000 0.7070
vn 0.1816 -0.0303 -0.9829
vn 0.8574 -0.5146 -0.0000
vn -0.9132 0.2935 0.2826
vn -0.8817 0.4667 0.0692
vn -0.8865 0.4604 0.0457
vn -0.0898 -0.1779 -0.9799
vn 0.0389 -0.2332 -0.9716
vn -0.0397 -0.1999 -0.9790
vn -0.1627 -0.1446 -0.9760
vn 0.7245 -0.3352 -0.6023
vn 0.7220 -0.3328 -0.6066
vn 0.5772 0.3452 -0.7401
vn 0.6289 0.4090 -0.6612
vn 0.9553 -0.2588 -0.1426
vn -0.0618 -0.0845 0.9945
vn 0.1426 0.9252 -0.3517
vn 0.0463 0.9924 -0.1142
vn -0.0196 -0.8608 0.5086
vn -0.0468 -0.8058 0.5904
vn -0.0195 -0.8608 0.5086
vn -0.0000 -0.9956 0.0942
vn 0.0493 0.6605 -0.7492
vn -0.1177 0.8001 -0.5883
vn 0.8226 -0.4455 0.3534
vn 0.7971 -0.4782 0.3687
vn -0.1013 0.9166 -0.3868
vn -0.1089 0.9122 -0.3950
vn -0.9613 0.0540 0.2700
vn -0.9455 0.2998 0.1268
vn -0.0000 -1.0000 -0.0038
vn -0.6837 0.6981 -0.2126
vn -0.6747 0.7109 -0.1985
vn -0.4103 0.7301 0.5464
vn -0.4108 0.7470 0.5228
vn -0.4092 0.7052 0.5790
vn -0.4082 0.6908 0.5968
vn 0.4212 0.7058 -0.5696
vn 0.4417 0.7135 -0.5440
vn 0.0208 0.9716 -0.2359
vn -0.0461 0.9719 -0.2308
vn -0.0465 0.9511 -0.3053
vn 0.0385 0.9623 -0.2694
vn -0.0207 0.0252 0.9995
vn 0.0204 -0.0000 -0.9998
vn 0.1672 -0.9859 -0.0052
vn -0.3288 -0.9397 -0.0940
vn -0.0000 -1.0000 -0.0039
vn 0.9464 -0.2102 -0.2452
vn 0.9503 -0.2010 -0.2376
vn -0.1051 -0.9720 0.2102
vn -0.8898 -0.3221 -0.3233
vn -0.8945 -0.3100 -0.3220
vn 0.0466 0.5994 0.7991
vn 0.0594 0.1461 -0.9875
vn 0.0628 -0.0841 0.9945
vn -0.0741 0.9259 -0.3704
vn -0.0465 0.9511 -0.3054
vn 0.6125 -0.2649 -0.7448
vn -0.0516 0.9985 0.0172
vn -0.0779 0.9458 0.3152
vn -0.0832 0.9454 0.3151
vn -0.1196 0.9419 0.3139
vn -0.1081 0.7030 0.7030
vn -0.0344 0.8939 0.4469
vn -0.9497 0.0107 -0.3129
vn -0.2651 0.3182 0.9102
vn -0.2808 0.3369 0.8987
vn -0.5610 0.8017 -0.2061
vn -0.5373 0.8218 -0.1897
vn -0.7099 -0.0331 -0.7035
vn -0.5784 -0.0148 0.8156
vn -0.1722 0.9759 -0.1340
vn -0.3333 0.6668 -0.6665
vn -0.4719 0.0211 0.8814
vn 0.7905 -0.0216 -0.6120
vn 0.5887 0.7964 -0.1385
vn 0.6063 0.7813 -0.1482
vn 0.2122 0.8065 -0.5518
vn 0.1443 0.9763 -0.1613
vn -0.7274 -0.5576 0.4000
vn -0.6294 -0.6066 0.4857
vn 0.1287 0.5094 0.8509
vn 0.1665 0.4796 0.8615
vn 0.2031 0.4494 0.8699
vn -0.0664 -0.0870 0.9940
vn 0.0272 0.0067 -0.9996
vn 0.0285 0.0020 -0.9996
vn -0.0272 0.0067 -0.9996
vn -0.0285 0.0020 -0.9996
vn -0.0273 -0.0040 -0.9996
vn 0.0927 -0.0843 0.9921
vn -0.0245 0.0495 0.9985
vn -0.0546 0.1051 -0.9930
vn -0.0676 -0.0158 0.9976
vn 0.0913 -0.0998 0.9908
vn -0.0945 0.1465 -0.9847
vn 0.9598 -0.2674 -0.0850
vn 0.1156 0.0239 0.9930
vn 0.1126 0.0494 0.9924
vn 0.0924 0.0722 0.9931
vn -0.0687 0.0108 0.9976
vn 0.1282 -0.0464 -0.9907
vn 0.5936 -0.6205 0.5125
vn 0.8067 -0.5113 0.2965
vn -0.9386 -0.3421 -0.0437
vn -0.9444 -0.3028 -0.1283
vn -0.1287 0.5094 0.8508
vn -0.2030 0.4494 0.8699
vn -0.1665 0.4797 0.8615
vn 0.9510 -0.3009 -0.0704
vn 0.1368 0.0619 -0.9887
vn 0.0275 -0.0328 -0.9991
vn 0.0245 0.0495 0.9985
vn 0.1210 -0.0558 0.9911
vn -0.0275 -0.0328 -0.9991
vn -0.0615 -0.0596 0.9963
vn 0.1222 0.8499 0.5125
vn 0.1228 0.8441 0.5219
vn -0.0598 0.0201 -0.9980
vn 0.1953 0.9765 -0.0914
vn -0.1665 0.4796 0.8615
vn -0.2031 0.4494 0.8699
vn -0.2400 0.4174 0.8765
vn -0.8398 -0.5203 0.1551
vn -0.8527 -0.4994 0.1529
vn -0.8235 -0.5380 0.1799
vn 0.1123 0.0377 0.9930
vn -0.0648 0.0727 0.9953
vn -0.0318 -0.0059 -0.9995
vn 0.6496 -0.6118 0.4514
vn -0.1157 0.0239 0.9930
vn -0.1282 -0.0464 -0.9907
vn 0.0421 0.9479 0.3159
vn 0.0333 -0.0665 0.9972
vn 0.0870 0.0160 0.9961
vn 0.0796 0.0168 0.9967
vn -0.0688 -0.0092 0.9976
vn -0.1826 -0.0348 -0.9826
vn -0.1614 -0.0325 -0.9864
vn 0.5675 -0.6110 0.5519
vn -0.9904 -0.1238 -0.0619
vn 0.0546 0.1051 -0.9930
vn -0.8666 -0.4332 -0.2476
vn -0.1578 0.0421 0.9866
vn 0.0731 0.1484 -0.9862
vn 0.0109 0.1173 -0.9930
vn -0.1361 0.1208 0.9833
vn 0.0688 -0.0092 0.9976
vn 0.9415 -0.3334 0.0490
vn 0.9495 -0.3116 0.0371
vn 0.1727 0.1215 -0.9774
vn 0.8873 -0.4435 -0.1267
vn -0.2024 0.0916 -0.9750
vn -0.1720 -0.0356 -0.9845
vn -0.0109 0.1173 -0.9930
vn 0.1578 0.0421 0.9866
vn 0.0547 -0.0075 0.9985
vn 0.1125 -0.0494 -0.9924
vn 0.1313 -0.0499 -0.9901
vn 0.1218 0.8530 0.5075
vn 0.1228 0.8442 0.5217
vn -0.1222 0.8499 0.5125
vn -0.1228 0.8442 0.5217
vn -0.1218 0.8530 0.5075
vn 0.0554 0.0034 0.9985
vn -0.0796 0.0168 0.9967
vn -0.0870 0.0160 0.9961
vn -0.9428 -0.3300 -0.0471
vn -0.9142 -0.4031 -0.0415
vn 0.8252 -0.3301 0.4584
vn 0.0888 0.0937 0.9916
vn 0.0468 -0.0398 0.9981
vn -0.1850 0.1380 -0.9730
vn 0.1156 -0.0239 -0.9930
vn -0.0746 -0.8411 0.5357
vn -0.0343 -0.0667 0.9972
vn -0.7289 -0.6105 0.3098
vn -0.7417 -0.6005 0.2987
vn -0.0924 0.0722 0.9931
vn -0.1228 0.8441 0.5219
vn -0.0421 0.9479 0.3159
vn -0.8252 -0.3301 0.4584
vn -0.7232 -0.4062 0.5585
vn 0.0598 0.0201 -0.9980
vn 0.2400 0.4174 0.8765
vn 0.9672 -0.2333 -0.1002
vn 0.7685 -0.5487 0.3292
vn -0.0888 0.0937 0.9916
vn -0.6883 -0.6882 0.2293
vn 0.0273 -0.0040 -0.9996
vn 0.0676 -0.0158 0.9976
vn -0.0468 -0.0398 0.9981
vn -0.0554 0.0034 0.9985
vn -0.0547 -0.0075 0.9985
vn 0.0318 -0.0059 -0.9995
vn 0.2096 -0.3668 0.9064
vn 0.0648 0.0726 0.9953
vn 0.0830 -0.0000 0.9965
vn -0.1126 0.0494 0.9924
vn -0.1123 0.0377 0.9930
vn -0.1811 -0.6341 0.7517
vn 0.0746 -0.8411 0.5357
vn 0.6884 -0.6881 0.2293
vn 0.1361 0.1208 0.9833
vn 0.1811 -0.6341 0.7517
vn -0.9474 -0.0123 -0.3199
vn -0.0830 -0.0000 0.9965
vn -0.0648 0.0726 0.9953
vn -0.2096 -0.3668 0.9064
vt 0.293122 0.809132
vt 0.320908 0.818926
vt 0.318968 0.820863
vt 0.289595 0.813051
vt 0.837740 0.792889
vt 0.834249 0.791000
vt 0.838775 0.782561
vt 0.842025 0.783531
vt 0.182159 0.903559
vt 0.186701 0.897888
vt 0.197157 0.897107
vt 0.195366 0.903189
vt 0.869823 0.876009
vt 0.865795 0.863893
vt 0.868182 0.863346
vt 0.871733 0.876086
vt 0.166630 0.560154
vt 0.189960 0.565383
vt 0.186230 0.593826
vt 0.163109 0.588529
vt 0.351760 0.872085
vt 0.392918 0.871538
vt 0.390393 0.874658
vt 0.348186 0.875419
vt 0.294031 0.584309
vt 0.316006 0.586846
vt 0.309402 0.608923
vt 0.288197 0.609702
vt 0.240713 0.877556
vt 0.236636 0.873459
vt 0.288097 0.876523
vt 0.288894 0.879521
vt 0.771775 0.831948
vt 0.780640 0.807732
vt 0.785109 0.811831
vt 0.777944 0.830849
vt 0.769219 0.297294
vt 0.750524 0.340529
vt 0.741970 0.346068
vt 0.414166 0.294397
vt 0.440790 0.373031
vt 0.439598 0.373043
vt 0.467113 0.763660
vt 0.464415 0.687388
vt 0.473599 0.686530
vt 0.474489 0.762995
vt 0.417317 0.253200
vt 0.426209 0.250993
vt 0.430916 0.259092
vt 0.420709 0.261543
vt 0.166922 0.841526
vt 0.172013 0.836312
vt 0.186425 0.847873
vt 0.178350 0.848099
vt 0.380805 0.218171
vt 0.371211 0.213141
vt 0.382775 0.197249
vt 0.391437 0.201893
vt 0.567225 0.717830
vt 0.580264 0.734881
vt 0.571076 0.743591
vt 0.556739 0.725297
vt 0.762151 0.344774
vt 0.780897 0.300593
vt 0.787795 0.303934
vt 0.775352 0.352775
vt 0.563586 0.084806
vt 0.566679 0.097411
vt 0.544451 0.096453
vt 0.542128 0.087460
vt 0.626141 0.575001
vt 0.665065 0.568772
vt 0.670610 0.609909
vt 0.631544 0.615875
vt 0.030896 0.074506
vt 0.050697 0.078588
vt 0.042154 0.099261
vt 0.022221 0.094449
vt 0.769018 0.374577
vt 0.783061 0.377930
vt 0.779718 0.390833
vt 0.767855 0.389540
vt 0.245414 0.541530
vt 0.270502 0.545483
vt 0.268788 0.564407
vt 0.242271 0.561543
vt 0.201162 0.389936
vt 0.242502 0.377255
vt 0.264193 0.413242
vt 0.223114 0.423567
vt 0.643223 0.449591
vt 0.629351 0.433966
vt 0.659894 0.424159
vt 0.670503 0.440987
vt 0.626972 0.430779
vt 0.618324 0.423872
vt 0.648409 0.413484
vt 0.657547 0.420994
vt 0.132035 0.369320
vt 0.177314 0.356294
vt 0.155324 0.402743
vt 0.660007 0.307261
vt 0.576057 0.280431
vt 0.605713 0.250405
vt 0.671108 0.289201
vt 0.622524 0.929781
vt 0.563147 0.927204
vt 0.563688 0.921095
vt 0.623102 0.923647
vt 0.757153 0.467656
vt 0.759229 0.463843
vt 0.770630 0.469082
vt 0.770068 0.473600
vt 0.316097 0.583412
vt 0.330351 0.583087
vt 0.330104 0.586409
vt 0.444504 0.120288
vt 0.440910 0.116602
vt 0.460803 0.101100
vt 0.465525 0.105513
vt 0.518050 0.065384
vt 0.501960 0.073065
vt 0.489380 0.055700
vt 0.505156 0.047994
vt 0.820319 0.863895
vt 0.829558 0.860201
vt 0.834658 0.873960
vt 0.826747 0.875596
vt 0.527874 0.648584
vt 0.502117 0.655189
vt 0.499966 0.621123
vt 0.523873 0.618536
vt 0.334395 0.635426
vt 0.344698 0.626506
vt 0.348583 0.639911
vt 0.341171 0.645960
vt 0.329051 0.797908
vt 0.353631 0.799001
vt 0.350558 0.808778
vt 0.326563 0.803205
vt 0.360672 0.574845
vt 0.368629 0.572387
vt 0.366695 0.577403
vt 0.360837 0.578293
vt 0.744391 0.459334
vt 0.748482 0.457037
vt 0.179775 0.257197
vt 0.182032 0.219834
vt 0.216645 0.222935
vt 0.213203 0.259064
vt 0.226105 0.627865
vt 0.228969 0.620915
vt 0.252105 0.626583
vt 0.247356 0.633905
vt 0.457986 0.524893
vt 0.460803 0.447906
vt 0.464232 0.447035
vt 0.462136 0.523738
vt 0.701236 0.202412
vt 0.696918 0.203300
vt 0.691481 0.182244
vt 0.695537 0.181364
vt 0.661103 0.060426
vt 0.662246 0.049586
vt 0.694645 0.052870
vt 0.687833 0.061157
vt 0.055848 0.781295
vt 0.044462 0.775488
vt 0.051916 0.767403
vt 0.060015 0.770467
vt 0.895760 0.390296
vt 0.895460 0.442603
vt 0.888826 0.443590
vt 0.887122 0.391213
vt 0.269937 0.288532
vt 0.260354 0.280466
vt 0.275103 0.264913
vt 0.286783 0.272431
vt 0.208327 0.930999
vt 0.210217 0.921869
vt 0.248305 0.913464
vt 0.247611 0.919072
vt 0.745711 0.919376
vt 0.689947 0.918076
vt 0.690920 0.911535
vt 0.746581 0.913456
vt 0.088559 0.731197
vt 0.107951 0.734501
vt 0.099452 0.748222
vt 0.083271 0.740501
vt 0.659798 0.529856
vt 0.696845 0.523417
vt 0.702197 0.562540
vt 0.955727 0.733480
vt 0.956892 0.788521
vt 0.950615 0.788648
vt 0.950497 0.733514
vt 0.343878 0.883156
vt 0.341474 0.879847
vt 0.387140 0.879989
vt 0.388761 0.883246
vt 0.442963 0.449076
vt 0.441648 0.525866
vt 0.434720 0.526055
vt 0.437772 0.453802
vt 0.530388 0.033098
vt 0.518141 0.040698
vt 0.514649 0.036768
vt 0.526854 0.030095
vt 0.631941 0.071330
vt 0.604230 0.092052
vt 0.593427 0.088255
vt 0.629332 0.061243
vt 0.895255 0.931412
vt 0.871344 0.929495
vt 0.872001 0.923749
vt 0.895846 0.924669
vt 0.742240 0.835987
vt 0.743483 0.832927
vt 0.753814 0.831304
vt 0.751164 0.835553
vt 0.523876 0.564462
vt 0.529281 0.545392
vt 0.532332 0.545807
vt 0.526775 0.564983
vt 0.960301 0.348147
vt 0.972724 0.283383
vt 0.977548 0.282954
vt 0.965408 0.348859
vt 0.450846 0.872755
vt 0.480805 0.869441
vt 0.482807 0.875673
vt 0.451773 0.876937
vt 0.486538 0.052189
vt 0.501778 0.044331
vt 0.837106 0.609463
vt 0.830967 0.572589
vt 0.843007 0.572380
vt 0.849254 0.609090
vt 0.551065 0.056533
vt 0.549461 0.068072
vt 0.526255 0.077138
vt 0.531489 0.063005
vt 0.704260 0.274174
vt 0.698603 0.274105
vt 0.700247 0.259344
vt 0.705575 0.258406
vt 0.906940 0.679666
vt 0.907765 0.734750
vt 0.900781 0.734952
vt 0.899965 0.679875
vt 0.407362 0.431515
vt 0.403619 0.408036
vt 0.416720 0.411335
vt 0.420394 0.435029
vt 0.591161 0.084347
vt 0.578507 0.083549
vt 0.579002 0.080947
vt 0.587917 0.081820
vt 0.221668 0.144391
vt 0.224179 0.106322
vt 0.300519 0.132180
vt 0.300319 0.168972
vt 0.106113 0.531312
vt 0.124227 0.541945
vt 0.122026 0.572126
vt 0.104119 0.558547
vt 0.758521 0.835289
vt 0.764396 0.835948
vt 0.750814 0.856347
vt 0.742390 0.852143
vt 0.909623 0.440900
vt 0.910034 0.503187
vt 0.903216 0.503669
vt 0.902565 0.441482
vt 0.932201 0.278774
vt 0.939600 0.345931
vt 0.933575 0.345036
vt 0.926103 0.277897
vt 0.164575 0.323524
vt 0.165464 0.312114
vt 0.187681 0.314250
vt 0.188971 0.325339
vt 0.797213 0.914517
vt 0.746328 0.900902
vt 0.796959 0.904179
vt 0.511836 0.517123
vt 0.504809 0.512513
vt 0.526231 0.481707
vt 0.533506 0.487531
vt 0.837483 0.692290
vt 0.839395 0.671554
vt 0.851968 0.674787
vt 0.849044 0.698985
vt 0.117155 0.775336
vt 0.104189 0.768801
vt 0.114595 0.756789
vt 0.128300 0.764682
vt 0.536941 0.168773
vt 0.505997 0.198036
vt 0.460197 0.133527
vt 0.478218 0.119811
vt 0.905290 0.623423
vt 0.898398 0.623573
vt 0.432198 0.158100
vt 0.424847 0.152404
vt 0.453327 0.127436
vt 0.304084 0.403573
vt 0.377338 0.366755
vt 0.388965 0.407687
vt 0.318733 0.442281
vt 0.403561 0.684787
vt 0.412208 0.604329
vt 0.417221 0.604676
vt 0.411284 0.685616
vt 0.276522 0.628624
vt 0.272115 0.635458
vt 0.269492 0.576943
vt 0.293993 0.581021
vt 0.268725 0.580818
vt 0.914752 0.734208
vt 0.916051 0.790448
vt 0.909375 0.789886
vt 0.829531 0.498745
vt 0.838064 0.518921
vt 0.835128 0.522241
vt 0.827042 0.502968
vt 0.545900 0.549315
vt 0.553631 0.535922
vt 0.559467 0.538562
vt 0.551818 0.551528
vt 0.897973 0.561373
vt 0.891868 0.623412
vt 0.891645 0.561299
vt 0.622621 0.937625
vt 0.562032 0.935294
vt 0.562859 0.930208
vt 0.622180 0.932492
vt 0.368469 0.669156
vt 0.370868 0.668777
vt 0.373978 0.696994
vt 0.370941 0.697625
vt 0.463702 0.844626
vt 0.459015 0.765160
vt 0.470732 0.844047
vt 0.621438 0.984503
vt 0.687624 0.983674
vt 0.688053 0.995000
vt 0.304377 0.071842
vt 0.315598 0.063446
vt 0.321296 0.084253
vt 0.310058 0.091032
vt 0.682922 0.085615
vt 0.683425 0.071850
vt 0.695899 0.074818
vt 0.695913 0.087735
vt 0.089284 0.712390
vt 0.108073 0.712103
vt 0.107588 0.724632
vt 0.089327 0.724850
vt 0.956633 0.559909
vt 0.957455 0.622072
vt 0.953925 0.621932
vt 0.953135 0.559742
vt 0.392493 0.366553
vt 0.378130 0.329141
vt 0.391799 0.329688
vt 0.404120 0.368186
vt 0.150572 0.837914
vt 0.154034 0.831232
vt 0.856635 0.758539
vt 0.853426 0.758053
vt 0.871134 0.726190
vt 0.874805 0.725955
vt 0.871966 0.970671
vt 0.794111 0.973230
vt 0.793777 0.967040
vt 0.872778 0.965859
vt 0.299219 0.626768
vt 0.308477 0.612301
vt 0.322456 0.609084
vt 0.317483 0.624374
vt 0.860060 0.851836
vt 0.858705 0.851550
vt 0.860578 0.837915
vt 0.794319 0.846670
vt 0.795474 0.845632
vt 0.802232 0.855562
vt 0.723030 0.424241
vt 0.730104 0.415140
vt 0.733294 0.457386
vt 0.054938 0.791976
vt 0.514283 0.973334
vt 0.504459 0.970086
vt 0.503485 0.963941
vt 0.214922 0.570791
vt 0.242142 0.575585
vt 0.237450 0.602996
vt 0.210872 0.598526
vt 0.793672 0.980234
vt 0.743329 0.979576
vt 0.743838 0.972583
vt 0.314568 0.132826
vt 0.314156 0.170760
vt 0.616387 0.758831
vt 0.637838 0.768666
vt 0.632824 0.781233
vt 0.609942 0.770697
vt 0.784314 0.357997
vt 0.789458 0.358494
vt 0.795279 0.382783
vt 0.219211 0.183646
vt 0.296660 0.203354
vt 0.472396 0.112428
vt 0.516585 0.070035
vt 0.500853 0.077630
vt 0.211314 0.901140
vt 0.212238 0.895082
vt 0.247425 0.893182
vt 0.248762 0.897956
vt 0.489454 0.444404
vt 0.490885 0.368052
vt 0.502691 0.366078
vt 0.494664 0.443899
vt 0.341399 0.877519
vt 0.162630 0.910306
vt 0.165987 0.898304
vt 0.180367 0.911656
vt 0.952782 0.902006
vt 0.945772 0.902435
vt 0.946433 0.879079
vt 0.957809 0.879943
vt 0.354419 0.535439
vt 0.364943 0.525143
vt 0.376174 0.538587
vt 0.364087 0.552426
vt 0.660025 0.777674
vt 0.656064 0.791396
vt 0.149000 0.724585
vt 0.181682 0.703896
vt 0.214462 0.739698
vt 0.468562 0.277828
vt 0.498661 0.251852
vt 0.522706 0.278064
vt 0.444869 0.253627
vt 0.474940 0.226583
vt 0.987346 0.349576
vt 0.988645 0.391216
vt 0.985901 0.392036
vt 0.984696 0.350312
vt 0.601781 0.815895
vt 0.610743 0.807968
vt 0.636392 0.818621
vt 0.627345 0.827948
vt 0.731484 0.519625
vt 0.738000 0.557334
vt 0.977937 0.873797
vt 0.976740 0.867933
vt 0.990255 0.868701
vt 0.990148 0.874442
vt 0.253250 0.865780
vt 0.248862 0.860717
vt 0.298629 0.863799
vt 0.301078 0.868235
vt 0.147252 0.747248
vt 0.178016 0.757527
vt 0.175195 0.761764
vt 0.145738 0.752157
vt 0.687656 0.934608
vt 0.688141 0.931998
vt 0.718793 0.456445
vt 0.730517 0.465901
vt 0.717552 0.463710
vt 0.123212 0.575820
vt 0.126291 0.590709
vt 0.113037 0.590100
vt 0.107417 0.568025
vt 0.683337 0.784886
vt 0.680986 0.800523
vt 0.423324 0.874957
vt 0.425539 0.872596
vt 0.451223 0.869518
vt 0.585429 0.796268
vt 0.587654 0.793509
vt 0.612877 0.805054
vt 0.833710 0.894103
vt 0.832579 0.893524
vt 0.830088 0.888362
vt 0.832309 0.888753
vt 0.942547 0.902417
vt 0.944670 0.906445
vt 0.941188 0.909774
vt 0.938978 0.902963
vt 0.874715 0.889075
vt 0.880878 0.896015
vt 0.867312 0.899670
vt 0.862004 0.888156
vt 0.581575 0.029287
vt 0.546026 0.048376
vt 0.563584 0.014198
vt 0.727667 0.223132
vt 0.720800 0.196898
vt 0.724848 0.194851
vt 0.731495 0.220613
vt 0.725068 0.791508
vt 0.741712 0.789397
vt 0.737053 0.810399
vt 0.723553 0.810321
vt 0.794150 0.942494
vt 0.872872 0.952359
vt 0.873508 0.957012
vt 0.794083 0.952734
vt 0.704754 0.228351
vt 0.324243 0.808564
vt 0.348441 0.817088
vt 0.344864 0.821698
vt 0.321420 0.812111
vt 0.089316 0.554812
vt 0.093770 0.575957
vt 0.073839 0.561394
vt 0.072892 0.547082
vt 0.658610 0.073687
vt 0.656721 0.061866
vt 0.663097 0.073027
vt 0.405055 0.186507
vt 0.488405 0.946429
vt 0.493078 0.959240
vt 0.481437 0.963482
vt 0.063025 0.744009
vt 0.073726 0.751592
vt 0.064417 0.760710
vt 0.510703 0.980037
vt 0.498625 0.973391
vt 0.825839 0.549204
vt 0.836368 0.548084
vt 0.871553 0.976842
vt 0.247115 0.882035
vt 0.292595 0.882631
vt 0.894153 0.734863
vt 0.893356 0.679765
vt 0.427215 0.893876
vt 0.426059 0.888054
vt 0.452883 0.888523
vt 0.453251 0.897393
vt 0.925155 0.679186
vt 0.926370 0.734273
vt 0.913518 0.679105
vt 0.066989 0.468163
vt 0.053632 0.451105
vt 0.065290 0.429506
vt 0.076046 0.449539
vt 0.594795 0.467696
vt 0.578116 0.454865
vt 0.600412 0.443753
vt 0.615704 0.457912
vt 0.752747 0.456619
vt 0.737195 0.397298
vt 0.741606 0.395352
vt 0.671273 0.140579
vt 0.659597 0.147898
vt 0.644718 0.126362
vt 0.656682 0.117434
vt 0.789026 0.464145
vt 0.786522 0.461496
vt 0.791491 0.456832
vt 0.794271 0.455564
vt 0.565222 0.779921
vt 0.586358 0.761136
vt 0.607697 0.773065
vt 0.668929 0.087513
vt 0.241905 0.572485
vt 0.390158 0.658789
vt 0.390152 0.675941
vt 0.371040 0.646275
vt 0.415684 0.145277
vt 0.411071 0.140726
vt 0.059750 0.482821
vt 0.076006 0.502979
vt 0.074777 0.541664
vt 0.683085 0.354146
vt 0.674711 0.330750
vt 0.700991 0.335589
vt 0.903546 0.389374
vt 0.766645 0.829746
vt 0.770881 0.837000
vt 0.616147 0.140645
vt 0.592298 0.118325
vt 0.625230 0.114613
vt 0.640205 0.130873
vt 0.552484 0.251021
vt 0.582506 0.221426
vt 0.760651 0.461340
vt 0.957558 0.391463
vt 0.954388 0.391412
vt 0.956589 0.348302
vt 0.374529 0.511877
vt 0.384083 0.495585
vt 0.398582 0.503036
vt 0.387922 0.522374
vt 0.839000 0.460392
vt 0.814346 0.467781
vt 0.808005 0.451960
vt 0.832999 0.445847
vt 0.742249 0.284148
vt 0.746152 0.263810
vt 0.766532 0.248781
vt 0.764415 0.270432
vt 0.517474 0.519451
vt 0.536572 0.490633
vt 0.183889 0.862541
vt 0.193096 0.870589
vt 0.176957 0.870670
vt 0.169339 0.861672
vt 0.826030 0.897620
vt 0.819539 0.893400
vt 0.136396 0.507983
vt 0.152654 0.518181
vt 0.145647 0.539766
vt 0.126127 0.528968
vt 0.250385 0.809476
vt 0.285939 0.817580
vt 0.287472 0.822225
vt 0.250479 0.813730
vt 0.392969 0.652809
vt 0.376902 0.635514
vt 0.118402 0.303955
vt 0.103637 0.280666
vt 0.141982 0.286873
vt 0.140668 0.309604
vt 0.031461 0.147606
vt 0.035267 0.122173
vt 0.112627 0.133706
vt 0.110307 0.171938
vt 0.521466 0.099235
vt 0.518819 0.091424
vt 0.218555 0.768048
vt 0.260188 0.778199
vt 0.257543 0.782441
vt 0.216052 0.771642
vt 0.789184 0.177664
vt 0.777404 0.137141
vt 0.817735 0.142156
vt 0.827619 0.182538
vt 0.588900 0.758756
vt 0.568609 0.745789
vt 0.499115 0.655930
vt 0.508029 0.685384
vt 0.505252 0.686744
vt 0.502552 0.560171
vt 0.499269 0.559358
vt 0.504875 0.536459
vt 0.508799 0.537471
vt 0.729930 0.253493
vt 0.294086 0.566736
vt 0.315796 0.566701
vt 0.344071 0.606923
vt 0.347627 0.602799
vt 0.354728 0.602486
vt 0.353059 0.606497
vt 0.686696 0.870946
vt 0.698011 0.855143
vt 0.726666 0.853233
vt 0.710384 0.868937
vt 0.743933 0.982808
vt 0.686851 0.979502
vt 0.117134 0.060959
vt 0.114018 0.029520
vt 0.134545 0.021453
vt 0.155143 0.052671
vt 0.815450 0.739952
vt 0.832220 0.712510
vt 0.842443 0.721507
vt 0.825314 0.750859
vt 0.290458 0.801535
vt 0.320854 0.814679
vt 0.289785 0.803949
vt 0.753048 0.207829
vt 0.742655 0.185384
vt 0.753586 0.169791
vt 0.846872 0.545352
vt 0.843213 0.547597
vt 0.813369 0.820072
vt 0.809550 0.806386
vt 0.812757 0.805716
vt 0.816826 0.820817
vt 0.571885 0.511801
vt 0.589865 0.494063
vt 0.594095 0.497283
vt 0.576404 0.514810
vt 0.975274 0.678546
vt 0.974676 0.622216
vt 0.986786 0.622046
vt 0.987318 0.678284
vt 0.683183 0.273377
vt 0.685151 0.259411
vt 0.684952 0.230868
vt 0.700190 0.228524
vt 0.476488 0.685901
vt 0.481031 0.599685
vt 0.485876 0.598929
vt 0.497848 0.985353
vt 0.561113 0.973793
vt 0.561456 0.980919
vt 0.752359 0.371468
vt 0.753871 0.389333
vt 0.387124 0.877269
vt 0.151391 0.861476
vt 0.158504 0.871942
vt 0.138931 0.875314
vt 0.131954 0.864187
vt 0.840451 0.649081
vt 0.852592 0.651374
vt 0.527671 0.741626
vt 0.530462 0.740768
vt 0.545660 0.762439
vt 0.543406 0.764346
vt 0.793611 0.937704
vt 0.745075 0.935880
vt 0.744402 0.932151
vt 0.794389 0.933635
vt 0.744359 0.940529
vt 0.781660 0.473023
vt 0.780441 0.468797
vt 0.792835 0.467762
vt 0.618427 0.461143
vt 0.598402 0.470746
vt 0.696995 0.410324
vt 0.694022 0.407766
vt 0.701613 0.399191
vt 0.705700 0.401048
vt 0.486244 0.445252
vt 0.486116 0.367204
vt 0.749555 0.016236
vt 0.731578 0.027510
vt 0.734571 0.010729
vt 0.750053 0.005000
vt 0.678881 0.803793
vt 0.655127 0.794107
vt 0.882829 0.566277
vt 0.877633 0.566911
vt 0.871729 0.541302
vt 0.877657 0.540180
vt 0.176469 0.857730
vt 0.179531 0.853342
vt 0.195619 0.858349
vt 0.557777 0.066381
vt 0.556861 0.060189
vt 0.951415 0.347560
vt 0.948552 0.390636
vt 0.942146 0.389661
vt 0.945070 0.346814
vt 0.299393 0.112611
vt 0.313306 0.110908
vt 0.077436 0.295923
vt 0.085573 0.287078
vt 0.101301 0.297266
vt 0.095511 0.307628
vt 0.818410 0.832766
vt 0.821361 0.834174
vt 0.211713 0.781164
vt 0.255003 0.790353
vt 0.251538 0.792275
vt 0.207123 0.783629
vt 0.910725 0.844850
vt 0.907044 0.845027
vt 0.902431 0.790093
vt 0.684165 0.778084
vt 0.662035 0.771717
vt 0.684475 0.738562
vt 0.722094 0.741889
vt 0.452429 0.603894
vt 0.455646 0.525389
vt 0.454728 0.603387
vt 0.125071 0.880178
vt 0.531730 0.962165
vt 0.526269 0.950869
vt 0.540180 0.945406
vt 0.662384 0.829681
vt 0.651913 0.840092
vt 0.703203 0.806230
vt 0.702810 0.809666
vt 0.541507 0.805269
vt 0.556402 0.788478
vt 0.577339 0.802831
vt 0.562870 0.821326
vt 0.036928 0.256846
vt 0.050284 0.250390
vt 0.069003 0.272353
vt 0.058236 0.280131
vt 0.846790 0.898392
vt 0.844334 0.898480
vt 0.841541 0.889612
vt 0.843701 0.889963
vt 0.323263 0.606113
vt 0.289027 0.044563
vt 0.301062 0.035272
vt 0.554447 0.465724
vt 0.556882 0.469295
vt 0.472352 0.522891
vt 0.475444 0.445881
vt 0.482228 0.521985
vt 0.500712 0.105349
vt 0.496175 0.098610
vt 0.945482 0.788798
vt 0.945956 0.843910
vt 0.943139 0.844141
vt 0.941854 0.789100
vt 0.294868 0.890966
vt 0.297315 0.896128
vt 0.257415 0.727338
vt 0.298712 0.674729
vt 0.346147 0.703827
vt 0.339263 0.722405
vt 0.775646 0.851712
vt 0.770302 0.856798
vt 0.577885 0.087469
vt 0.690090 0.106356
vt 0.703094 0.106928
vt 0.098585 0.785241
vt 0.105826 0.781937
vt 0.116238 0.790193
vt 0.101046 0.793009
vt 0.674659 0.138021
vt 0.660212 0.114906
vt 0.458558 0.370785
vt 0.471147 0.370089
vt 0.182845 0.882584
vt 0.164226 0.884992
vt 0.962588 0.442889
vt 0.963104 0.392099
vt 0.975428 0.392231
vt 0.974608 0.442839
vt 0.744026 0.472071
vt 0.760097 0.482704
vt 0.816022 0.523642
vt 0.826767 0.522821
vt 0.306486 0.871631
vt 0.347657 0.868225
vt 0.479567 0.861968
vt 0.628855 0.109129
vt 0.501003 0.590150
vt 0.497071 0.588185
vt 0.469471 0.065772
vt 0.482961 0.083170
vt 0.128338 0.781370
vt 0.136545 0.785315
vt 0.131949 0.753317
vt 0.144709 0.759102
vt 0.142250 0.769228
vt 0.485291 0.521270
vt 0.197783 0.890217
vt 0.213831 0.888253
vt 0.115584 0.601256
vt 0.147360 0.660646
vt 0.118436 0.664761
vt 0.097089 0.584964
vt 0.846520 0.475706
vt 0.851951 0.474696
vt 0.860152 0.491934
vt 0.854430 0.492479
vt 0.607030 0.481198
vt 0.609808 0.485859
vt 0.206974 0.800461
vt 0.208136 0.805775
vt 0.345327 0.890964
vt 0.344145 0.886937
vt 0.389475 0.887372
vt 0.390502 0.891972
vt 0.144237 0.887152
vt 0.705886 0.383911
vt 0.712001 0.394060
vt 0.186968 0.141178
vt 0.189383 0.103168
vt 0.586777 0.834068
vt 0.445136 0.449405
vt 0.445146 0.526548
vt 0.396755 0.180178
vt 0.652503 0.326803
vt 0.646336 0.324970
vt 0.667574 0.308266
vt 0.824421 0.847970
vt 0.826510 0.847695
vt 0.552929 0.726004
vt 0.725380 0.485366
vt 0.778552 0.494217
vt 0.407757 0.253599
vt 0.412614 0.261966
vt 0.124497 0.537848
vt 0.144890 0.547751
vt 0.144714 0.551591
vt 0.195265 0.912027
vt 0.398565 0.684595
vt 0.406822 0.604047
vt 0.837166 0.834495
vt 0.842668 0.848883
vt 0.131569 0.846716
vt 0.132276 0.856230
vt 0.120537 0.856344
vt 0.114854 0.851638
vt 0.961885 0.503923
vt 0.975050 0.503912
vt 0.773071 0.298665
vt 0.789954 0.248150
vt 0.796884 0.245831
vt 0.837177 0.821829
vt 0.834024 0.820720
vt 0.832714 0.808484
vt 0.835955 0.809948
vt 0.499141 0.689146
vt 0.491090 0.659486
vt 0.911537 0.345900
vt 0.909940 0.389123
vt 0.903361 0.346381
vt 0.666504 0.171116
vt 0.657673 0.198650
vt 0.636994 0.167639
vt 0.654229 0.150757
vt 0.738653 0.391623
vt 0.742501 0.390725
vt 0.660767 0.866702
vt 0.676282 0.849042
vt 0.667497 0.329597
vt 0.681905 0.310117
vt 0.600447 0.026156
vt 0.554992 0.058374
vt 0.598628 0.024827
vt 0.713610 0.175810
vt 0.703115 0.155691
vt 0.706486 0.154346
vt 0.716058 0.174054
vt 0.301219 0.273947
vt 0.291408 0.288980
vt 0.845093 0.849164
vt 0.841727 0.835974
vt 0.259538 0.330795
vt 0.348685 0.310162
vt 0.361577 0.329789
vt 0.282275 0.366053
vt 0.421369 0.300352
vt 0.448259 0.372446
vt 0.963115 0.733723
vt 0.964177 0.788897
vt 0.960432 0.788660
vt 0.959319 0.733566
vt 0.114835 0.096744
vt 0.153298 0.101122
vt 0.151003 0.138004
vt 0.090488 0.513361
vt 0.076715 0.497472
vt 0.079284 0.484733
vt 0.092330 0.504189
vt 0.425238 0.882611
vt 0.423277 0.878493
vt 0.452207 0.881803
vt 0.514111 0.766471
vt 0.521603 0.745760
vt 0.538068 0.768801
vt 0.525524 0.784984
vt 0.483796 0.908840
vt 0.454264 0.904098
vt 0.484082 0.904304
vt 0.562872 0.782284
vt 0.767307 0.008460
vt 0.354837 0.262328
vt 0.362119 0.280018
vt 0.346785 0.282727
vt 0.458259 0.448443
vt 0.256730 0.785882
vt 0.295253 0.795233
vt 0.293490 0.799256
vt 0.707260 0.056648
vt 0.699131 0.065524
vt 0.807118 0.836097
vt 0.797176 0.822895
vt 0.753700 0.340722
vt 0.449191 0.604205
vt 0.452499 0.525642
vt 0.123024 0.913850
vt 0.129418 0.904103
vt 0.141767 0.906226
vt 0.139092 0.918876
vt 0.210629 0.601887
vt 0.236272 0.605925
vt 0.853001 0.877332
vt 0.847847 0.862427
vt 0.850195 0.863337
vt 0.855494 0.877166
vt 0.087016 0.782608
vt 0.071779 0.777155
vt 0.078123 0.770556
vt 0.093386 0.777447
vt 0.366074 0.305898
vt 0.990316 0.443129
vt 0.990963 0.504072
vt 0.987118 0.503781
vt 0.986579 0.442730
vt 0.108548 0.517540
vt 0.106514 0.524880
vt 0.952613 0.504421
vt 0.946733 0.559842
vt 0.946402 0.503545
vt 0.940357 0.734064
vt 0.938014 0.789507
vt 0.936553 0.734437
vt 0.128335 0.895404
vt 0.132411 0.887436
vt 0.145104 0.898432
vt 0.684147 0.417703
vt 0.680194 0.412834
vt 0.511123 0.958675
vt 0.519718 0.956147
vt 0.523649 0.964706
vt 0.516084 0.969770
vt 0.310854 0.630156
vt 0.332455 0.624232
vt 0.323054 0.631214
vt 0.730153 0.838828
vt 0.730591 0.835852
vt 0.215732 0.567658
vt 0.713719 0.039451
vt 0.710558 0.018777
vt 0.721775 0.017316
vt 0.719507 0.389397
vt 0.721304 0.391942
vt 0.293284 0.548023
vt 0.313418 0.548154
vt 0.541077 0.529776
vt 0.706030 0.782593
vt 0.725116 0.784905
vt 0.705778 0.789286
vt 0.479308 0.846414
vt 0.451509 0.852052
vt 0.449289 0.849421
vt 0.984075 0.257399
vt 0.736862 0.035273
vt 0.720901 0.046225
vt 0.795110 0.749605
vt 0.808544 0.734230
vt 0.800171 0.756269
vt 0.026420 0.243097
vt 0.041314 0.236964
vt 0.456118 0.766222
vt 0.450371 0.689900
vt 0.454314 0.688960
vt 0.942845 0.879330
vt 0.432254 0.688312
vt 0.437257 0.604028
vt 0.441559 0.604628
vt 0.436861 0.689305
vt 0.715937 0.311801
vt 0.726291 0.289768
vt 0.733043 0.287417
vt 0.721991 0.309957
vt 0.446172 0.080863
vt 0.443783 0.076246
vt 0.467642 0.061780
vt 0.427672 0.603838
vt 0.421239 0.687588
vt 0.553995 0.067023
vt 0.044875 0.457063
vt 0.060898 0.477870
vt 0.678863 0.289939
vt 0.694301 0.290813
vt 0.047399 0.427475
vt 0.089871 0.517049
vt 0.087851 0.548696
vt 0.490216 0.520603
vt 0.262083 0.610866
vt 0.263386 0.607105
vt 0.286183 0.612785
vt 0.845256 0.722722
vt 0.852881 0.699749
vt 0.879727 0.701547
vt 0.711254 0.840035
vt 0.488791 0.092266
vt 0.884071 0.701145
vt 0.848663 0.571840
vt 0.697899 0.291228
vt 0.565795 0.142354
vt 0.640179 0.081147
vt 0.636352 0.068564
vt 0.956964 0.504578
vt 0.975462 0.788521
vt 0.975809 0.733606
vt 0.988298 0.733296
vt 0.989097 0.789459
vt 0.955076 0.678240
vt 0.948951 0.678439
vt 0.948740 0.621993
vt 0.810132 0.870676
vt 0.814084 0.848260
vt 0.819250 0.864787
vt 0.199179 0.880703
vt 0.183883 0.892652
vt 0.655925 0.052957
vt 0.933850 0.623103
vt 0.935460 0.679345
vt 0.923704 0.622957
vt 0.536579 0.675775
vt 0.531777 0.648213
vt 0.543050 0.645607
vt 0.548827 0.671652
vt 0.240306 0.458324
vt 0.281057 0.450149
vt 0.299233 0.506517
vt 0.258391 0.506386
vt 0.963327 0.678720
vt 0.344666 0.864426
vt 0.389822 0.863182
vt 0.390049 0.860222
vt 0.424303 0.859281
vt 0.422885 0.862715
vt 0.678663 0.186146
vt 0.673665 0.188169
vt 0.672022 0.168477
vt 0.647260 0.095506
vt 0.665095 0.087748
vt 0.675732 0.108067
vt 0.468424 0.601511
vt 0.478010 0.600475
vt 0.073309 0.705374
vt 0.088009 0.701780
vt 0.072825 0.716572
vt 0.635293 0.655671
vt 0.675786 0.649865
vt 0.680330 0.688093
vt 0.639769 0.693986
vt 0.639008 0.816312
vt 0.585724 0.730189
vt 0.643487 0.731134
vt 0.600682 0.743196
vt 0.453818 0.766693
vt 0.448162 0.690428
vt 0.159606 0.923997
vt 0.177872 0.927329
vt 0.688113 0.939647
vt 0.794181 0.961900
vt 0.874217 0.961779
vt 0.295965 0.093850
vt 0.034758 0.221424
vt 0.108081 0.211380
vt 0.105804 0.247640
vt 0.755446 0.779441
vt 0.758939 0.731410
vt 0.769032 0.771950
vt 0.964747 0.843906
vt 0.975908 0.843489
vt 0.392214 0.908276
vt 0.392879 0.902284
vt 0.429041 0.904934
vt 0.425016 0.855221
vt 0.921349 0.503237
vt 0.922843 0.560734
vt 0.911537 0.560711
vt 0.226105 0.057875
vt 0.290311 0.076041
vt 0.326323 0.130146
vt 0.324400 0.170401
vt 0.624891 0.472962
vt 0.397659 0.700842
vt 0.395480 0.720805
vt 0.371999 0.718224
vt 0.994145 0.867869
vt 0.995000 0.875896
vt 0.562492 0.693879
vt 0.554548 0.670509
vt 0.611548 0.845893
vt 0.576017 0.481971
vt 0.177349 0.435052
vt 0.290696 0.806059
vt 0.320409 0.816302
vt 0.124136 0.728092
vt 0.137162 0.733345
vt 0.133798 0.740593
vt 0.122727 0.735642
vt 0.550501 0.815956
vt 0.484286 0.851551
vt 0.480983 0.850114
vt 0.968492 0.283408
vt 0.815979 0.503659
vt 0.723172 0.813731
vt 0.686699 0.310723
vt 0.164799 0.778475
vt 0.204176 0.785780
vt 0.157957 0.780618
vt 0.937399 0.388909
vt 0.936699 0.441937
vt 0.931402 0.441145
vt 0.932288 0.389162
vt 0.736097 0.373200
vt 0.740934 0.371675
vt 0.325250 0.107315
vt 0.743794 0.598632
vt 0.707817 0.603719
vt 0.134732 0.776356
vt 0.544858 0.701600
vt 0.541972 0.703537
vt 0.533423 0.676306
vt 0.352709 0.655298
vt 0.344111 0.659624
vt 0.713485 0.152322
vt 0.701864 0.130036
vt 0.712736 0.128234
vt 0.724661 0.149063
vt 0.759578 0.807056
vt 0.767827 0.804695
vt 0.761474 0.829481
vt 0.343802 0.825903
vt 0.897717 0.955148
vt 0.896940 0.949832
vt 0.918926 0.945626
vt 0.639869 0.762740
vt 0.805791 0.836810
vt 0.795105 0.823550
vt 0.717976 0.684904
vt 0.753895 0.680163
vt 0.786207 0.769376
vt 0.809488 0.773638
vt 0.805734 0.785191
vt 0.299119 0.787371
vt 0.330947 0.792673
vt 0.297577 0.791091
vt 0.939052 0.879661
vt 0.939332 0.844547
vt 0.683194 0.206530
vt 0.744077 0.993576
vt 0.398753 0.537086
vt 0.396695 0.548544
vt 0.138093 0.719395
vt 0.150085 0.730826
vt 0.150270 0.740523
vt 0.482940 0.087244
vt 0.508948 0.083730
vt 0.427066 0.869236
vt 0.454633 0.371530
vt 0.425575 0.297553
vt 0.427911 0.295610
vt 0.917228 0.880708
vt 0.917769 0.903908
vt 0.910133 0.904632
vt 0.910960 0.881221
vt 0.214581 0.866690
vt 0.206269 0.868083
vt 0.423707 0.298007
vt 0.451888 0.371812
vt 0.522410 0.590251
vt 0.730018 0.270721
vt 0.736289 0.251673
vt 0.735401 0.268869
vt 0.961564 0.560292
vt 0.517837 0.713910
vt 0.447427 0.525975
vt 0.443918 0.604594
vt 0.871918 0.942441
vt 0.895564 0.944879
vt 0.872158 0.947556
vt 0.783430 0.804901
vt 0.776064 0.800964
vt 0.806948 0.797075
vt 0.390120 0.866981
vt 0.422485 0.865623
vt 0.946607 0.442412
vt 0.941344 0.503698
vt 0.941331 0.441530
vt 0.767772 0.801783
vt 0.774089 0.805286
vt 0.664564 0.826247
vt 0.148620 0.176105
vt 0.184452 0.180392
vt 0.556798 0.501299
vt 0.579529 0.484815
vt 0.560364 0.503958
vt 0.176479 0.291175
vt 0.210007 0.291824
vt 0.141751 0.580004
vt 0.179488 0.752672
vt 0.220629 0.764362
vt 0.455495 0.845817
vt 0.658274 0.877857
vt 0.689142 0.921756
vt 0.943949 0.733776
vt 0.944015 0.678560
vt 0.989562 0.843173
vt 0.993438 0.843543
vt 0.714167 0.837158
vt 0.735894 0.814070
vt 0.135767 0.931267
vt 0.155333 0.938489
vt 0.778407 0.838263
vt 0.780117 0.854051
vt 0.653325 0.046270
vt 0.657041 0.043881
vt 0.966745 0.868514
vt 0.393037 0.661039
vt 0.393487 0.676140
vt 0.814617 0.879828
vt 0.825808 0.876467
vt 0.250731 0.794757
vt 0.921798 0.388898
vt 0.922584 0.345939
vt 0.163397 0.798093
vt 0.165576 0.804559
vt 0.627492 0.043331
vt 0.557076 0.696392
vt 0.190379 0.048892
vt 0.687508 0.161564
vt 0.683691 0.162650
vt 0.347231 0.908089
vt 0.348254 0.901924
vt 0.078364 0.573463
vt 0.057368 0.566499
vt 0.054777 0.562140
vt 0.744165 0.951728
vt 0.597426 0.440662
vt 0.590006 0.434344
vt 0.795375 0.927016
vt 0.871698 0.936079
vt 0.816063 0.551517
vt 0.807548 0.526491
vt 0.013040 0.147522
vt 0.029869 0.174450
vt 0.012630 0.175434
vt 0.539943 0.567415
vt 0.220310 0.537445
vt 0.215461 0.557385
vt 0.940466 0.678846
vt 0.756797 0.864998
vt 0.772614 0.865893
vt 0.763477 0.875019
vt 0.190682 0.552957
vt 0.190646 0.562149
vt 0.186270 0.596690
vt 0.931526 0.503372
vt 0.921011 0.440886
vt 0.132816 0.746446
vt 0.620965 0.980535
vt 0.621722 0.974143
vt 0.912166 0.622827
vt 0.836973 0.874147
vt 0.830870 0.859348
vt 0.539562 0.618038
vt 0.537541 0.591227
vt 0.543518 0.591529
vt 0.545266 0.617002
vt 0.437964 0.295250
vt 0.548782 0.050683
vt 0.531901 0.057428
vt 0.121073 0.745861
vt 0.616659 0.503568
vt 0.654964 0.494581
vt 0.621187 0.537508
vt 0.744798 0.247378
vt 0.739813 0.215894
vt 0.759573 0.236257
vt 0.725044 0.100511
vt 0.719242 0.072882
vt 0.683549 0.017990
vt 0.904792 0.561257
vt 0.679831 0.106746
vt 0.990985 0.560313
vt 0.990587 0.622359
vt 0.987193 0.559992
vt 0.269609 0.666241
vt 0.959780 0.876361
vt 0.961714 0.868231
vt 0.966926 0.874367
vt 0.884226 0.675836
vt 0.888532 0.674815
vt 0.406584 0.262596
vt 0.408918 0.262687
vt 0.917344 0.845489
vt 0.975096 0.560196
vt 0.545824 0.568097
vt 0.782433 0.762225
vt 0.634656 0.059375
vt 0.306543 0.227803
vt 0.293215 0.223965
vt 0.310670 0.205135
vt 0.720530 0.418907
vt 0.726574 0.409966
vt 0.812550 0.393146
vt 0.787907 0.400503
vt 0.785936 0.393343
vt 0.821370 0.573246
vt 0.827446 0.609845
vt 0.748874 0.639955
vt 0.794474 0.992537
vt 0.794240 0.983385
vt 0.786871 0.837616
vt 0.560630 0.010283
vt 0.566847 0.006095
vt 0.571773 0.008663
vt 0.636351 0.857260
vt 0.688154 0.949966
vt 0.744057 0.961874
vt 0.687968 0.961388
vt 0.829867 0.649074
vt 0.393940 0.469210
vt 0.408067 0.472838
vt 0.819399 0.406817
vt 0.794156 0.410308
vt 0.824488 0.404153
vt 0.817420 0.391563
vt 0.212008 0.671441
vt 0.136583 0.791760
vt 0.128138 0.799513
vt 0.106035 0.803602
vt 0.215474 0.861305
vt 0.208152 0.854311
vt 0.202654 0.620768
vt 0.206321 0.614842
vt 0.942373 0.622288
vt 0.941543 0.560143
vt 0.261718 0.768168
vt 0.301250 0.775124
vt 0.301400 0.781655
vt 0.262220 0.773971
vt 0.452492 0.859295
vt 0.452087 0.856192
vt 0.561075 0.966166
vt 0.621634 0.967215
vt 0.920474 0.277180
vt 0.557098 0.910243
vt 0.167978 0.547727
vt 0.167186 0.556701
vt 0.097542 0.798459
vt 0.483010 0.893822
vt 0.728888 0.866275
vt 0.196396 0.468916
vt 0.212086 0.504127
vt 0.069442 0.786067
vt 0.070656 0.795546
vt 0.163233 0.612105
vt 0.162813 0.605360
vt 0.183097 0.608557
vt 0.182627 0.614745
vt 0.294037 0.886595
vt 0.181934 0.645836
vt 0.497005 0.622422
vt 0.589016 0.165569
vt 0.560154 0.193849
vt 0.342634 0.541387
vt 0.334888 0.494014
vt 0.173625 0.527157
vt 0.423547 0.528057
vt 0.426922 0.457482
vt 0.621110 0.948470
vt 0.786035 0.487686
vt 0.802565 0.504500
vt 0.805643 0.488093
vt 0.715918 0.356462
vt 0.720311 0.356923
vt 0.772278 0.779283
vt 0.611100 0.193307
vt 0.558020 0.075644
vt 0.560731 0.074169
vt 0.827026 0.689979
vt 0.829920 0.669949
vt 0.374366 0.632725
vt 0.367795 0.646790
vt 0.644039 0.452985
vt 0.916571 0.908971
vt 0.908676 0.909757
vt 0.927637 0.789358
vt 0.425059 0.095956
vt 0.459538 0.097675
vt 0.438421 0.113552
vt 0.483360 0.881670
vt 0.555935 0.915207
vt 0.557215 0.920527
vt 0.143719 0.601405
vt 0.143475 0.585487
vt 0.163277 0.591905
vt 0.329048 0.545960
vt 0.334483 0.564358
vt 0.596614 0.748148
vt 0.529335 0.223407
vt 0.810531 0.796120
vt 0.832589 0.800330
vt 0.357809 0.702930
vt 0.367797 0.718124
vt 0.351825 0.720844
vt 0.694766 0.434110
vt 0.695910 0.438437
vt 0.671904 0.445218
vt 0.690574 0.132555
vt 0.346979 0.895358
vt 0.392394 0.896437
vt 0.898409 0.966006
vt 0.899608 0.962277
vt 0.250702 0.301834
vt 0.243571 0.292629
vt 0.710474 0.428293
vt 0.711625 0.432153
vt 0.448514 0.449376
vt 0.454513 0.448928
vt 0.690771 0.488007
vt 0.677253 0.465903
vt 0.700528 0.463137
vt 0.449602 0.294118
vt 0.394207 0.449912
vt 0.408411 0.452028
vt 0.936637 0.502972
vt 0.458687 0.602323
vt 0.674945 0.274195
vt 0.687683 0.836027
vt 0.748014 0.807886
vt 0.747517 0.811361
vt 0.253154 0.804928
vt 0.124409 0.741213
vt 0.795872 0.923627
vt 0.745512 0.922678
vt 0.796164 0.919734
vt 0.088641 0.760858
vt 0.992220 0.733547
vt 0.993655 0.788579
vt 0.690681 0.833143
vt 0.144021 0.252910
vt 0.346424 0.912644
vt 0.644399 0.097545
vt 0.273653 0.027421
vt 0.288928 0.014987
vt 0.857378 0.650935
vt 0.855834 0.675626
vt 0.559546 0.931848
vt 0.294315 0.632042
vt 0.820800 0.482589
vt 0.991637 0.678544
vt 0.627340 0.477750
vt 0.651699 0.471258
vt 0.859907 0.889377
vt 0.260585 0.870015
vt 0.873597 0.917332
vt 0.871273 0.980471
vt 0.870971 0.985671
vt 0.917347 0.930966
vt 0.355585 0.785703
vt 0.331971 0.786201
vt 0.330773 0.779786
vt 0.132221 0.837042
vt 0.134676 0.828357
vt 0.961062 0.843680
vt 0.958320 0.843563
vt 0.566020 0.080969
vt 0.567725 0.078940
vt 0.203976 0.312758
vt 0.206419 0.323754
vt 0.781127 0.395748
vt 0.776732 0.395060
vt 0.334913 0.606703
vt 0.336200 0.603778
vt 0.952166 0.843729
vt 0.163577 0.856019
vt 0.693309 0.130836
vt 0.765086 0.104110
vt 0.807395 0.106822
vt 0.591173 0.025690
vt 0.687537 0.973650
vt 0.687282 0.967284
vt 0.933051 0.560935
vt 0.420332 0.480660
vt 0.410680 0.511139
vt 0.439030 0.689718
vt 0.444644 0.690257
vt 0.350163 0.559865
vt 0.766358 0.393587
vt 0.148099 0.854874
vt 0.839353 0.444377
vt 0.835917 0.802343
vt 0.299224 0.902485
vt 0.164486 0.848704
vt 0.898640 0.959257
vt 0.548800 0.644571
vt 0.788365 0.810178
vt 0.630538 0.783827
vt 0.929141 0.904042
vt 0.929264 0.908775
vt 0.106031 0.698950
vt 0.146274 0.215561
vt 0.048788 0.537468
vt 0.731456 0.191160
vt 0.852946 0.571128
vt 0.526225 0.590064
vt 0.526927 0.618370
vt 0.615838 0.098816
vt 0.636112 0.083759
vt 0.322148 0.206124
vt 0.676864 0.259142
vt 0.809765 0.785503
vt 0.428216 0.898438
vt 0.676275 0.459869
vt 0.649407 0.466353
vt 0.678743 0.231158
vt 0.632807 0.223381
vt 0.676998 0.206758
vt 0.755063 0.025602
vt 0.561796 0.946597
vt 0.620974 0.960611
vt 0.561603 0.959377
vt 0.148110 0.846566
vt 0.451810 0.865942
vt 0.479901 0.859268
vt 0.515556 0.715886
vt 0.374686 0.575103
vt 0.872209 0.909144
vt 0.938001 0.560486
vt 0.315616 0.822864
vt 0.680435 0.390950
vt 0.685339 0.383118
vt 0.633760 0.051524
vt 0.629248 0.052693
vt 0.631882 0.045985
vt 0.077004 0.804599
vt 0.060029 0.799844
vt 0.451370 0.862194
vt 0.220056 0.013564
vt 0.233398 0.019021
vt 0.527300 0.975660
vt 0.521136 0.978391
vt 0.898367 0.845246
vt 0.894853 0.844912
vt 0.895758 0.789915
vt 0.536993 0.528325
vt 0.173573 0.942704
vt 0.193336 0.926979
vt 0.188291 0.942861
vt 0.895810 0.976988
vt 0.897655 0.971723
vt 0.274478 0.053011
vt 0.509507 0.719164
vt 0.876866 0.888801
vt 0.137892 0.320425
vt 0.827850 0.752464
vt 0.895553 0.938003
vt 0.738984 0.131536
vt 0.178822 0.745579
vt 0.219758 0.757458
vt 0.894052 0.980627
vt 0.893764 0.986360
vt 0.169532 0.791762
vt 0.212349 0.910259
vt 0.250069 0.904978
vt 0.417621 0.527735
vt 0.495336 0.520293
vt 0.499929 0.443656
vt 0.504287 0.445692
vt 0.005598 0.147670
vt 0.005000 0.175185
vt 0.172206 0.773831
vt 0.881625 0.894491
vt 0.958843 0.868165
vt 0.488135 0.977195
vt 0.483827 0.970765
vt 0.493863 0.966588
vt 0.214922 0.880223
vt 0.211084 0.873474
vt 0.030860 0.200240
vt 0.013084 0.202107
vt 0.798970 0.454674
vt 0.810680 0.472665
vt 0.754857 0.394474
vt 0.491302 0.586796
vt 0.493851 0.556544
vt 0.896428 0.503773
vt 0.758293 0.804210
vt 0.600774 0.099941
vt 0.586327 0.097797
vt 0.787012 0.840710
vt 0.400850 0.251535
vt 0.928954 0.844404
vt 0.421472 0.458638
vt 0.214140 0.776447
vt 0.812142 0.775360
vt 0.016405 0.119740
vt 0.693914 0.898638
vt 0.741022 0.782761
vt 0.757783 0.786007
vt 0.297165 0.914474
vt 0.297894 0.909214
vt 0.330595 0.288514
vt 0.392979 0.429480
vt 0.822889 0.708676
vt 0.889957 0.649462
vt 0.885851 0.649394
vt 0.884098 0.605518
vt 0.888168 0.605199
vt 0.216639 0.792041
vt 0.257532 0.800500
vt 0.210847 0.795814
vt 0.845185 0.458930
vt 0.173965 0.766924
vt 0.281739 0.302660
vt 0.743545 0.966504
vt 0.937424 0.279331
vt 0.953028 0.442179
vt 0.687020 0.372126
vt 0.554585 0.078566
vt 0.553360 0.820013
vt 0.481174 0.856592
vt 0.228085 0.866621
vt 0.618966 0.753683
vt 0.790152 0.412945
vt 0.785014 0.403161
vt 0.563911 0.917546
vt 0.623443 0.920017
vt 0.958494 0.678409
vt 0.956602 0.442297
vt 0.815454 0.847908
vt 0.928774 0.879502
vt 0.862878 0.513256
vt 0.077762 0.724532
vt 0.073015 0.730381
vt 0.064099 0.718539
vt 0.342185 0.584427
vt 0.342093 0.581158
vt 0.351862 0.577803
vt 0.353060 0.580764
vt 0.985445 0.281638
vt 0.981543 0.282111
vt 0.938842 0.622583
vt 0.906106 0.908511
vt 0.905525 0.905063
vt 0.392626 0.117764
vt 0.422405 0.092262
vt 0.394953 0.120732
vt 0.316839 0.229749
vt 0.774546 0.018719
vt 0.818819 0.487420
vt 0.770567 0.466235
vt 0.739730 0.867945
vt 0.748194 0.874460
vt 0.344361 0.823644
vt 0.355870 0.674545
vt 0.347650 0.676903
vt 0.795034 0.509484
vt 0.845787 0.909558
vt 0.360007 0.607566
vt 0.367825 0.605470
vt 0.856180 0.608353
vt 0.132290 0.805921
vt 0.116097 0.810684
vt 0.086873 0.791141
vt 0.086680 0.799754
vt 0.298892 0.253162
vt 0.310253 0.254926
vt 0.370310 0.192892
vt 0.366763 0.191225
vt 0.382394 0.171368
vt 0.385764 0.174593
vt 0.679002 0.017040
vt 0.216393 0.310072
vt 0.219950 0.320671
vt 0.688831 0.925736
vt 0.745095 0.926365
vt 0.400272 0.701459
vt 0.399122 0.721813
vt 0.724134 0.170948
vt 0.735025 0.167699
vt 0.434539 0.259832
vt 0.452567 0.293367
vt 0.701254 0.456765
vt 0.286234 0.247932
vt 0.546893 0.459668
vt 0.515171 0.947393
vt 0.509601 0.952000
vt 0.498853 0.947391
vt 0.906435 0.881588
vt 0.017558 0.225986
vt 0.497227 0.532757
vt 0.893427 0.347389
vt 0.228975 0.303479
vt 0.231679 0.315780
vt 0.712991 0.644864
vt 0.117091 0.859278
vt 0.897280 0.869753
vt 0.573256 0.714587
vt 0.260664 0.039092
vt 0.246727 0.027823
vt 0.113499 0.314689
vt 0.317502 0.825938
vt 0.247015 0.887291
vt 0.119402 0.492867
vt 0.101968 0.479176
vt 0.596139 0.022093
vt 0.591728 0.028177
vt 0.952649 0.868358
vt 0.055066 0.411636
vt 0.795554 0.307273
vt 0.610437 0.315377
vt 0.507817 0.368012
vt 0.497264 0.954185
vt 0.534763 0.972368
vt 0.757390 0.075488
vt 0.363685 0.739646
vt 0.890072 0.504887
vt 0.093578 0.807928
vt 0.124010 0.714651
vt 0.121839 0.701002
vt 0.788282 0.860371
vt 0.120178 0.925766
vt 0.196710 0.533154
vt 0.129458 0.607585
vt 0.087833 0.464273
vt 0.365598 0.740121
vt 0.799771 0.077996
vt 0.672582 0.403488
vt 0.389179 0.249905
vt 0.403904 0.266092
vt 0.917396 0.941384
vt 0.726696 0.380920
vt 0.582729 0.032454
vt 0.885166 0.349218
vt 0.864537 0.899691
vt 0.360967 0.602416
vt 0.368034 0.602575
vt 0.868669 0.513094
vt 0.379033 0.303853
vt 0.346112 0.171651
vt 0.363486 0.152040
vt 0.804451 0.451627
vt 0.962431 0.622414
vt 0.612236 0.105411
vt 0.804659 0.249545
vt 0.807377 0.251762
vt 0.792326 0.304011
vt 0.799592 0.361783
vt 0.809592 0.380317
vt 0.343629 0.168481
vt 0.360913 0.149243
vt 0.276590 0.316303
vt 0.050035 0.763947
vt 0.147054 0.610847
vt 0.394415 0.655943
vt 0.848542 0.909646
vt 0.867625 0.909209
vt 0.355687 0.792670
vt 0.975957 0.349460
vt 0.100392 0.672574
vt 0.521391 0.945150
vt 0.779061 0.466067
vt 0.428550 0.248125
vt 0.373044 0.577898
vt 0.061725 0.062823
vt 0.076509 0.049978
vt 0.328280 0.187424
vt 0.731729 0.400325
vt 0.735898 0.394235
vt 0.734115 0.405656
vt 0.178347 0.787535
vt 0.218752 0.342923
vt 0.893849 0.869512
vt 0.460289 0.845582
vt 0.917850 0.935813
vt 0.499671 0.958623
vt 0.470123 0.972661
vt 0.470096 0.968624
vt 0.895923 0.881472
vt 0.155056 0.014498
vt 0.455900 0.292438
vt 0.701316 0.340218
vt 0.573663 0.451217
vt 0.325935 0.184636
vt 0.072844 0.736697
vt 0.255279 0.797452
vt 0.437017 0.259198
vt 0.567760 0.444015
vt 0.720764 0.381143
vt 0.396060 0.247766
vt 0.720535 0.382246
vt 0.893062 0.877779
vt 0.248653 0.871406
vt 0.173994 0.009811
vt 0.191664 0.008464
vt 0.210329 0.788970
vt 0.168328 0.785437
vt 0.296579 0.874447
vt 0.150356 0.787580
vt 0.094559 0.038942
vt 0.206683 0.009365
s 1
f 1/1/1 2/2/2 3/3/3
f 3/3/3 4/4/4 1/1/1
f 5/5/5 6/6/6 7/7/7
f 7/7/7 8/8/8 5/5/5
f 9/9/9 10/10/10 11/11/11
f 11/11/11 12/12/12 9/9/9
f 13/13/13 14/14/14 15/15/15
f 15/15/15 16/16/16 13/13/13
f 17/17/17 18/18/18 19/19/19
f 19/19/19 20/20/20 17/17/17
f 21/21/21 22/22/22 23/23/23
f 23/23/23 24/24/24 21/21/21
f 25/25/25 26/26/26 27/27/26
f 27/27/26 28/28/25 25/25/25
f 29/29/27 30/30/28 31/31/29
f 31/31/29 32/32/30 29/29/27
f 33/33/31 34/34/31 35/35/32
f 35/35/32 36/36/33 33/33/31
f 37/37/34 38/38/35 39/39/36
s 0
f 39/40/37 40/41/37 37/42/37
s 1
f 41/43/38 42/44/39 43/45/40
f 43/45/40 44/46/41 41/43/38
f 45/47/42 46/48/43 47/49/44
f 47/49/44 48/50/45 45/47/42
f 49/51/46 50/52/47 51/53/48
s 0
f 51/53/49 52/54/49 49/51/49
s 1
f 53/55/50 54/56/51 55/57/52
f 55/57/52 56/58/53 53/55/50
f 57/59/54 58/60/55 59/61/56
f 59/61/56 60/62/57 57/59/54
f 61/63/58 62/64/59 63/65/60
f 63/65/60 64/66/61 61/63/58
f 65/67/62 66/68/63 67/69/64
f 67/69/64 68/70/65 65/67/62
f 69/71/66 70/72/67 71/73/68
f 71/73/68 72/74/69 69/71/66
f 73/75/70 74/76/71 75/77/72
f 75/77/72 76/78/73 73/75/70
f 77/79/74 78/80/75 79/81/76
f 79/81/76 80/82/76 77/79/74
f 81/83/77 82/84/78 83/85/79
f 83/85/79 84/86/80 81/83/77
f 85/87/81 86/88/82 87/89/83
f 87/89/83 88/90/84 85/87/81
f 89/91/85 90/92/86 91/93/87
f 91/93/87 92/94/88 89/91/85
f 93/95/89 94/96/90 95/97/91
f 95/97/91 96/98/92 93/95/89
f 97/99/93 98/100/94 85/87/81
f 85/87/81 99/101/95 97/99/93
f 100/102/96 101/103/97 102/104/98
f 102/104/98 103/105/99 100/102/96
f 104/106/100 105/107/101 106/108/101
f 106/108/101 107/109/102 104/106/100
f 108/110/103 109/111/104 110/112/105
f 110/112/105 111/113/106 108/110/103
f 112/114/107 113/115/108 114/116/109
f 114/116/109 26/26/110 112/114/107
f 115/117/111 116/118/112 117/119/113
f 117/119/113 118/120/114 115/117/111
f 119/121/115 120/122/116 121/123/117
f 121/123/117 122/124/118 119/121/115
f 123/125/119 124/126/120 125/127/121
f 125/127/121 126/128/122 123/125/119
f 127/129/123 128/130/124 129/131/125
f 129/131/125 130/132/126 127/129/123
f 131/133/127 132/134/128 133/135/129
f 133/135/129 134/136/130 131/133/127
f 135/137/131 136/138/132 137/139/133
f 137/139/133 138/140/134 135/137/131
s 0
f 139/141/135 140/142/135 141/143/135
f 141/143/136 142/144/136 139/141/136
s 1
f 143/145/137 144/146/138 109/111/104
f 109/111/104 108/110/103 143/145/137
f 145/147/139 146/148/140 147/149/141
f 147/149/141 148/150/142 145/147/139
f 149/151/143 150/152/144 151/153/145
f 151/153/145 152/154/146 149/151/143
s 0
f 153/155/147 154/156/147 155/157/147
f 155/157/147 156/158/147 153/155/147
s 1
f 157/159/148 158/160/149 159/161/150
f 159/161/150 160/162/151 157/159/148
f 161/163/152 162/164/153 163/165/154
f 163/165/154 164/166/155 161/163/152
f 165/167/156 166/168/157 167/169/158
f 167/169/158 168/170/159 165/167/156
f 169/171/160 170/172/161 171/173/162
f 171/173/162 172/174/163 169/171/160
f 173/175/164 174/176/165 175/177/166
f 175/177/166 176/178/167 173/175/164
f 177/179/168 178/180/169 179/181/170
f 179/181/170 180/182/171 177/179/168
f 181/183/172 182/184/173 183/185/174
f 183/185/174 184/186/175 181/183/172
f 185/187/176 186/188/177 187/189/178
f 187/189/179 188/190/180 185/187/181
f 189/191/182 190/192/183 191/193/184
f 191/193/184 70/72/67 189/191/182
f 192/194/185 193/195/186 194/196/187
f 194/196/187 195/197/188 192/194/185
f 196/198/189 197/199/190 198/200/191
f 198/200/191 199/201/192 196/198/189
f 200/202/193 201/203/194 202/204/76
f 202/204/76 203/205/195 200/202/193
f 204/206/196 205/207/197 206/208/198
f 206/208/198 207/209/199 204/206/196
f 208/210/200 209/211/201 210/212/202
f 210/212/202 211/213/203 208/210/200
f 212/214/204 213/215/205 214/216/206
f 214/216/206 215/217/207 212/214/204
f 216/218/208 217/219/209 218/220/210
f 218/220/210 219/221/211 216/218/208
f 220/222/212 221/223/213 222/224/214
f 222/224/214 223/225/215 220/222/212
f 224/226/216 225/227/217 226/228/218
f 226/228/218 227/229/219 224/226/216
f 228/230/220 229/231/221 230/232/222
f 230/232/222 231/233/223 228/230/220
f 122/124/224 121/123/117 232/234/225
f 232/234/225 233/235/226 122/124/224
f 234/236/227 235/237/228 236/238/229
f 236/238/229 237/239/230 234/236/227
f 238/240/231 239/241/232 240/242/233
f 240/242/233 241/243/234 238/240/231
f 242/244/235 243/245/236 244/246/237
f 244/246/237 245/247/238 242/244/235
f 246/248/239 247/249/240 248/250/241
f 248/250/241 249/251/242 246/248/239
f 250/252/243 251/253/244 252/254/245
f 252/254/245 253/255/246 250/252/243
f 254/256/247 255/257/248 256/258/249
f 256/258/249 257/259/250 254/256/247
f 258/260/251 259/261/252 260/262/253
f 260/262/253 261/263/254 258/260/251
f 262/264/255 263/265/256 264/266/257
f 264/266/257 265/267/258 262/264/255
f 266/268/259 267/269/260 268/270/261
f 268/270/261 269/271/262 266/268/259
f 270/272/263 271/273/264 272/274/265
f 272/274/265 273/275/266 270/272/263
f 274/276/267 275/277/268 276/278/269
f 276/278/269 277/279/270 274/276/267
f 95/280/271 278/281/272 279/282/273
f 279/282/273 280/283/274 95/280/271
f 281/284/275 184/186/175 282/285/276
f 282/285/276 283/286/277 281/284/275
s 0
f 284/287/278 285/288/278 286/289/278
f 286/289/278 287/290/278 284/287/278
s 1
f 288/291/279 289/292/280 290/293/281
f 290/293/281 291/294/282 288/291/279
f 292/295/283 293/296/284 294/297/285
f 294/297/285 295/298/286 292/295/283
f 296/299/287 297/300/288 298/301/289
f 298/301/289 299/302/290 296/299/287
f 300/303/291 246/248/239 249/251/242
f 249/251/242 301/304/292 300/303/291
f 302/305/293 303/306/294 304/307/295
f 304/307/295 298/301/296 302/305/293
f 305/308/297 306/309/298 307/310/299
f 307/310/299 308/311/300 305/308/297
f 309/312/301 310/313/302 311/314/303
f 311/314/303 312/315/304 309/312/301
f 152/154/146 151/153/145 313/316/305
f 313/316/306 314/317/307 152/154/308
f 315/318/309 316/319/310 25/25/311
f 25/25/311 317/320/312 315/318/309
f 318/321/313 319/322/314 320/323/315
f 320/323/315 247/249/316 318/321/313
f 321/324/317 322/325/318 323/326/319
f 323/326/319 324/327/320 321/324/317
f 325/328/321 326/329/322 327/330/323
f 327/330/323 328/331/324 325/328/321
f 329/332/325 301/304/326 330/333/327
f 330/333/327 331/334/328 329/332/325
f 332/335/329 333/336/330 334/337/331
f 334/337/331 335/338/332 332/335/329
f 336/339/333 337/340/334 338/341/335
f 338/341/335 339/342/336 336/339/333
f 183/343/174 340/344/337 41/43/38
f 41/43/38 341/345/338 183/343/174
f 341/345/338 41/43/38 44/46/41
f 44/346/41 342/347/339 341/348/338
f 343/349/340 344/350/341 345/351/342
f 345/351/342 346/352/343 343/349/340
f 347/353/344 348/354/345 349/355/346
f 349/355/346 350/356/347 347/353/344
f 351/357/348 352/358/349 353/359/350
f 353/359/350 354/360/351 351/357/348
f 355/361/352 356/362/353 357/363/354
f 357/363/354 358/364/355 355/361/352
f 359/365/356 360/366/357 361/367/358
f 361/367/358 362/368/359 359/365/356
f 363/369/360 364/370/361 50/52/362
f 50/52/362 49/51/46 363/369/360
f 365/371/363 366/372/364 367/373/365
f 367/373/365 344/374/366 365/371/363
f 368/375/367 369/376/368 370/377/369
f 370/377/369 371/378/370 368/375/367
f 372/379/371 373/380/372 374/381/373
f 374/381/373 375/382/374 372/379/371
f 376/383/375 377/384/375 378/385/376
f 378/386/376 379/387/377 376/388/375
f 380/389/378 381/390/379 143/145/380
f 143/145/380 382/391/381 380/389/378
f 166/168/382 165/167/383 383/392/384
s 0
f 383/393/385 384/394/385 166/395/385
s 1
f 385/396/386 386/397/387 387/398/388
f 387/398/388 388/399/389 385/396/386
f 389/400/390 390/401/391 391/402/392
f 391/402/392 369/376/393 389/400/390
f 260/262/394 392/403/395 393/404/396
f 393/404/396 261/263/397 260/262/394
f 394/405/398 395/406/399 396/407/400
f 396/407/400 397/408/401 394/405/398
f 398/409/402 399/410/403 400/411/404
f 400/411/405 78/80/75 398/409/406
f 401/412/407 258/260/251 261/263/254
f 261/263/254 402/413/408 401/412/407
f 304/307/409 115/117/111 118/120/114
f 118/120/114 403/414/410 304/307/409
f 119/121/411 404/415/412 405/416/413
f 405/416/414 120/122/415 119/121/416
f 406/417/417 407/418/418 408/419/419
f 408/419/419 409/420/420 406/417/417
f 410/421/421 411/422/422 412/423/423
f 412/423/423 413/424/424 410/421/421
f 32/32/30 31/31/29 414/425/425
f 414/425/425 197/199/426 32/32/30
f 415/426/427 416/427/428 9/9/429
f 9/9/430 417/428/431 415/426/432
f 418/429/433 419/430/434 420/431/435
f 420/431/435 421/432/436 418/429/433
f 422/433/437 423/434/438 424/435/439
f 424/435/439 425/436/440 422/433/437
f 395/406/399 426/437/441 427/438/442
f 427/438/442 396/407/400 395/406/399
f 428/439/443 429/440/444 430/441/445
f 430/442/445 431/443/446 428/444/443
f 431/443/446 430/442/445 432/445/447
f 432/445/447 433/446/448 431/443/446
f 434/447/449 172/448/450 435/449/451
f 435/449/451 436/450/452 434/447/449
f 437/451/453 438/452/454 439/453/455
f 439/453/455 440/454/456 437/451/453
f 190/192/183 441/455/457 442/456/458
f 442/456/458 191/193/184 190/192/183
s 0
f 443/457/76 444/458/76 445/459/76
s 1
f 445/459/76 446/460/459 443/457/76
f 447/461/460 180/462/461 448/463/462
f 448/463/462 449/464/463 447/461/460
f 450/465/464 451/466/465 452/467/466
f 452/467/466 453/468/467 450/465/464
f 454/469/468 335/338/469 104/106/470
f 104/106/470 455/470/471 454/469/468
f 251/253/244 359/365/356 362/368/359
f 362/368/359 252/254/245 251/253/244
f 456/471/472 382/391/473 457/472/474
f 457/472/474 458/473/475 456/471/472
f 459/474/476 460/475/477 461/476/478
f 461/476/478 462/477/479 459/474/476
f 426/437/441 463/478/480 464/479/481
f 464/479/481 427/438/442 426/437/441
f 465/480/482 466/481/483 467/482/484
f 467/482/484 228/230/220 465/480/482
f 468/483/485 469/484/486 470/485/487
f 470/485/487 438/452/488 468/483/485
s 0
f 471/486/489 472/487/489 473/488/489
s 1
f 473/488/490 474/489/491 471/486/492
f 475/490/493 476/491/494 477/492/495
f 477/492/495 478/493/496 475/490/493
f 479/494/497 480/495/278 481/496/278
f 481/496/278 482/497/498 479/494/497
f 483/498/499 484/499/500 204/206/501
f 204/206/502 485/500/503 483/498/504
f 486/501/505 487/502/506 488/503/507
f 488/503/507 489/504/508 486/501/505
f 490/505/509 491/506/510 492/507/511
f 492/507/511 493/508/512 490/505/509
f 494/509/513 495/510/514 496/511/515
f 496/511/515 497/512/516 494/509/513
f 498/513/517 157/159/518 487/502/519
f 487/502/519 486/501/520 498/513/517
f 499/514/521 500/515/522 501/516/523
f 501/516/523 502/517/524 499/514/521
f 503/518/525 504/519/526 505/520/527
f 505/520/527 506/521/528 503/518/525
f 507/522/529 508/523/530 161/163/531
f 161/163/531 509/524/532 507/522/529
f 433/446/448 432/445/447 510/525/533
f 510/525/533 302/305/534 433/446/448
f 511/526/535 512/527/536 513/528/537
f 513/529/537 514/530/538 511/531/535
f 384/394/539 383/393/540 515/532/541
f 515/532/541 516/533/542 384/394/539
f 235/237/228 517/534/543 518/535/544
f 518/535/544 236/238/229 235/237/228
f 519/536/545 389/400/390 369/376/393
f 369/376/393 368/375/546 519/536/545
f 520/537/547 29/29/27 32/32/30
f 32/32/30 521/538/548 520/537/547
f 249/251/549 248/250/550 522/539/550
f 522/539/550 523/540/551 249/251/549
f 524/541/552 525/542/553 526/543/554
f 526/543/554 527/544/555 524/541/552
f 528/545/556 529/546/557 318/321/313
f 318/321/313 530/547/558 528/545/556
f 531/548/559 532/549/560 533/550/561
f 533/550/561 534/551/562 531/548/559
f 535/552/563 536/553/564 537/554/565
f 537/554/565 538/555/566 535/552/563
s 0
f 539/556/567 144/146/567 540/557/567
f 540/557/568 541/558/568 539/556/568
s 1
f 542/559/569 543/560/570 544/561/571
f 544/561/571 545/562/572 542/559/569
f 546/563/573 547/564/574 548/565/575
f 548/565/575 549/566/576 546/563/573
f 550/567/577 551/568/578 552/569/579
f 552/569/579 469/484/580 550/567/577
f 553/570/581 509/524/582 348/354/583
f 348/354/583 347/353/584 553/570/581
f 84/86/585 83/85/586 315/318/587
f 315/318/587 554/571/588 84/86/585
f 555/572/589 556/573/590 337/340/591
f 337/340/591 557/574/589 555/572/589
f 558/575/592 559/576/593 116/118/594
f 116/118/112 115/117/111 558/575/595
f 560/577/596 561/578/597 562/579/598
f 562/580/598 563/581/599 560/582/596
f 564/583/600 273/275/601 170/172/602
f 170/172/602 169/171/603 564/583/600
f 267/269/604 565/584/605 33/33/606
f 33/33/606 566/585/607 267/269/604
f 567/586/608 568/587/609 569/588/610
f 569/588/610 570/589/611 567/586/608
f 102/104/98 101/103/97 571/590/612
f 571/590/612 572/591/613 102/104/98
f 144/146/614 539/556/615 573/592/616
f 573/592/616 109/111/617 144/146/614
f 224/226/618 574/593/619 575/594/620
f 575/594/620 576/595/621 224/226/618
f 577/596/622 578/597/623 579/598/624
f 579/598/624 580/599/625 577/596/622
f 581/600/626 582/601/627 583/602/628
f 583/602/628 584/603/629 581/600/626
f 585/604/630 586/605/631 587/606/632
f 587/606/632 588/607/633 585/604/630
f 589/608/634 284/287/635 287/290/636
f 287/290/636 590/609/637 589/608/634
f 591/610/638 592/611/639 593/612/640
f 593/612/640 594/613/641 591/610/638
f 595/614/642 596/615/643 473/488/644
f 473/488/644 472/487/642 595/614/642
f 597/616/645 598/617/646 599/618/647
f 599/618/647 600/619/648 597/616/645
f 601/620/649 602/621/650 603/622/651
f 603/622/651 604/623/652 601/620/649
f 605/624/653 555/572/653 557/574/653
s 0
f 557/574/653 606/625/653 605/624/653
s 1
f 607/626/654 608/627/655 609/628/656
f 609/628/656 610/629/657 607/626/654
f 611/630/658 612/631/659 613/632/660
f 613/632/660 614/633/661 611/630/658
f 68/70/65 67/69/64 615/634/662
f 615/634/662 616/635/663 68/70/65
f 617/636/664 618/637/665 619/638/666
f 619/638/666 620/639/667 617/636/664
f 621/640/668 622/641/669 98/642/94
f 98/642/94 97/643/93 621/640/668
f 59/61/670 623/644/671 551/568/672
f 551/568/672 624/645/673 59/61/670
f 625/646/674 128/130/675 626/647/676
f 626/647/676 627/648/677 625/646/674
f 628/649/678 629/650/679 630/651/680
f 630/651/681 631/652/682 628/649/683
f 245/247/684 498/513/517 486/501/520
f 486/501/520 632/653/685 245/247/684
f 633/654/686 634/655/687 112/114/688
f 112/114/688 316/319/689 633/654/686
f 635/656/690 636/657/691 637/658/692
f 637/658/692 638/659/693 635/656/690
f 639/660/694 640/661/695 641/662/696
f 641/662/696 642/663/697 639/660/694
f 64/66/61 398/409/406 78/80/75
f 78/80/75 77/79/74 64/66/61
f 643/664/698 342/347/699 644/665/700
f 644/665/700 390/401/701 643/664/698
f 645/666/702 646/667/703 647/668/704
f 647/668/704 648/669/705 645/666/702
f 649/670/706 650/671/707 651/672/708
f 651/672/708 652/673/709 649/670/706
f 653/674/710 502/517/711 654/675/712
f 654/675/712 655/676/713 653/674/710
f 656/677/714 657/678/715 658/679/716
f 658/679/716 621/640/668 656/677/714
f 322/325/318 659/680/717 660/681/718
f 660/681/718 323/326/319 322/325/318
f 661/682/719 662/683/720 663/684/721
f 663/684/721 664/685/722 661/682/719
f 665/686/723 666/687/724 667/688/725
f 667/688/725 668/689/726 665/686/723
f 669/690/727 670/691/728 671/692/729
f 671/692/729 672/693/730 669/690/727
f 243/245/731 673/694/732 674/695/733
f 674/695/733 244/246/734 243/245/731
f 244/246/734 674/695/733 675/696/735
f 675/696/735 676/697/736 244/246/734
f 677/698/737 678/699/738 679/700/739
f 679/701/739 680/702/740 677/703/737
f 681/704/741 77/79/74 80/82/76
f 80/82/76 682/705/76 681/704/741
f 197/199/426 414/425/425 683/706/742
f 683/706/742 198/200/743 197/199/426
f 684/707/744 685/708/745 686/709/746
f 686/709/746 687/710/747 684/707/744
f 688/711/748 234/236/227 237/239/230
f 237/239/230 689/712/749 688/711/748
f 690/713/750 691/714/751 692/715/752
f 692/715/752 693/716/753 690/713/750
f 694/717/754 695/718/755 696/719/756
f 696/719/756 697/720/757 694/717/754
f 695/718/758 694/717/759 494/509/513
f 494/509/513 698/721/760 695/718/758
f 699/722/761 700/723/762 546/563/763
f 546/563/763 701/724/764 699/722/761
f 535/552/765 538/555/766 702/725/767
f 702/725/767 703/726/768 535/552/765
f 704/727/769 705/728/770 706/729/771
f 706/729/771 707/730/772 704/727/769
f 708/731/147 709/732/773 411/422/147
f 411/422/774 410/421/775 708/731/776
f 710/733/777 711/734/778 233/735/779
f 233/735/779 232/736/780 710/733/777
f 427/438/781 464/479/782 712/737/783
f 712/737/784 713/738/785 427/438/784
f 714/739/786 715/740/787 716/741/788
f 716/741/788 717/742/789 714/739/786
f 718/743/790 719/744/791 720/745/792
f 720/745/792 591/610/793 718/743/790
f 257/259/794 256/258/795 721/746/796
f 721/746/796 722/747/797 257/259/794
f 723/748/798 724/749/799 725/750/800
f 725/750/800 726/751/801 723/748/798
f 727/752/802 728/753/803 392/403/395
f 392/403/395 260/262/394 727/752/802
f 729/754/804 730/755/805 731/756/806
f 731/756/806 732/757/807 729/754/804
f 733/758/808 661/682/719 664/685/722
f 664/685/809 734/759/810 733/758/811
f 735/760/812 736/761/813 737/762/814
f 737/762/814 738/763/815 735/760/812
f 594/613/816 593/612/817 685/708/745
f 685/708/745 684/707/744 594/613/816
f 320/323/818 739/764/819 740/765/820
f 740/765/821 741/766/822 320/323/823
f 742/767/824 743/768/825 744/769/826
f 744/769/826 745/770/827 742/767/824
f 746/771/828 747/772/829 153/155/830
f 153/155/830 748/773/831 746/771/828
f 687/710/747 686/709/746 749/774/832
f 749/775/833 750/776/834 687/777/835
f 440/454/456 439/453/455 751/778/836
f 751/778/836 752/779/837 440/454/456
f 464/479/782 753/780/838 754/781/839
f 754/781/839 712/737/783 464/479/782
f 755/782/840 756/783/841 757/784/842
f 757/784/842 758/785/843 755/782/840
f 285/786/844 759/787/845 760/788/846
f 760/788/847 286/789/848 285/786/844
f 761/790/849 762/791/850 763/792/851
f 763/792/851 764/793/852 761/790/849
f 373/380/853 27/27/854 765/794/855
f 765/794/855 374/381/856 373/380/853
f 576/595/857 575/594/858 724/749/799
f 724/749/799 723/748/798 576/595/857
f 766/795/859 365/796/860 344/350/341
f 344/350/341 343/349/340 766/795/859
f 590/609/637 287/290/636 767/797/861
f 767/797/861 768/798/862 590/609/637
s 0
f 769/799/147 770/800/147 708/731/147
f 708/731/147 771/801/147 769/799/147
s 1
f 616/635/663 615/634/662 772/802/863
f 772/802/863 773/803/864 616/635/663
f 774/804/865 775/805/866 776/806/867
s 0
f 776/806/868 777/807/868 774/804/868
s 1
f 409/420/420 408/419/419 778/808/869
f 778/808/869 779/809/870 409/420/420
f 432/810/447 780/811/871 781/812/872
f 781/812/872 53/813/873 432/810/447
f 566/585/278 782/814/278 5/815/874
f 5/815/874 267/269/260 566/585/278
f 210/212/875 783/816/876 255/257/877
f 255/257/878 254/256/879 210/212/880
f 784/817/881 347/353/344 350/356/347
f 350/356/347 785/818/882 784/817/881
f 786/819/883 787/820/884 788/821/885
s 0
f 788/821/886 789/822/886 786/819/886
s 1
f 326/329/322 665/686/723 668/689/726
f 668/689/726 327/330/323 326/329/322
f 790/823/887 542/559/888 545/562/889
f 545/562/889 791/824/890 790/823/887
f 155/157/147 792/825/891 793/826/892
f 793/826/892 770/800/147 155/157/147
f 593/612/817 794/827/893 795/828/894
f 795/828/894 685/708/745 593/612/817
f 796/829/895 797/830/896 798/831/897
f 798/831/897 799/832/898 796/829/895
f 800/833/899 143/145/900 108/110/901
f 108/110/901 801/834/902 800/833/899
f 517/534/543 802/835/903 803/836/904
f 803/836/904 518/535/544 517/534/543
f 804/837/905 449/464/906 805/838/907
f 805/838/907 21/21/21 804/837/905
f 467/482/908 277/839/270 229/231/909
f 229/231/221 228/230/220 467/482/484
f 544/561/910 570/589/911 569/588/912
f 569/588/912 806/840/913 544/561/910
f 807/841/914 808/842/915 629/650/679
f 629/650/679 628/649/678 807/841/914
f 809/843/916 121/123/117 120/122/116
f 120/122/116 810/844/917 809/843/916
s 0
f 787/820/918 811/845/918 812/846/918
s 1
f 812/846/919 788/821/885 787/820/884
f 813/847/920 814/848/921 815/849/922
f 815/849/922 295/298/923 813/847/920
f 771/801/924 708/731/776 410/421/775
f 410/421/775 816/850/924 771/801/924
f 11/11/925 817/851/926 818/852/927
f 818/852/928 407/418/929 11/11/925
f 819/853/930 820/854/931 821/855/932
f 821/855/932 822/856/933 819/853/930
f 823/857/934 824/858/935 825/859/936
f 825/859/936 826/860/937 823/857/934
f 666/687/724 827/861/938 828/862/939
f 828/862/939 667/688/725 666/687/724
f 829/863/940 601/620/649 604/623/652
f 604/623/652 830/864/941 829/863/940
f 831/865/942 832/866/943 833/867/944
f 833/867/944 834/868/945 831/865/942
f 685/708/745 795/828/894 835/869/946
f 835/869/946 686/709/746 685/708/745
f 707/730/772 706/729/771 836/870/947
f 836/870/947 837/871/948 707/730/772
f 838/872/949 839/873/950 259/261/252
f 259/261/252 258/260/251 838/872/949
f 758/785/843 757/784/842 437/451/951
f 437/451/951 646/874/952 758/785/843
f 201/203/194 200/202/193 840/875/953
f 840/875/953 841/876/954 201/203/194
f 510/525/955 842/877/956 303/306/294
f 303/306/294 302/305/293 510/525/955
f 843/878/957 844/879/958 100/102/959
f 100/102/959 845/880/960 843/878/957
f 695/718/755 454/469/468 455/470/471
f 455/470/471 696/719/756 695/718/755
f 846/881/961 733/758/811 734/759/810
f 734/759/962 847/882/963 846/881/963
f 691/714/964 848/883/965 624/645/966
f 624/645/966 692/715/967 691/714/964
f 441/455/457 849/884/968 801/834/969
f 801/834/969 850/885/970 441/455/457
f 851/886/971 45/47/42 48/50/45
f 48/50/45 852/887/972 851/886/971
f 286/789/848 760/788/847 730/755/805
f 730/755/805 729/754/804 286/789/848
f 853/888/973 854/889/974 855/890/975
f 855/890/975 263/265/976 853/888/973
f 417/428/431 9/9/430 12/12/977
f 12/12/977 856/891/978 417/428/431
f 680/892/979 679/893/980 310/313/981
f 310/313/981 309/312/982 680/892/979
f 734/759/983 857/894/983 858/895/984
f 858/895/984 847/882/984 734/759/983
f 859/896/985 860/897/986 861/898/987
f 861/898/987 862/899/988 859/896/985
f 863/900/989 796/829/895 799/832/898
f 799/832/898 864/901/990 863/900/989
f 865/902/991 200/903/193 203/904/195
f 203/904/195 62/64/59 865/902/991
f 866/905/992 867/906/993 868/907/994
f 868/907/994 869/908/995 866/905/992
f 627/648/996 870/909/997 871/910/998
f 871/910/998 625/646/999 627/648/996
f 872/911/1000 873/912/1001 564/583/1002
f 564/583/1002 874/913/1003 872/911/1000
f 875/914/1004 876/915/1005 877/916/1006
f 877/916/1006 878/917/1007 875/914/1004
f 879/918/1008 880/919/1009 541/558/1010
f 541/558/1010 540/557/1011 879/918/1008
f 316/319/310 112/114/107 26/26/110
f 26/26/110 25/25/311 316/319/310
f 881/920/1012 882/921/1013 640/661/695
f 640/661/695 639/660/694 881/920/1012
f 883/922/1014 843/878/1015 845/880/1016
f 845/880/1016 884/923/1017 883/922/1014
f 885/924/1018 722/747/1019 886/925/1020
f 886/925/1020 887/926/1021 885/924/1018
f 888/927/1022 889/928/1023 890/929/1024
f 890/929/1025 891/930/1026 888/927/1027
f 176/178/1028 825/931/1029 824/932/1030
f 824/932/1030 173/175/1031 176/178/1028
s 0
f 892/933/1032 858/895/1032 857/894/1032
s 1
f 857/894/1033 893/934/1034 892/933/1035
f 894/935/1036 895/936/1037 896/937/1038
f 896/937/1038 897/938/1039 894/935/1036
f 40/41/1040 39/40/1041 898/939/1042
f 898/939/1042 899/940/1040 40/41/1040
f 900/941/1043 901/942/1044 902/943/1045
f 902/943/1045 903/944/1046 900/941/1043
f 613/632/660 904/945/1047 905/946/1048
f 905/946/1048 906/947/1049 613/632/660
f 907/948/1050 908/949/1051 909/950/1052
f 909/950/1052 910/951/1053 907/948/1050
f 911/952/1054 912/953/1055 231/233/223
f 231/233/223 913/954/1056 911/952/1054
f 74/955/71 73/956/70 914/957/1057
f 914/957/1057 915/958/1058 74/955/71
f 916/959/1059 917/960/1060 527/544/1061
f 527/544/1061 918/961/1062 916/959/1059
f 693/716/753 692/715/752 550/567/1063
f 550/567/1063 919/962/1064 693/716/753
f 920/963/1065 710/733/777 232/736/780
f 232/964/780 921/965/1066 920/966/1065
f 747/772/829 922/967/1067 154/156/1068
f 154/156/1068 153/155/830 747/772/829
f 923/968/1069 924/969/1070 925/970/1071
f 925/970/1071 736/761/1072 923/968/1069
f 164/166/1073 163/165/1074 926/971/1075
f 926/971/1075 927/972/1076 164/166/1073
f 928/973/1077 929/974/1078 661/682/1079
f 661/682/1079 733/758/1080 928/973/1077
f 865/902/991 930/975/741 38/38/1081
f 38/38/1081 37/37/1082 865/902/991
f 931/976/1083 932/977/1084 747/772/1085
f 747/772/1086 746/771/1087 931/976/1088
f 933/978/1089 934/979/1090 935/980/1091
f 935/980/1091 936/981/1092 933/978/1089
f 937/982/1093 388/399/1094 387/398/1095
f 387/398/1095 938/983/1096 937/982/1093
f 939/984/1097 940/985/1098 941/986/1099
f 941/986/1032 942/987/1100 939/984/1101
f 943/988/1102 944/989/1103 945/990/1104
f 945/990/1104 946/991/1105 943/988/1102
f 947/992/1106 360/366/1107 896/937/1108
f 896/937/1108 895/936/1109 947/992/1106
f 171/993/1110 948/994/1111 949/995/1112
f 949/995/1112 950/996/1113 171/993/1110
f 951/997/1114 600/619/1115 853/888/1116
f 853/888/1116 952/998/1117 951/997/1114
f 953/999/1118 358/364/1119 954/1000/1120
f 954/1000/1120 955/1001/1121 953/999/1118
f 956/1002/1122 777/807/147 957/1003/147
f 957/1003/147 958/1004/1123 956/1002/1122
f 959/1005/1124 960/1006/1125 835/869/1126
f 835/869/1126 961/1007/1127 959/1005/1124
f 962/1008/1128 963/1009/1129 705/728/770
f 705/728/770 704/727/769 962/1008/1128
f 964/1010/1130 965/1011/1131 966/1012/1132
f 966/1012/1132 933/1013/1133 964/1010/1130
f 967/1014/1134 375/382/1135 968/1015/1136
f 968/1015/1136 969/1016/1137 967/1014/1134
f 970/1017/1138 971/1018/1139 217/219/209
f 217/219/209 216/218/208 970/1017/1138
f 972/1019/1140 554/571/1141 386/397/1142
f 386/397/1142 385/396/1143 972/1019/1140
f 973/1020/1144 163/165/154 207/1021/1145
f 207/1021/1145 206/1022/1146 973/1020/1144
f 837/871/1147 836/870/1148 974/1023/1149
f 974/1023/1149 975/1024/1150 837/871/1147
f 976/1025/1151 977/1026/1152 634/655/1153
f 634/655/1153 633/654/1154 976/1025/1151
f 289/292/280 688/711/748 689/712/749
f 689/712/749 290/293/281 289/292/280
f 222/224/1155 978/1027/1156 326/329/1157
f 326/329/1157 325/328/1158 222/224/1155
f 979/1028/1159 980/1029/1160 490/505/1161
f 490/505/1161 981/1030/1162 979/1028/1159
f 172/448/450 171/993/1110 950/996/1113
f 950/996/1113 435/449/451 172/448/450
f 225/1031/217 982/1032/1163 917/1033/1164
f 917/1034/1164 226/228/218 225/227/217
f 973/1020/1165 711/734/1166 983/1035/1167
f 983/1035/1167 984/1036/1168 973/1020/1165
f 985/1037/1169 986/1038/1170 649/670/1171
f 649/670/1171 987/1039/1172 985/1037/1169
f 247/249/240 320/323/823 741/766/822
f 741/766/822 248/250/241 247/249/240
f 988/1040/1173 989/1041/1174 759/787/845
f 759/787/845 285/786/844 988/1040/1173
f 990/1042/1175 991/1043/1176 992/1044/1177
f 992/1044/1177 340/344/337 990/1042/1175
f 420/431/1178 419/430/1179 475/490/1180
f 475/490/1180 993/1045/1181 420/431/1178
f 333/1046/330 994/1047/1182 995/1048/1183
f 995/1048/1183 334/1049/331 333/1046/330
f 996/1050/1184 997/1051/1185 998/1052/1186
f 998/1052/1186 999/1053/1187 996/1050/1184
f 335/338/469 334/337/1188 105/107/1189
f 105/107/1189 104/106/470 335/338/469
f 809/843/916 1000/1054/1190 1001/1055/1191
f 1001/1055/1191 921/1056/1192 809/843/916
f 1002/1057/76 1003/1058/1193 312/315/304
f 312/315/304 311/314/303 1002/1057/76
f 1004/1059/1194 886/925/1195 722/747/1196
f 722/747/1196 721/746/1197 1004/1059/1194
f 560/582/1198 996/1050/1184 999/1053/1187
f 999/1060/1199 1005/1061/1200 560/577/1201
f 884/923/1017 845/880/1016 1006/1062/1202
f 1006/1062/1202 1007/1063/1203 884/923/1017
f 999/1053/1204 998/1052/1205 585/604/1206
f 585/1064/1206 532/549/1207 999/1060/1204
f 561/578/597 1008/1065/1208 1009/1066/1209
f 1009/1066/1209 562/579/598 561/578/597
f 678/699/738 816/850/1210 1010/1067/1210
f 1010/1067/1210 679/700/739 678/699/738
f 340/344/337 992/1044/1177 42/44/39
f 42/44/39 41/43/38 340/344/337
f 1011/1068/1211 1012/1069/1212 28/28/1213
f 28/28/1213 1013/1070/1214 1011/1068/1211
f 367/373/1215 1014/1071/1216 1015/1072/1217
f 1015/1072/1217 1016/1073/1218 367/373/1215
f 640/661/1219 1017/1074/1220 970/1017/1221
f 970/1017/1221 641/662/1222 640/661/1219
f 403/414/410 118/120/114 1018/1075/1223
f 1018/1075/1223 773/803/1224 403/414/410
f 344/374/366 367/373/365 1016/1073/1225
f 1016/1073/1226 345/1076/1227 344/374/1228
f 236/238/229 518/535/544 660/681/1229
f 660/681/1229 1019/1077/1230 236/238/229
f 968/1015/1231 375/382/374 635/656/1232
f 635/656/1232 638/659/1233 968/1015/1231
f 1020/1078/1234 1007/1063/1235 243/245/236
f 243/245/236 242/244/235 1020/1078/1234
f 1021/1079/1236 67/69/1237 66/68/1238
f 66/68/1238 568/587/609 1021/1079/1236
f 1022/1080/1239 1023/1081/1240 508/523/1241
f 508/523/1241 507/522/1242 1022/1080/1239
f 1024/1082/1243 355/361/352 358/364/355
f 358/364/355 953/999/1244 1024/1082/1243
f 1025/1083/991 1026/1084/727 1027/1085/1245
f 1027/1085/1245 1028/1086/1246 1025/1083/991
f 357/363/1247 1029/1087/1248 1030/1088/1249
f 1030/1088/1249 1031/1089/1250 357/363/1247
f 15/1090/1251 376/388/1252 1032/1091/1252
f 1032/1091/1252 1033/1092/1253 15/1090/1251
f 1034/1093/1254 817/851/1255 1035/1094/1256
f 1035/1094/1256 794/827/1257 1034/1093/1254
f 508/523/1258 1036/1095/1259 162/164/1260
f 162/164/1260 161/163/1261 508/523/1258
f 1037/1096/1262 1038/1097/1263 528/545/556
f 528/545/556 1039/1098/1264 1037/1096/1262
f 301/304/326 249/251/549 523/540/551
f 523/540/551 330/333/327 301/304/326
f 1040/1099/1265 1041/1100/1266 1042/1101/1267
f 1042/1101/1267 1043/1102/1268 1040/1099/1265
f 1044/1103/1269 1045/1104/1270 1046/1105/1271
f 1046/1105/1271 1047/1106/1272 1044/1103/1269
f 900/941/1043 1048/1107/1273 669/690/727
f 669/690/727 1026/1084/727 900/941/1043
f 449/464/463 448/463/462 1049/1108/1274
f 1049/1108/1274 805/838/1275 449/464/463
f 1050/1109/1276 1051/1110/1277 1052/1111/1278
f 1052/1111/1278 1053/1112/1279 1050/1109/1276
f 86/88/82 897/938/1039 305/308/297
f 305/308/297 87/89/83 86/88/82
f 1054/1113/1280 1055/1114/1281 875/914/1282
f 875/914/1282 1056/1115/1283 1054/1113/1280
f 791/824/1284 1057/1116/1285 1058/1117/1286
f 1058/1117/1286 1059/1118/1287 791/824/1284
f 42/44/39 1060/1119/147 1061/1120/147
f 1061/1120/147 43/45/40 42/44/39
f 516/1121/542 515/1122/541 351/357/348
f 351/357/348 1062/1123/1288 516/1121/542
f 1063/1124/1289 1064/1125/1290 1065/1126/1291
f 1065/1126/1291 1066/1127/1292 1063/1124/1289
f 438/452/488 470/485/487 1067/1128/1293
f 1067/1128/1293 439/453/1294 438/452/488
f 1068/1129/1295 1066/1127/1292 1069/1130/1296
f 1069/1130/1296 1070/1131/1297 1068/1129/1295
f 1071/1132/1298 1072/1133/1299 991/1043/1300
f 991/1043/1300 990/1042/1301 1071/1132/1298
f 1073/1134/1302 415/426/1303 417/428/1304
f 417/428/1304 1074/1135/1305 1073/1134/1302
f 698/721/760 1075/1136/1306 454/469/1307
f 454/469/1307 695/718/758 698/721/760
f 371/378/1308 370/377/1309 1076/1137/1310
f 1076/1137/1310 1077/1138/1311 371/378/1308
f 1078/1139/1312 346/352/1313 728/753/803
f 728/753/803 727/752/802 1078/1139/1312
f 989/1041/1314 1079/1140/1315 1080/1141/1316
f 1080/1141/1316 1081/1142/1317 989/1041/1314
f 1082/1143/1318 745/770/827 1083/1144/1319
f 1083/1144/1319 1084/1145/1320 1082/1143/1318
f 1085/1146/991 901/942/1044 1025/1083/991
f 1025/1083/991 1086/1147/1321 1085/1146/991
f 1051/1148/1322 1087/1149/1323 1088/1150/1324
f 1088/1151/1324 1052/1111/1325 1051/1110/1322
f 1089/1152/1326 1090/1153/1327 1091/1154/1328
f 1091/1154/1328 271/273/1329 1089/1152/1326
f 259/261/252 1092/1155/1330 1093/1156/1331
f 1093/1156/1331 1078/1139/1332 259/261/252
f 392/403/1333 1094/1157/1334 1095/1158/1335
f 1095/1158/1335 393/404/1336 392/403/1333
f 703/726/1337 702/725/1338 1096/1159/1339
f 1096/1159/1339 827/861/1340 703/726/1337
f 1097/1160/1341 1098/1161/1342 1099/1162/1343
f 1099/1162/1343 338/341/1344 1097/1160/1341
f 446/460/1345 445/459/1346 1100/1163/1347
f 1100/1163/1348 1101/1164/1349 446/460/459
f 1102/1165/1350 1103/1166/1351 1063/1124/1289
f 1063/1124/1289 1066/1127/1292 1102/1165/1350
f 646/874/952 437/451/951 440/454/1352
f 440/454/1352 647/1167/1353 646/874/952
f 1104/1168/1354 768/798/1355 536/553/564
f 536/553/564 535/552/563 1104/1168/1354
f 99/101/95 85/87/81 88/90/84
f 88/90/84 1105/1169/1356 99/101/95
f 1/1/1 1106/1170/1357 1107/1171/1358
f 1107/1171/1358 2/2/1359 1/1/1
f 1108/1172/1360 1109/1173/1361 1110/1174/1362
f 1110/1174/1362 1111/1175/1363 1108/1172/1360
f 723/1176/798 1112/1177/1364 1113/1178/1365
f 1113/1179/1365 576/595/857 723/748/798
f 803/836/904 1114/1180/1366 324/327/1367
f 324/327/1367 323/326/1368 803/836/904
f 753/780/838 493/508/1369 1115/1181/1370
f 1115/1181/1370 754/781/839 753/780/838
f 1116/1182/1371 884/923/1372 1007/1063/1373
f 1007/1063/1235 1020/1078/1234 1116/1182/1374
f 1117/1183/1375 738/763/815 1118/1184/1376
f 1118/1184/1376 1119/1185/1377 1117/1183/1375
f 1120/1186/1378 1121/1187/1379 1122/1188/1380
f 1122/1188/1380 1123/1189/1381 1120/1186/1378
f 1124/1190/1382 1125/1191/58 880/919/76
f 880/919/76 879/918/76 1124/1190/1382
f 563/581/599 1116/1182/1383 996/1050/1384
f 996/1050/1384 560/582/596 563/581/599
f 728/753/1385 1126/1192/1386 1094/1157/1334
f 1094/1157/1334 392/403/1333 728/753/1385
f 191/193/184 442/456/458 1127/1193/1387
f 1127/1193/1387 1128/1194/1388 191/193/184
f 292/295/1389 1129/1195/1390 811/845/1391
f 811/845/1391 787/820/1392 292/295/1389
f 1040/1099/1393 1130/1196/1394 1131/1197/1395
f 1131/1197/1395 1132/1198/1396 1040/1099/1393
f 205/207/197 122/124/224 233/235/226
f 233/235/226 206/208/198 205/207/197
f 134/136/130 133/135/129 1133/1199/1397
f 1133/1199/1397 1134/1200/1398 134/136/130
f 1135/1201/1399 1136/1202/1400 1137/1203/1401
f 1137/1203/1401 1138/1204/1402 1135/1201/1399
f 218/220/1403 1139/1205/1403 1140/1206/1404
f 1140/1206/1404 1141/1207/1404 218/220/1403
f 864/901/990 799/832/898 950/996/1405
f 950/996/1405 949/995/1406 864/901/990
f 2/2/1359 1107/1171/1358 1142/1208/1407
f 1142/1209/1407 1143/1210/1408 2/1211/1359
f 1069/1130/1296 744/769/826 743/768/825
f 743/768/825 1144/1212/1409 1069/1130/1296
f 929/974/1410 928/973/1411 1145/1213/1412
f 1145/1213/1412 1146/1214/1413 929/974/1410
f 1147/1215/1414 1148/1216/1415 1083/1144/1319
f 1083/1144/1319 745/770/827 1147/1215/1414
f 1149/1217/1416 987/1039/1417 1150/1218/1418
f 1150/1218/1418 1151/1219/1419 1149/1217/1416
f 1152/1220/1420 1153/1221/1421 135/137/1422
f 135/137/1422 1154/1222/1423 1152/1220/1420
f 776/806/1424 993/1045/1425 1155/1223/1426
f 1155/1223/1426 1156/1224/1427 776/806/1424
f 354/360/1428 353/359/1429 186/188/1430
f 186/188/1430 185/187/1431 354/360/1428
f 158/160/1432 1157/1225/1433 1054/1113/1434
f 1054/1113/1434 159/161/1435 158/160/1432
f 282/1226/276 341/348/338 342/347/339
f 342/347/339 643/664/1436 282/1226/276
f 424/435/1437 580/599/1438 1158/1227/1439
f 1158/1227/1439 1159/1228/1440 424/435/1437
f 1160/1229/1441 1161/1230/1442 1162/1231/1443
f 1162/1231/1443 1109/1173/1444 1160/1229/1441
f 1018/1075/1223 1163/1232/1445 405/416/1446
f 405/416/1446 1164/1233/1447 1018/1075/1223
f 22/22/22 1165/1234/1448 466/481/1449
f 466/481/1449 23/23/23 22/22/22
f 1166/1235/1450 1167/1236/1451 1168/1237/1452
f 1168/1237/1452 792/825/891 1166/1235/1450
f 1169/1238/1453 1170/1239/147 1171/1240/147
f 1171/1240/147 1172/1241/1454 1169/1238/1453
f 591/610/1455 720/745/1456 1173/1242/1457
s 0
f 1173/1242/1458 1174/1243/1458 591/610/1458
s 1
f 899/940/1040 898/939/1042 1175/1244/1459
f 1175/1244/1459 1176/1245/1460 899/940/1040
f 1177/1246/1461 807/841/1462 628/649/1463
f 628/649/1463 220/222/1464 1177/1246/1461
f 1178/1247/1465 632/653/1466 1179/1248/1467
f 1179/1248/1468 1180/1249/1469 1178/1247/1470
f 355/361/1471 1024/1082/1472 863/900/989
f 863/900/989 1181/1250/1473 355/361/1471
f 38/38/1081 930/975/741 1125/1191/58
f 1125/1191/58 1124/1190/1382 38/38/1081
f 626/647/1474 1132/1198/1475 1131/1197/1476
f 1131/1197/1476 1182/1251/1477 626/647/1474
f 995/1048/1478 841/876/1479 1183/1252/1480
f 1183/1252/1480 1184/1253/1481 995/1048/1478
f 1185/1254/1482 1186/1255/1483 1143/1210/1484
f 1143/1210/1484 1187/1256/1485 1185/1254/1482
f 1188/1257/282 1189/1258/1486 1151/1219/1419
f 1151/1219/1419 1190/1259/282 1188/1257/282
f 22/22/22 1191/1260/1487 1192/1261/1488
f 1192/1261/1488 1165/1234/1489 22/22/22
f 1193/1262/1490 955/1001/1121 1194/1263/1491
f 1194/1263/1491 1195/1264/1492 1193/1262/1490
s 0
f 1196/1265/1493 1189/1258/1493 1197/1266/1493
f 1197/1266/1494 1140/1206/1494 1196/1265/1494
s 1
f 1067/1128/1495 713/738/1496 712/737/1497
f 712/737/1497 1198/1267/1498 1067/1128/1495
s 0
f 266/268/1499 1141/1207/1499 565/584/1499
f 565/584/1500 267/269/1500 266/268/1500
s 1
f 1199/1268/1501 906/947/1049 838/872/949
f 838/872/949 1200/1269/1502 1199/1268/1501
f 1201/1270/1503 1104/1168/1504 1202/1271/1505
f 1202/1271/1505 1203/1272/1506 1201/1270/1503
f 1204/1273/1507 145/147/139 148/150/142
f 148/150/142 1205/1274/1508 1204/1273/1507
f 855/890/1509 17/17/17 20/20/20
f 20/20/20 1206/1275/1510 855/890/1509
f 1207/1276/1511 1208/1277/1512 617/636/1513
f 617/636/1513 451/466/1514 1207/1276/1511
f 794/827/1257 1035/1094/1256 416/427/1515
f 416/427/1515 795/828/1516 794/827/1257
f 1209/1278/1517 1071/1132/1298 990/1042/1301
f 990/1279/1518 182/184/1519 1209/1280/1520
f 742/767/1521 979/1028/1159 981/1030/1162
f 981/1030/1522 463/478/1523 742/767/1524
f 1030/1088/1249 195/197/188 1210/1281/1525
f 1210/1281/1525 1211/1282/1526 1030/1088/1249
f 70/72/67 191/193/184 1128/1194/1388
f 1128/1194/1388 71/73/68 70/72/67
f 219/221/211 218/220/210 1141/1207/1527
f 1141/1207/1527 266/268/1528 219/221/211
f 445/459/1346 1212/1283/1529 1213/1284/1530
f 1213/1284/1530 1100/1163/1347 445/459/1346
f 1132/1198/1531 127/129/1532 1041/1100/1533
f 1041/1100/1534 1040/1099/1393 1132/1198/1396
f 1214/1285/1535 1115/1181/1535 1215/1286/1536
f 1215/1286/1536 971/1018/1536 1214/1285/1535
f 1216/1287/1537 936/981/1092 1073/1134/1302
f 1073/1134/1302 364/1288/1538 1216/1287/1537
f 1217/1289/1539 869/1290/1540 782/814/278
f 782/814/278 566/585/278 1217/1289/1539
s 0
f 1036/1095/1541 421/1291/1541 1218/1292/1541
s 1
f 1218/1292/1542 162/164/1543 1036/1095/1543
f 1219/1293/76 1085/1146/991 1086/1147/1321
f 1086/1147/1321 444/458/76 1219/1293/76
f 1158/1294/1544 1220/1295/1545 556/573/1546
f 556/573/1546 555/572/1547 1158/1294/1544
f 596/615/1548 16/1296/1549 1221/1297/1550
f 1221/1297/1550 473/488/644 596/615/1548
f 737/762/814 653/674/710 655/676/713
f 655/676/713 1222/1298/1551 737/762/814
f 276/278/269 1123/1189/1381 1223/1299/1552
f 1223/1299/1552 1224/1300/1553 276/278/269
f 1225/1301/1554 829/863/940 830/864/941
f 830/864/941 1226/1302/1555 1225/1301/1554
f 477/1303/1556 257/259/1557 722/747/797
f 722/747/797 885/924/1558 477/1303/1556
f 1130/1196/1559 1040/1099/1265 1043/1102/1268
f 1043/1102/1268 1227/1304/1560 1130/1196/1559
f 587/606/1561 621/640/668 97/643/93
f 97/643/93 588/607/1562 587/606/1561
f 360/366/1107 359/365/1563 306/309/1564
f 306/309/1564 896/937/1108 360/366/1107
f 839/873/950 1228/1305/1565 1092/1155/1330
f 1092/1155/1330 259/261/252 839/873/950
f 1229/1306/1566 1230/1307/1567 542/559/888
f 542/559/888 790/823/887 1229/1306/1566
f 1231/1308/1568 1232/1309/1569 1087/1149/1323
f 1087/1149/1323 1051/1148/1322 1231/1308/1568
f 505/520/1570 1233/1310/1571 844/1311/958
f 844/1311/958 843/1312/957 505/520/1570
f 698/721/760 494/509/513 497/512/516
f 497/512/516 1234/1313/1572 698/721/760
f 1235/1314/1573 1236/1315/1574 94/96/90
f 94/96/90 93/95/89 1235/1314/1573
f 1237/1316/1575 1238/1317/1252 1185/1254/1252
f 1185/1254/1252 697/720/1576 1237/1316/1575
f 239/241/1577 238/240/1578 886/925/1579
f 886/925/1579 1004/1059/1580 239/241/1577
f 802/835/1581 517/534/1582 1239/1318/1583
f 1239/1318/1583 1240/1319/1584 802/835/1581
f 871/1320/1585 611/630/1586 1241/1321/1587
f 1241/1321/1587 1242/1322/1588 871/1320/1585
f 223/225/1589 222/224/1155 325/328/1158
f 325/328/1158 1243/1323/1590 223/225/1589
f 1244/1324/1591 81/83/77 84/86/80
f 84/86/80 1245/1325/1592 1244/1324/1591
f 1211/1282/1593 1210/1281/868 956/1002/868
f 956/1002/1594 1246/1326/1593 1211/1282/1595
f 1247/1327/1596 5/815/874 8/1328/1597
f 8/1328/1597 1248/1329/1598 1247/1327/1596
f 1249/1330/1599 1245/1325/1600 972/1019/1601
f 972/1019/1601 1250/1331/1602 1249/1330/1599
f 1251/1332/1603 19/19/1604 388/399/1094
f 388/399/1094 937/982/1093 1251/1332/1603
f 1122/1188/1380 1252/1333/1605 1089/1152/1326
f 1089/1152/1326 1253/1334/1606 1122/1188/1380
f 1110/1174/1607 450/465/1608 453/468/1609
f 453/468/1609 1254/1335/1610 1110/1174/1607
f 1255/1336/1611 677/703/737 680/702/740
f 680/702/740 1256/1337/1612 1255/1336/1611
f 1039/1098/1264 528/545/556 530/547/558
f 530/547/558 1257/1338/1613 1039/1098/1264
f 1258/1339/1614 125/127/1615 124/126/1616
f 124/126/1617 1259/1340/1618 1258/1339/1619
f 1176/1245/1620 1175/1244/1621 1167/1236/1622
f 1167/1236/1622 1166/1235/1623 1176/1245/1620
f 1260/1341/1624 1261/1342/1625 1262/1343/1626
f 1262/1343/1626 1263/1344/1627 1260/1341/1624
f 792/825/891 1168/1237/1452 1264/1345/1628
f 1264/1345/1628 793/826/892 792/825/891
f 463/478/480 981/1030/1629 753/780/1630
f 753/780/1630 464/479/481 463/478/480
f 484/499/1631 1265/1346/1632 241/243/1633
f 241/243/1633 1266/1347/1634 484/499/1631
f 295/298/923 294/297/1635 1267/1348/1636
f 1267/1348/1636 813/847/920 295/298/923
f 930/975/741 865/902/991 62/64/59
f 62/64/59 61/63/58 930/975/741
f 1268/1349/1637 1269/1350/1638 189/191/182
f 189/191/182 1270/1351/1639 1268/1349/1637
f 914/957/1640 693/716/1641 919/962/1642
f 919/962/1642 756/783/1643 914/957/1640
f 935/980/1644 961/1007/1645 416/427/428
f 416/427/428 415/426/427 935/980/1644
f 1271/1352/1646 1272/1353/1647 656/677/1648
f 656/677/1648 1273/1354/1649 1271/1352/1646
f 1274/1355/1650 785/818/1651 350/356/1652
f 350/356/1652 1275/1356/1653 1274/1355/1650
f 162/164/153 1276/1357/1654 207/1021/1145
f 207/1021/1145 163/165/154 162/164/153
f 1277/1358/1655 300/303/291 301/304/292
f 301/304/292 329/332/1655 1277/1358/1655
f 1278/1359/1656 553/570/581 347/353/584
f 347/353/584 784/817/1657 1278/1359/1656
f 331/1360/1658 330/1361/1659 671/692/1660
f 671/692/1660 1279/1362/1661 331/1360/1658
f 969/1016/1662 131/133/1663 780/811/871
f 780/811/871 1280/1363/1664 969/1016/1662
s 0
f 1218/1364/76 1281/1365/76 1219/1293/76
f 1219/1293/76 1282/1366/76 1218/1364/76
s 1
f 195/197/188 194/196/187 774/804/1665
f 774/804/1665 1210/1281/1666 195/197/188
f 345/1076/1227 1016/1073/1226 1283/1367/1667
f 1283/1367/1667 1126/1368/1668 345/1076/1227
f 1091/1154/1669 1257/1338/1613 300/303/1670
f 300/303/1670 1277/1358/1671 1091/1154/1669
f 770/800/147 793/826/892 709/732/773
f 709/732/773 708/731/147 770/800/147
f 686/709/746 835/869/946 960/1006/1672
f 960/1006/1672 749/774/832 686/709/746
f 878/917/1007 877/916/1006 567/586/608
f 567/586/608 570/589/611 878/917/1007
f 56/58/53 55/57/52 842/877/956
f 842/877/956 510/525/955 56/58/53
f 1167/1236/1622 1175/1244/1621 1284/1369/1673
f 1284/1369/1673 1285/1370/1674 1167/1236/1622
f 319/322/314 1286/1371/1675 739/764/1676
f 739/764/1676 320/323/315 319/322/314
f 1181/1250/1473 863/900/989 864/901/990
f 864/901/990 1287/1372/1677 1181/1250/1473
f 1262/1343/1678 1288/1373/1679 69/71/66
f 69/71/66 72/74/69 1262/1343/1678
f 1289/1374/1680 985/1037/1169 987/1039/1172
f 987/1039/1172 1149/1217/1681 1289/1374/1680
f 1023/1081/1682 1290/1375/1683 1036/1095/1684
f 1036/1095/1684 508/523/1685 1023/1081/1682
f 539/556/1686 548/565/1687 547/564/1688
f 547/564/1688 573/592/1689 539/556/1686
f 711/734/778 973/1020/1144 206/1022/1146
f 206/1022/1146 233/735/779 711/734/778
f 1291/1376/1690 1292/1377/1691 402/413/1692
f 402/413/1692 1293/1378/1693 1291/1376/1690
f 993/1045/1425 475/490/147 478/493/147
f 478/493/147 1155/1223/1426 993/1045/1425
f 1294/1379/1694 1295/1380/1695 381/390/1696
f 381/390/1696 380/389/1697 1294/1379/1694
f 1296/1381/1698 1297/1382/1699 1298/1383/1700
f 1298/1383/1700 400/411/1701 1296/1381/1698
f 1127/1193/1387 1299/1384/1702 1300/1385/1703
f 1300/1385/1703 1301/1386/1704 1127/1193/1387
f 283/1387/277 282/1226/276 643/664/1436
f 643/664/1436 1302/1388/1705 283/1387/277
f 1303/1389/1706 1146/1214/1707 1145/1213/1708
f 1145/1213/1708 379/387/1709 1303/1389/1706
f 1276/1390/1710 1101/1391/1711 1304/1392/1712
f 1304/1392/1712 485/500/1713 1276/1390/1710
f 987/1039/1417 649/670/706 652/673/709
f 652/673/709 1150/1218/1418 987/1039/1417
f 647/1167/1353 440/454/1352 752/779/1714
f 752/779/1714 1305/1393/1715 647/1167/1353
f 1306/1394/1716 1234/1313/1572 1307/1395/1717
f 1307/1395/1717 1308/1396/1718 1306/1394/1716
f 271/273/264 1091/1154/1669 1277/1358/1671
f 1277/1358/1671 272/274/265 271/273/264
f 1309/1397/1719 1300/1385/1720 234/236/1721
f 234/236/1721 688/711/1722 1309/1397/1719
f 578/597/623 1310/1398/1723 1311/1399/1724
f 1311/1399/1724 579/598/624 578/597/623
f 1312/1400/1725 1313/1401/1726 1297/1382/1699
f 1297/1382/1699 1296/1381/1698 1312/1400/1725
s 0
f 565/584/1727 1197/1266/1727 34/34/1727
f 34/34/1727 33/33/1727 565/584/1727
s 1
f 1314/1402/1728 1312/1400/1729 1296/1381/1730
f 1296/1381/1730 1315/1403/1731 1314/1402/1728
f 429/440/444 1316/1404/1732 1280/1363/1664
f 1280/1363/1664 430/441/445 429/440/444
f 268/270/261 267/269/260 5/815/874
f 5/815/874 1247/1327/1596 268/270/261
f 788/821/1733 1317/1405/1734 1318/1406/1735
f 1318/1406/1735 1319/1407/1736 788/821/1733
f 1320/1408/1737 177/1409/1738 180/462/461
f 180/462/461 447/461/460 1320/1408/1737
f 799/832/898 798/831/897 435/449/1739
f 435/449/1739 950/996/1405 799/832/898
f 1321/1410/1740 1322/1411/1741 150/152/144
f 150/152/144 149/151/143 1321/1410/1740
f 954/1000/1120 1031/1089/1250 1323/1412/1742
f 1323/1412/1742 1324/1413/1743 954/1000/1120
s 0
f 1210/1281/868 774/804/868 777/807/868
f 777/807/868 956/1002/868 1210/1281/868
s 1
f 604/1414/1744 603/1415/1745 1325/1416/1746
f 1325/1416/1746 1326/1417/1747 604/1414/1744
f 1112/1177/1364 1327/1418/1748 1328/1419/1749
f 1328/1419/1749 1113/1178/1365 1112/1177/1364
f 307/310/1750 306/309/1564 359/365/1563
f 359/365/1563 251/253/1751 307/310/1750
f 1256/1337/1752 680/702/979 309/1420/982
f 309/1420/982 1329/1421/1752 1256/1337/1752
f 229/1422/909 1224/1300/1553 872/911/1753
f 872/1423/1000 230/232/222 229/231/221
f 1330/1424/1754 1249/1330/1599 1250/1331/1602
f 1250/1331/1602 1331/1425/1755 1330/1424/1754
f 789/822/1756 788/821/1757 1319/1407/1758
f 1319/1407/1758 1332/1426/1759 789/822/1756
f 526/543/554 1333/1427/1760 918/961/1761
f 918/961/1761 527/544/555 526/543/554
f 642/663/697 641/662/696 269/271/1762
f 269/271/1762 1334/1428/1763 642/663/697
f 1335/1429/1764 1044/1103/1269 1047/1106/1272
f 1047/1106/1272 1336/1430/1765 1335/1429/1764
f 165/167/383 1337/1431/1766 1338/1432/1767
f 1338/1432/1767 383/392/384 165/167/383
f 1339/1433/1768 1340/1434/1769 1341/1435/1770
f 1341/1435/1770 1342/1436/1771 1339/1433/1768
f 778/808/1772 1343/1437/1773 832/866/943
f 832/866/943 831/865/942 778/808/1772
f 820/854/931 1344/1438/1774 1316/1404/1732
f 1316/1404/1732 429/440/444 820/854/931
f 128/130/675 625/646/674 1345/1439/1775
f 1345/1439/1775 129/131/1776 128/130/675
f 1346/1440/1777 1347/1441/1778 296/299/287
f 296/299/287 1021/1079/1236 1346/1440/1777
f 1348/1442/1779 1046/1105/1271 1349/1443/1780
f 1349/1443/1780 422/433/278 1348/1442/1779
f 598/617/1781 1335/1429/1764 1336/1430/1765
f 1336/1430/1765 1350/1444/1782 598/617/1781
f 26/26/26 114/116/1783 765/794/1783
f 765/794/1783 27/27/26 26/26/26
f 203/205/195 202/204/76 1351/1445/1784
f 1351/1445/1784 1352/1446/1785 203/205/195
f 332/335/329 1075/1136/1306 1306/1394/1716
f 1306/1394/1716 1353/1447/1786 332/335/329
f 111/113/1787 1354/1448/1788 850/885/1789
f 850/885/1789 801/834/1790 111/113/1787
f 1045/1104/1270 308/311/300 1349/1443/1780
f 1349/1443/1780 1046/1105/1271 1045/1104/1270
f 1355/1449/1791 1356/1450/1792 1114/1180/1366
f 1114/1180/1366 802/835/903 1355/1449/1791
f 997/1051/1185 1178/1247/1470 1180/1249/1469
f 1180/1249/1469 998/1052/1186 997/1051/1185
f 836/870/1793 1314/1451/1794 1315/1452/1795
f 1315/1452/1795 974/1023/1796 836/870/1793
f 83/85/586 633/654/686 316/319/689
f 316/319/689 315/318/587 83/85/586
f 1357/1453/1797 1149/1217/1416 1151/1219/1419
f 1151/1219/1419 1189/1258/1486 1357/1453/1797
f 877/916/1006 1358/1454/1798 1346/1440/1777
f 1346/1440/1777 567/586/608 877/916/1006
f 1359/1455/1799 1004/1059/1194 721/746/1197
f 721/746/1197 1360/1456/1800 1359/1455/1799
f 1361/1457/1801 1362/1458/1802 289/292/1803
f 289/292/1803 288/291/1804 1361/1457/1801
f 133/135/1805 1363/1459/1806 1364/1460/1807
f 1364/1460/1807 1133/1199/1808 133/135/1805
f 538/555/1809 89/91/1810 1365/1461/1811
f 1365/1461/1812 702/725/767 538/555/766
f 598/617/646 1350/1444/1813 1330/1424/1814
f 1330/1424/1814 599/618/647 598/617/646
f 1170/1239/1815 1366/1462/1816 885/1463/1817
f 885/1463/1817 1171/1240/1818 1170/1239/1815
f 1136/1202/1400 784/817/881 785/818/882
f 785/818/882 1137/1203/1401 1136/1202/1400
f 529/546/557 1367/1464/147 319/322/314
f 319/322/314 318/321/313 529/546/557
f 651/672/1819 291/294/1820 1015/1072/1821
f 1015/1072/1821 1014/1071/1822 651/672/1819
f 198/200/743 683/706/742 465/480/482
f 465/480/482 912/953/1823 198/200/743
f 60/62/1824 59/61/670 624/645/673
f 624/645/673 848/883/1825 60/62/1824
f 1368/1465/1826 1000/1054/1827 1369/1466/1828
f 1369/1466/1828 1370/1467/1829 1368/1465/1826
f 1371/1468/1830 874/1469/1831 1372/1470/1832
f 1372/1470/1832 1333/1427/1760 1371/1468/1830
f 1373/1471/1833 1374/1472/1834 1375/1473/1835
f 1375/1473/1835 1340/1434/1836 1373/1471/1833
f 977/1026/1152 1376/1474/1837 1377/1475/1838
f 1377/1475/1838 634/655/1153 977/1026/1152
f 1068/1129/1839 1070/1131/1840 1378/1476/1841
f 1378/1476/1841 58/60/1842 1068/1129/1839
f 1379/1477/1843 431/443/446 433/446/448
f 433/446/448 297/300/288 1379/1477/1843
f 1300/1385/1720 1299/1384/1844 235/237/1845
f 235/237/1845 234/236/1721 1300/1385/1720
f 1380/1478/1846 1381/1479/1846 868/907/1847
f 868/907/1847 663/684/1848 1380/1478/1846
f 1382/1480/1849 339/342/1850 1383/1481/282
f 1383/1481/282 54/1482/1851 1382/1480/1849
f 92/94/1852 1384/1483/1853 1385/1484/1854
f 1385/1484/1854 1386/1485/1855 92/94/1852
f 790/823/1856 791/824/1284 1059/1118/1287
f 1059/1118/1287 1387/1486/1857 790/823/1856
f 724/749/799 1193/1262/1490 1195/1264/1492
f 1195/1264/1492 725/750/800 724/749/799
f 1232/1309/1858 1388/1487/1859 1389/1488/1860
f 1389/1488/1860 1087/1149/1861 1232/1309/1858
f 500/1489/522 371/378/1308 1077/1138/1311
f 1077/1138/1311 501/1490/523 500/1489/522
f 1390/1491/1862 1391/1492/1863 174/176/165
f 174/176/165 173/175/164 1390/1491/1862
f 1384/1483/1853 1392/1493/1864 1393/1494/1865
f 1393/1494/1865 1385/1484/1854 1384/1483/1853
f 1394/1495/1040 40/41/1040 899/940/1040
f 899/940/1040 1395/1496/1866 1394/1495/1040
f 1396/1497/1867 1397/1498/1868 1398/1499/1869
f 1398/1499/1869 849/884/968 1396/1497/1867
f 793/826/892 1264/1345/1628 1399/1500/1870
f 1399/1500/1870 709/732/773 793/826/892
f 460/475/477 459/474/476 1374/1472/1834
f 1374/1472/1834 1373/1471/1833 460/475/477
f 87/89/83 305/308/297 308/311/300
f 308/311/300 1045/1104/1270 87/89/83
f 1310/1398/1871 1400/1501/1872 1401/1502/1873
f 1401/1502/1873 1311/1399/1874 1310/1398/1871
f 1195/1264/1875 1194/1263/1876 1402/1503/1877
f 1402/1503/1877 1121/1187/1878 1195/1264/1875
s 0
f 1403/1504/147 156/158/147 769/799/147
f 769/799/147 1060/1119/147 1403/1504/147
s 1
f 313/316/1879 1013/1070/1880 373/380/372
f 373/380/372 372/379/371 313/316/1879
f 1006/1062/1881 103/105/1882 1404/1505/1883
f 1404/1505/1883 673/694/1884 1006/1062/1881
f 1116/1182/1383 1020/1078/1885 997/1051/1886
f 997/1051/1886 996/1050/1384 1116/1182/1383
f 907/948/1887 952/998/1888 262/264/1889
f 262/264/1889 1008/1065/1890 907/948/1887
f 915/958/1058 914/957/1057 756/783/841
f 756/783/841 755/782/840 915/958/1058
f 882/921/1891 1405/1506/1892 1017/1074/1220
f 1017/1074/1220 640/661/1219 882/921/1891
f 492/507/1893 1406/1507/1894 1407/1508/1895
f 1407/1508/1895 1215/1286/1896 492/507/1893
f 1408/1509/1897 4/4/1898 602/621/1899
f 602/621/1899 601/620/1900 1408/1509/1897
f 720/745/1901 51/53/1902 177/1409/1738
f 177/1409/1738 1320/1408/1737 720/745/1901
f 1111/1175/1903 1110/1174/1607 1254/1335/1610
s 0
f 1254/1335/1904 1409/1510/1904 1111/1175/1904
s 1
f 1410/1511/1905 1411/1512/1906 181/183/1907
f 181/183/1907 1412/1513/1908 1410/1511/1905
f 1392/1493/1864 1294/1379/1694 380/389/1697
f 380/389/1697 1393/1494/1865 1392/1493/1864
f 293/296/284 1413/1514/1909 187/189/1910
f 187/189/1910 294/297/285 293/296/284
f 936/981/1092 935/980/1091 415/426/1303
f 415/426/1303 1073/1134/1302 936/981/1092
f 525/542/1911 911/952/1912 913/954/1913
f 913/954/1913 526/543/1914 525/542/1911
f 522/1515/1915 1414/1516/1916 1028/1086/1917
f 1028/1086/1917 1027/1085/1918 522/1515/1915
f 751/778/1919 1198/1267/1920 1415/1517/1921
f 1415/1517/1921 1405/1506/1922 751/778/1919
f 608/627/655 1081/1142/1317 1416/1518/1923
f 1416/1518/1923 609/628/656 608/627/655
s 0
f 1060/1119/147 769/799/147 771/801/147
f 771/801/147 1061/1120/147 1060/1119/147
s 1
f 1049/1519/1924 1231/1308/1925 1051/1148/1277
f 1051/1110/1277 1050/1109/1276 1049/1108/1924
f 955/1001/1121 954/1000/1120 1324/1413/1743
f 1324/1413/1743 1194/1263/1491 955/1001/1121
f 791/824/890 545/562/889 1417/1520/1926
f 1417/1520/1926 1057/1116/1927 791/824/890
f 1248/1521/1598 8/1522/1597 365/796/860
f 365/796/860 766/795/859 1248/1521/1598
f 290/293/1928 689/712/1929 1418/1523/1930
f 1418/1523/1930 1419/1524/1931 290/293/1928
f 1333/1427/1760 1372/1470/1832 434/1525/1932
f 434/1525/1932 918/961/1761 1333/1427/1760
f 1420/1526/1933 372/379/1934 375/382/1135
f 375/382/1135 967/1014/1134 1420/1526/1933
f 823/857/1935 1421/1527/1936 582/601/627
f 582/601/627 581/600/626 823/857/1935
s 0
f 330/1361/1937 523/1528/1937 672/693/1937
s 1
f 672/693/1938 671/692/1660 330/1361/1659
f 1422/1529/1939 1423/1530/1940 1269/1350/1638
f 1269/1350/1638 1268/1349/1637 1422/1529/1939
f 775/805/1941 420/431/1178 993/1045/1181
f 993/1045/1942 776/806/867 775/805/866
f 1286/1371/1675 1169/1238/1453 1172/1241/1454
f 1172/1241/1454 739/764/1676 1286/1371/1675
f 1424/1531/1943 939/984/1101 942/987/1100
f 942/987/1100 482/497/1944 1424/1531/1943
f 1425/1532/1945 447/461/1946 449/464/906
f 449/464/906 804/837/905 1425/1532/1945
f 810/844/1947 1163/1232/1948 117/119/1949
f 117/119/1949 1369/1466/1950 810/844/1947
f 1426/1533/1951 281/284/275 283/286/277
f 283/1387/277 1427/1534/1952 1426/1535/1951
f 961/1007/1127 835/869/1126 795/828/1516
f 795/828/1516 416/427/1515 961/1007/1127
f 1428/1536/1953 212/214/204 215/217/207
f 215/1537/207 1429/1538/1954 1428/1539/1953
f 1430/1540/1955 1216/1541/1956 364/370/361
f 364/370/361 363/369/360 1430/1540/1955
f 902/943/1957 1431/1542/1958 1432/1543/1959
s 0
f 1432/1543/1960 193/195/1960 902/943/1960
s 1
f 1433/1544/1961 1359/1455/1962 1360/1456/1962
f 1360/1456/1962 1434/1545/1963 1433/1544/1961
f 280/283/274 279/282/273 1435/1546/1964
f 1435/1546/1964 1436/1547/1965 280/283/274
f 1059/1118/1966 1058/1117/1967 553/570/1968
f 553/570/1968 1278/1359/1969 1059/1118/1966
f 79/81/1970 1298/1383/1971 1437/1548/1972
f 1437/1548/1973 1438/1549/1974 79/81/1975
f 1439/1550/1976 1440/1551/1977 636/657/691
f 636/657/691 635/656/690 1439/1550/1976
f 194/196/187 1441/1552/1042 775/805/1978
f 775/805/1978 774/804/1665 194/196/187
f 718/743/1979 591/610/1980 594/613/1981
f 594/613/1981 1442/1553/1982 718/743/1979
f 889/928/1023 1387/1486/1983 1443/1554/1984
f 1443/1554/1984 890/929/1024 889/928/1023
f 622/641/669 1444/1555/1985 1445/1556/1986
f 1445/1556/1986 98/642/94 622/641/669
f 485/500/503 1304/1392/1987 1446/1557/1988
f 1446/1557/1988 483/498/504 485/500/503
f 1447/1558/1989 1256/1337/1752 1329/1421/1752
f 1329/1421/1752 1448/1559/1990 1447/1558/1989
f 1340/1434/1836 1375/1473/1835 1251/1332/1991
f 1251/1332/1991 1341/1435/1992 1340/1434/1836
s 0
f 111/113/1993 110/112/1993 700/723/1993
f 700/723/1993 699/722/1993 111/113/1993
s 1
f 948/994/1111 331/1360/1658 1279/1362/1661
f 1279/1362/1661 949/995/1112 948/994/1111
f 873/912/1001 270/272/263 273/275/266
f 273/275/266 564/583/1002 873/912/1001
s 0
f 840/875/1994 37/42/1994 40/41/1994
f 40/41/1995 1394/1495/1995 840/875/1995
s 1
f 1252/1333/1605 1449/1560/1996 1090/1153/1327
f 1090/1153/1327 1089/1152/1326 1252/1333/1605
f 579/598/1997 1311/1399/1998 1450/1561/1999
f 1450/1561/1999 1220/1562/2000 579/598/1997
f 1061/1120/2001 771/801/924 816/850/924
f 816/850/924 678/699/2002 1061/1120/2001
f 105/1563/101 1184/1253/2003 931/976/1083
f 931/976/1083 106/1564/101 105/1563/101
f 1392/1493/2004 704/727/2005 707/730/2006
f 707/730/2006 1294/1379/2007 1392/1493/2004
f 934/979/2008 959/1005/2009 961/1007/1645
f 961/1007/1645 935/980/1644 934/979/2008
f 833/867/2010 199/201/2011 911/952/1912
f 911/952/1912 525/542/1911 833/867/2010
f 1376/1474/1837 1348/1442/2012 1451/1565/2013
f 1451/1565/2013 1377/1475/1838 1376/1474/1837
f 255/257/248 1433/1544/1961 1434/1545/1963
f 1434/1545/1963 256/258/249 255/257/248
f 676/697/736 675/696/735 1157/1225/1433
f 1157/1225/1433 158/160/1432 676/697/736
f 80/82/2014 79/81/1975 1438/1549/1974
f 1438/1549/1974 1452/1566/2015 80/82/2014
f 1341/1435/1992 1251/1332/1991 937/982/2016
f 937/982/2016 1322/1411/2017 1341/1435/1992
f 1442/1553/2018 594/613/2019 684/707/2020
f 684/707/2020 1453/1567/2021 1442/1553/2018
f 1144/1212/2022 743/768/2023 426/437/2024
f 426/437/2024 395/406/2025 1144/1212/2022
f 1454/1568/2026 584/603/2027 1312/1400/2028
f 1312/1400/1729 1314/1402/1728 1454/1568/1729
f 782/1569/2029 1381/1479/2030 6/6/6
f 6/6/6 5/5/5 782/1569/2029
f 1455/1570/2031 779/809/2032 1388/1487/1859
f 1388/1487/1859 1232/1309/1858 1455/1570/2031
f 1442/1553/2033 1456/1571/2034 719/744/791
f 719/744/791 718/743/790 1442/1553/2033
f 496/511/515 1457/1572/2035 501/1490/2036
f 501/1490/2036 1077/1138/2037 496/511/515
f 1305/1393/1715 752/779/1714 882/921/1013
f 882/921/1013 881/920/1012 1305/1393/1715
f 1042/1101/2038 1260/1341/1624 1263/1344/1627
f 1263/1344/1627 1458/1573/2039 1042/1101/2038
f 1413/1514/1909 514/530/538 188/190/2040
f 188/190/2040 187/189/1910 1413/1514/1909
f 929/974/1078 1459/1574/2041 662/683/2042
f 662/683/2042 661/682/1079 929/974/1078
f 764/793/2043 1258/1339/2044 939/984/2045
f 939/984/2045 1424/1531/2046 764/793/2043
f 470/485/2047 1460/1575/2048 713/738/1496
f 713/738/1496 1067/1128/1495 470/485/2047
f 1461/1576/2049 1462/1577/2050 1366/1462/1816
f 1366/1462/1816 1170/1239/1815 1461/1576/2049
f 515/1122/541 1463/1578/2051 352/358/349
f 352/358/349 351/357/348 515/1122/541
f 1464/1579/2052 1199/1268/1501 1200/1269/1502
f 1200/1269/1502 146/148/140 1464/1579/2052
f 562/579/2053 506/521/2054 883/1580/2055
f 883/922/2056 563/581/2057 562/580/2058
f 444/458/76 1086/1147/1321 1212/1283/2059
f 1212/1283/2059 445/459/76 444/458/76
f 489/504/2060 488/503/2061 1465/1581/2062
f 1465/1581/2062 1272/1353/2063 489/504/2060
f 659/680/2064 1466/1582/2065 1019/1077/2066
f 1019/1077/2067 660/681/718 659/680/717
f 130/132/2068 1177/1246/2069 1467/1583/2070
f 1467/1583/2071 1468/1584/2072 130/132/2073
f 1344/1438/1774 1321/1410/2074 149/151/2075
f 149/151/2075 1316/1404/1732 1344/1438/1774
f 18/18/18 385/396/386 388/399/389
f 388/399/389 19/19/19 18/18/18
f 1417/1520/2076 806/840/2077 1469/1585/2078
f 1469/1585/2078 1470/1586/2079 1417/1520/2076
f 393/404/1336 1095/1158/1335 714/1587/2080
f 714/1587/2080 1293/1378/2081 393/404/1336
f 459/474/2082 264/266/2083 1206/1275/2084
f 1206/1275/2084 1374/1472/2085 459/474/2082
f 1459/1574/2086 929/974/1410 1146/1214/1413
f 1146/1214/2087 35/35/2088 1459/1574/2089
f 673/694/1884 1404/1505/1883 1471/1588/2090
f 1471/1588/2090 674/695/2091 673/694/1884
f 1472/1589/2092 6/6/2092 1381/1479/1846
f 1381/1479/1846 1380/1478/1846 1472/1589/2092
f 163/165/1074 973/1020/1165 984/1036/1168
f 984/1036/1168 926/971/1075 163/165/1074
f 1088/1150/2093 1473/1590/2094 917/960/1164
f 917/1033/1164 982/1032/1163 1088/1151/2093
f 425/436/2095 424/435/1437 1159/1228/1440
f 1159/1228/1440 140/142/2096 425/436/2095
f 697/720/757 1185/1254/1482 1187/1256/1485
f 1187/1256/1485 694/717/754 697/720/757
f 1365/1461/2097 1386/1485/2098 1474/1591/2099
f 1474/1591/2099 1475/1592/2100 1365/1461/2097
f 245/247/238 244/246/237 676/697/2101
f 676/697/2101 498/513/2102 245/247/238
f 152/154/2103 1280/1363/1664 1316/1404/1732
f 1316/1404/1732 149/151/2075 152/154/2103
f 1476/1593/2104 1477/1594/2105 876/915/1005
f 876/915/1005 1478/1595/2106 1476/1593/2104
f 711/734/1166 710/733/2107 1479/1596/2108
f 1479/1596/2108 983/1035/1167 711/734/1166
f 743/768/2023 742/767/1524 463/478/1523
f 463/478/1523 426/437/2024 743/768/2023
f 1003/1597/1193 1353/1447/1786 1480/1598/2109
f 1480/1598/2109 312/1599/304 1003/1597/1193
f 1007/1063/1203 1006/1062/1202 673/694/732
f 673/694/732 243/245/731 1007/1063/1203
f 859/896/2110 1430/1540/2111 363/369/2112
f 363/369/2112 1481/1600/2113 859/896/2110
f 892/933/2114 941/986/1099 940/985/1098
s 0
f 940/985/1032 858/895/1032 892/933/1032
s 1
f 1482/1601/2115 274/1602/267 277/839/270
f 277/839/270 467/482/908 1482/1601/2115
f 1287/1372/1677 864/901/990 949/995/1406
f 949/995/1406 1279/1362/2116 1287/1372/1677
f 627/648/677 626/647/676 1182/1251/2117
f 1182/1251/2117 1483/1603/2118 627/648/677
f 480/1604/278 140/142/2096 1159/1228/1440
f 1159/1605/1440 481/496/278 480/495/278
f 1194/1263/1876 1324/1413/2119 1484/1606/2120
f 1484/1606/2120 1402/1503/1877 1194/1263/1876
f 4/4/1898 3/3/2121 1485/1607/2122
f 1485/1607/2122 602/621/1899 4/4/1898
f 1459/1574/2041 1188/1257/282 1190/1259/282
f 1190/1259/282 662/683/2042 1459/1574/2041
f 1243/1323/2123 325/328/321 328/331/324
f 328/331/324 1288/1373/2124 1243/1323/2123
f 705/728/2125 1436/1608/2126 1486/1609/2127
f 1486/1609/2127 706/729/2128 705/728/2125
f 61/63/58 64/66/61 77/79/74
f 77/79/74 681/704/741 61/63/58
f 418/1610/2129 1487/1611/2130 476/1612/2131
f 476/491/2131 419/430/434 418/429/433
f 383/392/540 1338/1432/2132 1463/1613/2133
f 1463/1613/2133 515/1614/2134 383/392/540
f 1022/1080/2135 1470/1586/2136 208/210/2137
f 208/210/2137 1023/1081/2138 1022/1080/2135
f 1293/1378/1693 402/413/1692 261/263/397
f 261/263/397 393/404/396 1293/1378/1693
f 1090/1153/1327 1039/1098/1264 1257/1338/1613
f 1257/1338/1613 1091/1154/1328 1090/1153/1327
f 1488/1615/2139 1482/1601/2140 1165/1234/1489
f 1165/1234/1489 1192/1261/1488 1488/1615/2139
f 1299/1384/1844 1239/1318/1583 517/534/1582
f 517/534/1582 235/237/1845 1299/1384/1844
f 1334/1616/2141 1489/1617/278 1092/1155/1330
f 1092/1155/1330 1228/1305/1565 1334/1616/2141
f 933/1013/2142 966/1012/2143 959/1618/2144
f 959/1618/2144 934/1619/2145 933/1013/2142
f 741/766/2146 1490/1620/2147 1213/1621/2148
f 1213/1621/2149 1414/1622/550 741/766/550
f 631/652/2150 589/608/2151 1491/1623/2152
f 1491/1623/2152 221/223/2153 631/652/2150
f 1234/1313/1572 497/512/516 1076/1137/2154
f 1076/1137/2154 1307/1395/1717 1234/1313/1572
f 50/1624/2155 1074/1135/1305 1492/1625/2156
f 1492/1625/2157 51/1626/48 50/1624/47
f 136/1627/132 519/536/545 368/375/546
f 368/375/546 137/1628/133 136/1627/132
f 580/599/1438 579/598/1997 1220/1562/2000
f 1220/1562/2000 1158/1227/1439 580/599/1438
f 205/207/2158 204/206/501 484/499/500
f 484/499/500 1266/1347/2159 205/207/2158
f 1074/1135/1305 417/428/1304 856/891/2160
f 856/891/2160 1492/1625/2156 1074/1135/1305
f 1285/1370/2161 852/887/972 1168/1237/1452
f 1168/1237/1452 1167/1236/1451 1285/1370/2161
f 92/94/88 91/93/87 962/1008/2162
f 962/1008/2162 1384/1483/2163 92/94/88
f 1493/1629/2164 766/795/2165 343/349/2166
f 343/349/2166 1093/1156/2167 1493/1629/2164
f 664/685/2168 867/906/2169 857/894/983
f 857/894/983 734/759/983 664/685/2168
f 1483/1603/2170 76/1630/2171 870/909/997
f 870/909/997 627/648/996 1483/1603/2170
f 479/494/2172 13/13/13 16/16/16
f 16/16/2173 596/1631/2174 479/494/2175
f 60/62/57 1130/1196/1559 1227/1304/1560
f 1227/1304/1560 57/59/54 60/62/57
f 94/1632/2176 610/629/2177 278/281/272
f 278/281/272 95/280/271 94/1632/2176
f 366/372/2178 1494/1633/2179 1014/1071/1216
f 1014/1071/1216 367/373/1215 366/372/2178
f 485/500/1713 204/206/196 207/209/199
f 207/209/199 1276/1390/1710 485/500/1713
f 1238/1317/1252 1495/1634/2180 1186/1255/2181
f 1186/1255/2181 1185/1254/1252 1238/1317/1252
f 1496/1635/2182 1274/1355/1650 1444/1555/1985
f 1444/1555/1985 622/641/669 1496/1635/2182
f 998/1052/1205 1180/1249/278 586/605/278
f 586/605/278 585/604/1206 998/1052/1205
f 1226/1636/2183 830/1637/2184 1208/1277/2185
f 1208/1277/2185 1207/1276/2186 1226/1636/2183
f 215/217/2187 214/216/2188 1426/1533/1951
f 1426/1535/1951 1497/1638/2189 215/1639/2187
f 154/156/147 1166/1235/1450 792/825/891
f 792/825/891 155/157/147 154/156/147
f 922/967/1067 1176/1245/1620 1166/1235/1623
f 1166/1235/1623 154/156/1068 922/967/1067
f 379/387/1709 1145/1213/1708 1032/1091/1252
f 1032/1091/1252 376/388/1252 379/387/1709
f 1317/1405/1734 1498/1640/2190 1225/1301/2191
f 1225/1301/2191 1318/1406/1735 1317/1405/1734
f 1499/1641/2192 406/417/2193 409/420/2194
f 409/420/2194 1500/1642/2195 1499/1641/2192
f 777/807/147 776/806/1424 1156/1224/1427
f 1156/1224/1427 957/1003/147 777/807/147
f 43/45/2196 1061/1120/2001 678/699/2002
f 678/699/2002 677/698/2197 43/45/2196
f 1352/1446/1785 1351/1445/1784 1501/1643/2198
f 1501/1644/2198 1502/1645/2199 1352/1646/1785
f 342/347/2200 44/346/2201 1255/1336/2202
f 1255/1336/2203 644/665/700 342/347/699
f 779/809/870 778/808/869 831/865/2204
f 831/865/2204 1388/1487/2205 779/809/870
f 610/629/657 609/628/656 1204/1273/1507
f 1204/1273/1507 278/281/2206 610/629/657
f 364/1288/1538 1073/1134/1302 1074/1135/1305
f 1074/1135/1305 50/1624/2155 364/1288/1538
f 625/1647/999 871/1320/998 1242/1322/2207
f 1242/1322/2207 1345/1648/2208 625/1647/999
f 1138/1204/2209 1137/1203/2210 1496/1635/2182
f 1496/1635/2182 658/679/716 1138/1204/2209
f 263/265/256 855/890/1509 1206/1275/1510
f 1206/1275/1510 264/266/257 263/265/256
f 1503/1649/2211 735/760/812 738/763/815
f 738/763/815 1117/1183/2212 1503/1649/2211
f 1188/1257/2213 1459/1574/2089 35/35/2088
f 35/35/2214 34/34/2214 1188/1257/2214
f 480/495/2215 479/494/2175 596/1631/2174
s 0
f 596/1631/2216 595/1650/2216 480/495/2216
s 1
f 1504/1651/2217 1432/1543/1959 1431/1542/1958
f 1431/1542/1958 1281/1365/2218 1504/1651/2217
f 832/866/2219 196/198/2220 199/201/2011
f 199/201/2011 833/867/2010 832/866/2219
f 1230/1307/2221 1056/1115/2222 543/560/570
f 543/560/570 542/559/569 1230/1307/2221
f 498/513/2102 676/697/2101 158/160/149
f 158/160/149 157/159/148 498/513/2102
f 516/533/2223 1062/1652/2224 1505/1653/2225
f 1505/1653/2225 1506/1654/2226 516/533/2223
f 1507/1655/2227 1508/1656/2228 29/29/27
f 29/29/27 520/537/547 1507/1655/2227
f 1242/1322/1588 1241/1321/1587 1509/1657/2229
f 1509/1657/2229 1510/1658/2230 1242/1322/1588
f 1511/1659/2231 1512/1660/2232 1356/1450/1792
f 1356/1450/1792 701/724/2233 1511/1659/2231
f 880/919/1009 682/705/2234 1513/1661/2235
f 1513/1661/2235 541/558/1010 880/919/1009
f 808/842/2236 1510/1662/2237 1514/1663/2238
f 1514/1663/2238 629/650/2239 808/842/2236
f 474/489/2240 763/792/2241 762/791/282
f 762/791/282 471/486/282 474/489/2240
f 523/1528/2242 522/1515/1915 1027/1085/1918
s 0
f 1027/1085/2243 672/693/2243 523/1528/2243
s 1
f 506/521/528 505/520/527 843/1312/1015
f 843/1312/1015 883/1580/1014 506/521/528
f 1041/1100/1266 1468/1584/2244 1260/1341/2245
f 1260/1341/2245 1042/1101/1267 1041/1100/1266
f 168/170/2246 944/989/2247 1337/1431/2248
f 1337/1431/2248 165/167/156 168/170/2246
f 1387/1486/1983 1059/1118/1966 1278/1359/1969
f 1278/1359/1969 1443/1554/1984 1387/1486/1983
f 272/274/2249 1277/1358/1655 329/332/1655
f 329/332/1655 1515/1664/2250 272/274/2249
f 129/131/1776 1345/1439/1775 808/842/915
f 808/842/915 807/841/914 129/131/1776
f 1406/1507/1894 1516/1665/2251 1139/1205/2252
f 1139/1205/2252 1407/1508/1895 1406/1507/1894
f 451/466/2253 617/636/664 620/639/667
f 620/639/2254 452/467/466 451/466/465
f 328/331/2255 1270/1351/1639 69/71/66
f 69/71/66 1288/1373/1679 328/331/2255
f 826/860/2256 321/324/2257 1421/1527/1936
f 1421/1527/1936 823/857/1935 826/860/2256
f 1109/1173/1361 1162/1231/2258 450/465/2259
f 450/465/2259 1110/1174/1362 1109/1173/1361
f 209/211/2260 1517/1666/2261 1518/1667/2262
f 1518/1667/2263 210/212/2264 209/211/2265
f 1519/1668/2266 1303/1389/2267 379/387/377
f 379/387/377 378/386/376 1519/1668/2266
f 1198/1267/1498 712/737/1497 754/781/2268
f 754/781/2268 1415/1517/2268 1198/1267/1498
f 974/1669/2269 851/886/971 852/887/972
f 852/887/972 1285/1370/2161 974/1669/2269
f 1438/1549/2270 1437/1548/2271 549/566/2272
f 549/566/2272 548/565/2273 1438/1549/2270
f 1470/1586/2079 1469/1585/2078 209/211/201
f 209/211/201 208/210/200 1470/1586/2079
f 1105/1169/1356 88/90/84 1044/1103/1269
f 1044/1103/1269 1335/1429/1764 1105/1169/1356
f 1367/1464/147 1520/1670/1426 1286/1371/1675
f 1286/1371/1675 319/322/314 1367/1464/147
f 1495/1634/2274 1238/1317/2275 213/215/2276
f 213/215/2276 212/214/2277 1495/1634/2274
f 487/502/2278 888/927/1027 891/930/1026
f 891/930/2279 488/503/507 487/502/506
f 1401/1502/2280 250/252/243 253/255/246
f 253/255/246 1521/1671/2281 1401/1502/2280
f 1522/1672/2282 923/968/1069 736/761/1072
f 736/761/1072 735/760/2283 1522/1672/2282
f 1151/1219/2284 1150/1218/2285 1523/1673/2286
f 1523/1673/2286 1472/1589/2287 1151/1219/2284
f 821/855/932 820/854/931 429/440/444
f 429/440/444 428/439/443 821/855/932
f 870/1674/2288 612/631/2289 611/630/1586
f 611/630/1586 871/1320/1585 870/1674/2288
f 184/186/175 183/185/174 341/1675/338
f 341/1675/338 282/285/276 184/186/175
f 1524/1676/2290 1082/1143/2291 1525/1677/2292
f 1525/1677/2292 491/506/2293 1524/1676/2290
f 448/1678/2294 1526/1679/2295 1231/1308/1925
f 1231/1308/1925 1049/1519/1924 448/1678/2294
f 920/966/2296 947/992/1106 895/936/1109
f 895/936/1109 1527/1680/2297 920/966/2296
f 1082/1143/2291 1084/1145/2298 1357/1453/2299
f 1357/1453/2299 1525/1677/2292 1082/1143/2291
f 1528/1681/2300 307/310/1750 251/253/1751
f 251/253/1751 250/252/2301 1528/1681/2300
f 893/934/1034 857/894/1033 867/906/1097
f 867/906/993 866/905/992 893/934/1032
f 1017/1074/2302 1214/1285/2303 971/1018/1139
f 971/1018/1139 970/1017/1138 1017/1074/2302
f 781/812/2304 1382/1480/2305 54/1482/51
f 54/1482/51 53/813/50 781/812/2304
f 986/1038/1170 1529/1682/2306 650/671/2307
f 650/671/2307 649/670/1171 986/1038/1170
f 1364/1460/2308 557/574/2309 337/340/334
f 337/340/334 336/339/333 1364/1460/2308
f 442/456/458 1239/1318/2310 1299/1384/1702
f 1299/1384/1702 1127/1193/1387 442/456/458
f 495/510/2311 1142/1209/2312 1457/1572/2035
f 1457/1572/2313 496/511/515 495/510/514
f 1058/1117/1967 507/522/529 509/524/532
f 509/524/532 553/570/1968 1058/1117/1967
f 1094/1683/2314 1530/1684/2315 1531/1685/2316
f 1531/1685/2316 1095/1686/2317 1094/1683/2314
f 21/21/21 805/838/907 1191/1260/1487
f 1191/1260/1487 22/22/22 21/21/21
f 1096/1159/2318 1475/1592/2319 1423/1530/2320
f 1423/1530/2320 1422/1529/2321 1096/1159/2318
f 1362/1458/1802 1309/1397/1719 688/711/1722
f 688/711/1722 289/292/1803 1362/1458/1802
f 1161/1230/1442 1226/1636/2183 1207/1276/2186
f 1207/1276/2186 1162/1231/1443 1161/1230/1442
f 856/891/978 12/12/977 406/417/2193
f 406/417/2193 1499/1641/2192 856/891/978
f 1301/1386/1704 1300/1385/1703 1309/1397/2322
f 1309/1397/2322 1148/1216/1415 1301/1386/1704
f 68/70/2323 616/635/2324 240/242/233
f 240/242/233 239/241/232 68/70/2323
f 275/277/268 1120/1186/1378 1123/1189/1381
f 1123/1189/1381 276/278/269 275/277/268
f 1532/1687/2325 1533/1688/2326 1408/1509/2327
f 1408/1509/2327 1534/1689/2328 1532/1687/2325
f 1187/1256/2329 1143/1210/1408 1142/1209/1407
f 1142/1209/1407 495/510/514 1187/1256/2329
f 1405/1506/1922 1415/1517/1921 1214/1285/2303
f 1214/1285/2303 1017/1074/2302 1405/1506/1922
f 581/600/2330 1535/1690/2331 824/858/935
f 824/858/935 823/857/934 581/600/2330
f 827/861/938 1096/1159/2318 1422/1529/2321
f 1422/1529/2321 828/862/939 827/861/938
f 1121/1187/1379 1402/1503/2332 1252/1333/1605
f 1252/1333/1605 1122/1188/1380 1121/1187/1379
f 1200/1269/1502 838/872/949 258/260/251
f 258/260/251 401/412/407 1200/1269/1502
f 453/468/2333 452/467/466 1536/1691/2334
f 1536/1691/2334 814/848/2335 453/468/2333
f 7/7/2336 1523/1673/2336 1494/1633/2179
f 1494/1633/2179 366/372/2178 7/7/2336
f 1259/1340/2337 847/882/984 858/895/984
f 858/895/984 940/985/2337 1259/1340/2337
f 173/175/1031 824/932/1030 1535/1692/2338
f 1535/1692/2338 1390/1491/2339 173/175/1031
f 1208/1277/2340 1326/1417/2341 618/637/2342
f 618/637/2343 617/636/1513 1208/1277/1512
f 391/402/2344 1447/1558/1989 1448/1559/1990
f 1448/1559/1990 1537/1693/2345 391/402/2344
f 1509/1657/2346 614/633/661 1080/1141/1316
f 1080/1141/1316 1079/1140/1315 1509/1657/2346
f 1536/1691/2347 1522/1672/2282 735/760/2283
f 735/760/2283 1503/1649/2348 1536/1691/2347
f 1538/1694/2349 726/751/2350 275/277/2351
f 275/277/2351 274/276/2352 1538/1694/2349
f 924/969/1070 138/140/2353 499/514/521
f 499/514/521 925/970/1071 924/969/1070
f 1093/1156/2354 343/349/2355 346/352/1313
f 346/352/1313 1078/1139/1312 1093/1156/2354
f 1345/1648/2208 1242/1322/2207 1510/1658/2237
f 1510/1662/2237 808/842/2236 1345/1439/2208
f 854/889/974 1331/1425/2356 17/17/2357
f 17/17/2357 855/890/975 854/889/974
f 1475/1592/2319 1474/1591/2358 1397/1498/2359
f 1397/1498/2359 1423/1530/2320 1475/1592/2319
f 1095/1686/2317 1531/1685/2316 715/740/787
f 715/740/787 714/739/786 1095/1686/2317
f 1539/1695/2360 953/999/1118 955/1001/1121
f 955/1001/1121 1193/1262/1490 1539/1695/2360
f 1162/1231/2258 1207/1276/1511 451/466/1514
f 451/466/1514 450/465/2259 1162/1231/2258
f 90/92/2361 93/95/2362 96/98/2363
f 96/98/2363 91/93/2364 90/92/2361
f 706/729/2128 1486/1609/2127 1540/1696/2365
f 1540/1696/2365 836/870/1793 706/729/2128
f 1541/1697/2366 239/241/2367 1004/1059/2368
f 1004/1059/2369 1359/1455/2370 1541/1697/2366
f 1491/1623/2371 1201/1270/1503 1203/1272/1506
f 1203/1272/1506 978/1027/2372 1491/1623/2371
f 726/1698/801 1538/1699/2373 1112/1177/2374
f 1112/1177/2374 723/1176/798 726/1698/801
f 1320/1408/2375 1542/1700/2376 1173/1242/1457
f 1173/1242/1457 720/745/1456 1320/1408/2375
f 1533/1688/2326 1/1/1 4/4/4
f 4/4/4 1408/1509/2327 1533/1688/2326
f 1070/1131/1840 1543/1701/2377 394/405/2378
f 394/405/2378 1378/1476/1841 1070/1131/1840
f 541/558/2379 1438/1549/2380 548/565/1687
f 548/565/1687 539/556/1686 541/558/2379
f 760/788/2381 1081/1142/1317 608/627/655
f 608/627/655 730/755/2382 760/788/2381
f 997/1051/1886 1020/1078/1885 242/244/2383
f 242/244/2383 1178/1247/2384 997/1051/1886
f 980/1029/1160 1524/1676/2290 491/506/2293
f 491/506/2293 490/505/1161 980/1029/1160
f 603/1415/1745 1428/1539/1953 1429/1538/1954
f 1429/1538/1954 1325/1416/1746 603/1415/1745
f 1057/1116/1927 1417/1520/1926 1470/1586/2136
f 1470/1586/2136 1022/1080/2135 1057/1116/1927
f 658/679/716 1496/1635/2182 622/641/669
f 622/641/669 621/640/668 658/679/716
f 876/915/1005 1477/1594/2105 1358/1454/1798
f 1358/1454/1798 877/916/1006 876/915/1005
f 1500/1642/2195 409/420/2194 779/809/2032
f 779/809/2032 1455/1570/2031 1500/1642/2195
f 614/633/661 613/632/660 906/947/1049
f 906/947/1049 1199/1268/1501 614/633/661
f 1297/1382/1699 1313/1401/1726 1544/1702/2385
f 1544/1702/2386 1545/1703/2387 1297/1382/2388
f 107/109/2389 106/108/2390 1072/1704/2391
f 1072/1704/2392 1071/1705/2003 107/109/102
f 51/1626/48 1492/1625/2157 178/180/2393
f 178/180/169 177/179/168 51/1626/2394
f 1048/1107/1273 900/941/1043 903/944/1046
f 903/944/1046 1546/1706/2395 1048/1107/1273
f 1547/1707/2396 574/593/2397 797/830/896
f 797/830/896 796/829/895 1547/1707/2396
f 1032/1091/2398 1145/1213/1412 928/973/1411
f 928/973/1411 1548/1708/2398 1032/1091/2398
f 1547/1707/2399 1024/1082/1243 953/999/1244
f 953/999/1244 1539/1695/2400 1547/1707/2399
f 650/671/707 288/291/279 291/294/282
f 291/294/282 651/672/708 650/671/707
f 1549/1709/1427 1461/1576/147 1170/1239/147
f 1170/1239/147 1169/1238/1453 1549/1709/1427
f 1550/1710/2401 322/325/2402 321/324/2257
f 321/324/2257 826/860/2256 1550/1710/2401
f 120/122/415 405/416/414 1163/1232/1948
f 1163/1232/1948 810/844/1947 120/122/415
f 123/125/2403 1033/1092/2404 1032/1091/2398
f 1032/1091/2398 1548/1708/2398 123/125/2403
f 1062/1123/2405 1551/1711/2406 1552/1712/2407
f 1552/1712/2407 1505/1713/2408 1062/1123/2405
f 114/116/2409 1553/1714/2410 1440/1551/2410
f 1440/1551/2410 765/794/2409 114/116/2409
f 1554/1715/2411 1555/1716/2412 1556/1717/2413
f 1556/1717/2413 1553/1714/2414 1554/1715/2411
f 852/887/972 48/50/45 1264/1345/1628
f 1264/1345/1628 1168/1237/1452 852/887/972
f 1348/1442/2012 422/433/437 425/436/440
f 425/436/440 1451/1565/2013 1348/1442/2012
f 452/467/466 620/639/2254 1522/1672/2415
f 1522/1672/2415 1536/1691/2334 452/467/466
f 971/1018/2416 1215/1286/2416 1407/1508/2417
f 1407/1508/2417 217/219/2417 971/1018/2416
f 764/793/852 763/792/851 125/127/1615
f 125/127/1615 1258/1339/1614 764/793/852
f 231/233/223 230/232/222 1371/1468/2418
f 1371/1468/2418 913/954/1056 231/233/223
f 918/1718/1062 434/447/449 436/450/452
f 436/450/452 916/1719/1059 918/1718/1062
f 1484/1606/2419 1557/1720/2420 1037/1096/1262
f 1037/1096/1262 1449/1560/1996 1484/1606/2419
f 1126/1368/1668 1283/1367/1667 1530/1684/2315
f 1530/1684/2315 1094/1683/2314 1126/1368/1668
f 339/342/336 338/341/335 1099/1162/2421
f 1099/1162/2421 1383/1481/2422 339/342/336
f 1171/1240/1818 885/1463/1817 887/1721/2423
f 887/1721/2424 1558/1722/2425 1171/1240/2426
f 682/705/2234 80/82/2014 1452/1566/2015
f 1452/1566/2015 1513/1661/2235 682/705/2234
f 362/1723/2427 361/1724/2428 1368/1465/2429
f 1368/1465/2429 1559/1725/2430 362/1723/2427
f 1293/1378/2081 714/1587/2080 717/1726/2431
f 717/1726/2431 1291/1376/2432 1293/1378/2081
f 710/733/2107 920/963/2296 1527/1727/2297
f 1527/1727/2297 1479/1596/2108 710/733/2107
f 1421/1527/2433 321/324/317 324/327/320
f 324/327/2434 1560/1728/2435 1421/1527/2436
f 109/111/617 573/592/616 1561/1729/2437
f 1561/1729/2437 110/112/2438 109/111/617
f 623/644/671 397/408/2439 552/569/2440
f 552/569/2440 551/568/672 623/644/671
f 113/115/108 1554/1715/2411 1553/1714/2414
f 1553/1714/2414 114/116/109 113/115/108
f 1155/1223/1426 478/493/147 1461/1576/147
f 1461/1576/147 1549/1709/1427 1155/1223/1426
f 668/689/2441 667/688/2442 1268/1349/1637
f 1268/1349/1637 1270/1351/1639 668/689/2441
f 584/603/2027 1454/1568/2026 1535/1690/2443
f 1535/1690/2331 581/600/2330 584/603/2444
f 1489/1730/2445 268/270/2446 1247/1327/2447
f 1247/1327/2447 1562/1731/2448 1489/1730/2445
f 44/46/2201 43/45/2196 677/698/2197
f 677/703/2197 1255/1336/2202 44/346/2201
f 386/397/387 317/320/2449 1012/1069/2450
f 1012/1069/2450 387/398/388 386/397/387
f 654/675/712 1457/1732/2035 1142/1208/2312
f 1142/1208/1407 1107/1171/1358 654/675/2451
f 1134/1200/1398 1133/1199/1397 1563/1733/2452
f 1563/1733/2452 1564/1734/2453 1134/1200/1398
f 1021/1079/1236 296/299/287 615/634/2454
f 615/634/2454 67/69/1237 1021/1079/1236
f 1355/1449/2455 802/835/1581 1240/1319/1584
f 1240/1319/1584 1565/1735/2456 1355/1449/2455
f 1148/1216/1415 1361/1457/2457 1529/1682/2458
f 1529/1682/2458 1083/1144/1319 1148/1216/1415
s 0
f 476/1612/2459 254/256/2459 257/259/2459
f 257/259/2460 477/1303/2460 476/1612/2460
s 1
f 471/486/282 762/791/282 1363/1736/1806
f 1363/1459/1806 1566/1737/2461 471/1738/282
f 76/78/73 75/77/72 612/631/2289
f 612/631/2289 870/1674/2288 76/78/73
f 572/591/613 571/590/612 1379/1477/1843
f 1379/1477/1843 1347/1441/1778 572/591/613
f 75/77/2462 904/945/1047 613/632/660
f 613/632/660 612/631/659 75/77/2462
f 1347/1441/1778 1379/1477/1843 297/300/288
f 297/300/288 296/299/287 1347/1441/1778
f 1538/1699/2373 1488/1615/2463 1327/1418/2464
f 1327/1418/2464 1112/1177/2374 1538/1699/2373
f 689/712/1929 237/239/2465 1567/1739/2466
f 1567/1739/2466 1418/1523/1930 689/712/1929
f 1319/1407/2467 1318/1406/2468 1161/1740/2469
f 1161/1740/2470 1160/1741/2471 1319/1407/2472
f 1356/1450/1792 1512/1660/2232 1560/1728/2473
f 1560/1728/2473 1114/1180/1366 1356/1450/1792
f 1337/1431/2474 1568/1742/2475 1569/1743/2476
f 1569/1743/2476 1338/1432/2477 1337/1431/2474
f 356/362/353 1546/1706/34 1029/1087/2478
f 1029/1087/2478 357/363/354 356/362/353
f 1570/1744/2479 1571/1745/2480 825/931/1029
f 825/931/1029 176/178/1028 1570/1744/2479
f 619/638/2481 1154/1222/2482 924/969/2483
f 924/969/2483 923/968/2484 619/638/2481
f 150/152/2485 938/983/2486 1011/1068/2487
f 1011/1068/2487 151/153/2488 150/152/2485
f 1572/1746/2489 1573/1747/2490 1574/1748/2491
f 1574/1748/2491 1575/1749/2492 1572/1746/2489
f 106/1564/2390 931/976/1088 746/771/1087
f 746/771/1087 1072/1133/2391 106/1564/2390
f 1130/1196/1394 60/62/1824 848/883/1825
f 848/883/1825 1131/1197/1395 1130/1196/1394
f 162/164/153 1218/1292/2493 1101/1750/2494
f 1101/1750/2494 1276/1357/1654 162/164/153
f 1436/1547/1965 1435/1546/1964 1576/1751/2495
f 1576/1751/2495 1486/1752/2496 1436/1547/1965
f 126/128/2497 1221/1297/2498 1033/1092/2404
f 1033/1092/2404 123/125/2403 126/128/2497
f 397/408/2439 396/407/2499 1460/1575/2500
f 1460/1575/2500 552/569/2440 397/408/2439
f 132/134/2501 1566/1737/2461 1363/1459/1806
f 1363/1459/1806 133/135/1805 132/134/2501
f 592/611/639 591/610/638 1174/1243/2502
f 1174/1243/2503 1508/1656/2504 592/611/2505
f 1250/1331/2506 972/1019/1140 385/396/1143
f 385/396/1143 18/18/2507 1250/1331/2506
f 906/947/1049 905/946/1048 839/873/950
f 839/873/950 838/872/949 906/947/1049
f 439/453/1294 1067/1128/1293 1198/1267/1294
f 1198/1267/1920 751/778/1919 439/453/2508
f 1563/1733/2509 336/339/2510 339/342/1850
f 339/342/1850 1382/1480/1849 1563/1733/2509
f 944/989/2511 943/988/2512 1568/1742/2513
f 1568/1742/2513 1337/1431/2514 944/989/2511
f 1201/1270/2515 590/609/2516 768/798/1355
f 768/798/1355 1104/1168/1354 1201/1270/2515
f 1223/1299/1552 1253/1334/1606 270/272/2517
f 270/272/2517 873/912/2518 1223/1299/1552
f 696/719/2519 455/470/2520 1577/1753/2521
f 1577/1753/2521 1578/1754/2522 696/719/2519
f 1450/1755/2523 1521/1756/2524 1098/1161/2525
f 1098/1161/2526 1097/1160/2527 1450/1755/2528
f 1224/1300/1553 1223/1299/1552 873/912/2518
f 873/912/2518 872/911/1753 1224/1300/1553
f 518/535/544 803/836/904 323/326/1368
f 323/326/1368 660/681/1229 518/535/544
f 1322/1411/2017 937/982/2016 938/983/2486
f 938/983/2486 150/152/2485 1322/1411/2017
f 1579/1757/2529 1135/1201/1399 1138/1204/1402
f 1138/1204/1402 1580/1758/2530 1579/1757/2529
f 297/300/288 433/446/448 302/305/534
f 302/305/534 298/301/289 297/300/288
f 845/880/960 100/102/959 103/105/1882
f 103/105/1882 1006/1062/1881 845/880/960
f 738/763/815 737/762/814 1222/1298/1551
f 1222/1298/1551 1118/1184/1376 738/763/815
f 430/441/445 1280/1363/1664 780/811/871
f 780/811/871 432/810/447 430/441/445
f 903/944/2531 902/943/1960 193/195/1960
f 193/195/1960 192/194/2532 903/944/2533
f 1393/1494/2534 380/389/378 382/391/381
f 382/391/381 456/471/2535 1393/1494/2534
f 1084/1145/2298 1289/1374/1680 1149/1217/1681
f 1149/1217/1681 1357/1453/2299 1084/1145/2298
f 670/691/728 1287/1372/1677 1279/1362/2116
f 1279/1362/2116 671/692/729 670/691/728
f 912/953/1823 465/480/482 228/230/220
f 228/230/220 231/233/223 912/953/1823
f 47/49/44 1581/1759/2536 1582/1760/2537
f 1582/1760/2537 1399/1500/2538 47/49/44
f 978/1027/1156 1203/1272/2539 665/686/2540
f 665/686/2540 326/329/1157 978/1027/1156
f 1053/1112/1279 1052/1111/1278 1328/1419/2541
f 1328/1419/2541 1327/1418/2541 1053/1112/1279
f 994/1047/1182 333/1046/330 1003/1058/1193
f 1003/1058/1193 1002/1057/76 994/1047/1182
f 992/1044/1177 1403/1504/147 1060/1119/147
f 1060/1119/147 42/44/39 992/1044/1177
f 908/949/1051 1005/1061/2542 531/548/2543
f 531/548/2543 909/950/1052 908/949/1051
f 73/956/2544 690/713/2545 693/716/1641
f 693/716/1641 914/957/1640 73/956/2544
f 1062/1123/1288 351/357/348 354/360/351
f 354/360/351 1551/1711/147 1062/1123/1288
f 377/384/2546 14/14/2547 941/986/2548
f 941/986/2548 892/933/278 377/384/2546
f 1483/1603/2118 1182/1251/2117 691/714/751
f 691/714/751 690/713/750 1483/1603/2118
f 1583/1761/2549 456/471/472 458/473/475
f 458/473/475 1398/1499/2550 1583/1761/2549
f 1477/1594/2105 102/104/98 572/591/613
f 572/591/613 1358/1454/1798 1477/1594/2105
f 176/178/167 175/177/166 1584/1762/2551
f 1584/1762/2551 1570/1744/2552 176/178/167
s 0
f 6/6/2553 1472/1589/2553 1523/1673/2553
s 1
f 1523/1673/2554 7/7/2554 6/6/2554
f 201/203/194 994/1047/1182 1002/1057/76
f 1002/1057/76 202/204/76 201/203/194
s 0
f 287/290/278 286/289/278 729/1763/278
f 729/1763/278 767/797/278 287/290/278
s 1
f 382/391/2555 143/145/900 800/833/899
f 800/833/2556 457/472/474 382/391/473
f 1081/1142/1317 1080/1141/1316 1464/1579/2052
f 1464/1579/2052 1416/1518/1923 1081/1142/1317
f 1414/1516/1916 1213/1284/1530 1212/1283/1529
f 1212/1283/1529 1028/1086/1917 1414/1516/1916
f 1324/1413/2119 1323/1412/2557 1557/1720/2558
f 1557/1720/2558 1484/1606/2120 1324/1413/2119
f 862/1764/2559 1585/1765/2560 1430/1766/2111
f 1430/1540/2111 859/896/2110 862/899/2559
f 502/517/711 501/516/2036 1457/1732/2035
f 1457/1732/2035 654/675/712 502/517/711
f 739/764/819 1172/1241/2561 1586/1767/2562
f 1586/1767/2562 740/765/820 739/764/819
f 599/618/2563 1330/1424/1754 1331/1425/1755
f 1331/1425/1755 854/889/2564 599/618/2563
f 1510/1658/2230 1509/1657/2229 1079/1140/2565
f 1079/1140/2565 1514/1768/2566 1510/1658/2230
f 586/605/631 1271/1352/1646 1273/1354/1649
f 1273/1354/1649 587/606/632 586/605/631
f 630/651/2567 988/1769/2568 285/288/278
f 285/288/278 284/287/278 630/651/2567
f 981/1030/1629 490/505/509 493/508/512
f 493/508/512 753/780/1630 981/1030/1629
f 874/913/1831 564/583/600 169/171/603
f 169/171/603 1372/1770/1832 874/913/1831
f 1294/1379/2569 707/730/2570 837/871/2571
f 837/871/2571 1295/1380/2572 1294/1379/2569
f 575/594/858 1539/1695/2360 1193/1262/1490
f 1193/1262/1490 724/749/799 575/594/858
f 1385/1484/2573 1393/1494/2534 456/471/2535
f 456/471/2535 1583/1761/2574 1385/1484/2573
f 1486/1752/2496 1576/1751/2495 1587/1771/2575
f 1587/1771/2575 1540/1772/2576 1486/1752/2496
f 1031/1089/1250 1030/1088/1249 1211/1282/1526
f 1211/1282/1526 1323/1412/1742 1031/1089/1250
f 71/73/68 1128/1194/1388 1588/1773/2577
f 1588/1773/2577 1064/1125/1290 71/73/68
f 757/784/2578 468/483/2579 438/452/454
f 438/452/454 437/451/453 757/784/2578
f 567/586/608 1346/1440/1777 1021/1079/1236
f 1021/1079/1236 568/587/609 567/586/608
f 151/153/2488 1011/1068/2487 1013/1070/1880
f 1013/1070/1880 313/316/1879 151/153/2488
f 13/13/2580 479/494/497 482/497/498
f 482/497/498 942/987/2581 13/13/2580
f 1204/1273/1507 1205/1274/1508 279/282/2582
f 279/282/2582 278/281/2206 1204/1273/1507
f 1555/1716/2412 139/141/2583 142/144/2584
f 142/144/2584 1556/1717/2413 1555/1716/2412
s 0
f 860/897/2585 687/710/2585 750/1774/2585
f 750/1774/2586 861/898/2586 860/897/2586
s 1
f 1520/1670/1426 1549/1709/1427 1169/1238/1453
f 1169/1238/1453 1286/1371/1675 1520/1670/1426
f 1540/1772/2576 1587/1771/2575 1391/1492/1863
f 1391/1492/1863 1390/1491/1862 1540/1772/2576
f 1490/1620/2587 740/765/821 1586/1767/2588
f 1586/1767/2588 1589/1775/2589 1490/1620/2587
f 82/84/2590 81/83/2591 1047/1106/1272
f 1047/1106/1272 1046/1105/1271 82/84/2590
f 1102/1165/2592 1590/1776/2593 57/59/2594
f 57/59/2594 1227/1304/2595 1102/1165/2592
f 1562/1731/2448 1247/1327/2447 1248/1329/2596
f 1248/1521/2596 1591/1777/2597 1562/1778/2448
f 1253/1334/1606 1089/1152/1326 271/273/1329
f 271/273/1329 270/272/2517 1253/1334/1606
f 732/757/807 731/756/806 607/626/2598
f 607/626/2598 1236/1779/2599 732/757/807
f 1026/1084/727 669/690/727 672/693/730
f 672/693/730 1027/1085/2600 1026/1084/727
f 474/489/491 473/488/2601 1221/1297/2602
f 1221/1297/2498 126/128/2497 474/489/2603
f 493/508/1369 492/507/1893 1215/1286/1896
f 1215/1286/1896 1115/1181/1370 493/508/1369
s 0
f 932/977/2604 1395/1496/2604 922/967/2604
s 1
f 922/967/2605 747/772/1085 932/977/1084
f 602/621/650 1485/1607/2606 1428/1780/2607
f 1428/1780/2607 603/622/651 602/621/650
f 994/1047/1182 201/203/194 841/876/2608
f 841/876/2608 995/1048/1183 994/1047/1182
f 1497/1638/2609 1427/1534/2610 519/536/2611
f 519/536/2611 136/1627/2612 1497/1638/2609
f 1182/1251/1477 1131/1197/1476 848/883/965
f 848/883/965 691/714/964 1182/1251/1477
f 1559/1725/2613 1368/1465/1826 1370/1467/1829
f 1370/1467/1829 559/576/2614 1559/1725/2613
f 407/418/2615 818/852/2616 1592/1781/2617
f 1592/1781/2617 408/419/2618 407/418/2619
f 118/120/114 117/119/113 1163/1232/1445
f 1163/1232/1445 1018/1075/1223 118/120/114
f 1529/1682/2620 1361/1457/1801 288/291/1804
f 288/291/1804 650/671/2621 1529/1682/2620
f 1448/1559/2622 1329/1421/2623 1480/1598/2109
f 1480/1598/2109 1308/1396/1718 1448/1559/2622
f 221/223/213 1491/1623/2371 978/1027/2372
f 978/1027/2372 222/224/214 221/223/213
f 582/601/2624 1421/1527/2436 1560/1728/2435
f 1560/1728/2435 1512/1660/2625 582/601/2624
f 991/1043/1176 748/773/147 1403/1504/147
f 1403/1504/147 992/1044/1177 991/1043/1176
f 842/877/2626 1575/1749/2627 558/575/595
f 558/575/595 303/306/2628 842/877/2626
f 1467/1583/2629 223/225/1589 1243/1323/1590
f 1243/1323/1590 1261/1342/2630 1467/1583/2629
f 1290/1375/2631 418/1610/2632 421/1291/2633
f 421/1291/2633 1036/1095/2634 1290/1375/2631
f 488/503/2061 891/930/2635 1579/1757/2636
f 1579/1757/2636 1465/1581/2062 488/503/2061
f 1451/1565/2637 139/141/2638 1555/1716/2639
f 1555/1716/2639 1377/1475/2640 1451/1565/2637
f 441/455/457 850/885/970 1565/1735/2641
f 1565/1735/2641 442/456/458 441/455/457
f 1593/1782/2642 1594/1783/2643 1105/1169/1356
f 1105/1169/1356 1335/1429/1764 1593/1782/2642
f 830/1637/2184 604/1414/1744 1326/1417/1747
f 1326/1417/1747 1208/1277/2185 830/1637/2184
f 1000/1054/1827 809/843/916 810/844/917
f 810/844/917 1369/1466/1828 1000/1054/1827
f 180/182/171 179/181/170 1526/1679/2295
f 1526/1679/2295 448/1678/2294 180/182/171
f 1010/1067/2644 413/424/2645 1502/1645/2645
f 1502/1645/2645 1501/1644/2646 1010/1067/2644
f 369/376/368 391/402/2344 1537/1693/2345
f 1537/1693/2345 370/377/369 369/376/368
f 1558/1784/2647 887/926/2648 1595/1785/2649
f 1595/1785/2649 1446/1557/1988 1558/1784/2647
f 1441/1552/1042 1432/1543/1042 1504/1651/2650
f 1504/1651/2650 1596/1786/2651 1441/1552/1042
f 532/549/560 585/1064/630 588/1787/633
f 588/1787/633 533/550/561 532/549/560
f 240/242/233 1164/1233/1447 404/415/2652
f 404/415/2652 241/243/234 240/242/233
f 1556/1717/2653 142/144/2654 637/658/2654
f 637/658/2654 636/657/2653 1556/1717/2653
f 1177/1246/2655 220/222/212 223/225/215
f 223/225/2656 1467/1583/2070 1177/1246/2069
f 1180/1249/278 1179/1248/2657 1271/1352/2658
f 1271/1352/2658 586/605/278 1180/1249/278
f 1038/1097/1263 958/1004/1123 529/546/557
f 529/546/557 528/545/556 1038/1097/1263
f 1336/1430/1765 1047/1106/1272 81/83/2591
f 81/83/2591 1244/1324/2659 1336/1430/1765
f 193/195/186 1432/1543/1042 1441/1552/1042
f 1441/1552/1042 194/196/187 193/195/186
f 1412/1513/2660 181/183/172 184/186/175
f 184/186/175 281/284/275 1412/1513/2660
f 1165/1234/1448 1482/1601/2115 467/482/908
f 467/482/908 466/481/1449 1165/1234/1448
f 1023/1081/2138 208/210/2137 211/213/2661
f 211/213/2661 1290/1375/2662 1023/1081/2138
f 901/942/1044 1085/1146/991 1431/1542/2663
f 1431/1542/2663 902/943/1045 901/942/1044
f 618/637/665 1152/1220/1420 1154/1222/1423
f 1154/1222/1423 619/638/666 618/637/665
f 1551/1711/2664 354/360/1428 185/187/1431
f 185/187/1431 1552/1712/2665 1551/1711/2664
f 815/849/2666 1503/1649/2211 1117/1183/2212
f 1117/1183/2212 1129/1195/2667 815/849/2666
f 1342/1436/1771 1341/1435/1770 1322/1411/1741
f 1322/1411/1741 1321/1410/1740 1342/1436/1771
f 1266/1347/1634 241/243/1633 404/415/412
f 404/415/412 119/121/411 1266/1347/1634
f 412/1788/2668 399/410/403 398/409/402
f 398/1789/2669 1597/1790/2670 412/423/2671
f 294/297/1635 187/189/178 186/188/177
f 186/188/177 1267/1348/2672 294/297/1635
f 455/470/2520 104/106/100 107/109/102
f 107/109/102 1577/1753/2521 455/470/2520
f 160/162/151 159/161/150 1230/1307/1567
f 1230/1307/1567 1229/1306/1566 160/162/151
f 1585/1765/2673 964/1010/2674 1216/1791/1956
f 1216/1791/1956 1430/1766/1955 1585/1765/2673
f 966/1012/2675 749/775/2676 960/1792/2677
f 960/1792/2677 959/1618/2678 966/1012/2675
f 1557/1720/2420 1246/1326/2420 1038/1097/1263
f 1038/1097/1263 1037/1096/1262 1557/1720/2420
f 1274/1355/1650 1275/1356/1653 1598/1793/2679
f 1598/1793/2679 1444/1555/1985 1274/1355/1650
f 148/150/142 174/176/2680 1391/1492/2681
f 1391/1492/2681 1205/1274/1508 148/150/142
f 1189/1258/2682 1188/1257/2683 34/34/2684
f 34/34/2685 1197/1266/2686 1189/1258/2687
f 1302/1388/2688 643/664/698 390/401/701
f 390/401/701 389/400/2689 1302/1388/2688
f 1468/1584/2244 1467/1583/2629 1261/1342/2630
f 1261/1342/2630 1260/1341/2245 1468/1584/2244
f 1057/1116/1285 1022/1080/1239 507/522/1242
f 507/522/1242 1058/1117/1286 1057/1116/1285
f 530/547/558 318/321/313 247/249/316
f 247/249/316 246/248/2690 530/547/558
f 58/60/55 1378/1476/2691 623/644/2692
f 623/644/2692 59/61/56 58/60/55
f 462/477/479 461/476/478 504/519/526
f 504/519/526 503/518/525 462/477/479
f 217/219/2417 1407/1508/2417 1139/1205/1403
f 1139/1205/1403 218/220/1403 217/219/2417
f 1491/1623/2152 589/608/2151 590/609/2516
f 590/609/2516 1201/1270/2515 1491/1623/2152
f 1113/1178/2693 1328/1419/2694 982/1032/2695
f 982/1032/2695 225/1031/2696 1113/1178/2693
f 1592/1781/2617 520/537/2697 521/538/2698
f 521/538/2698 1343/1437/1773 1592/1781/2617
f 818/852/2616 1507/1655/2699 520/537/2697
f 520/537/2697 1592/1781/2617 818/852/2616
f 905/946/1048 648/669/705 1228/1305/1565
f 1228/1305/1565 839/873/950 905/946/1048
f 1013/1070/1214 28/28/1213 27/27/854
f 27/27/854 373/380/853 1013/1070/1214
f 88/90/84 87/89/83 1045/1104/1270
f 1045/1104/1270 1044/1103/1269 88/90/84
f 1534/1689/2700 1408/1509/1897 601/620/1900
f 601/620/1900 829/863/2701 1534/1689/2700
f 12/12/2702 11/11/2703 407/418/2704
f 407/418/2704 406/417/2705 12/12/2702
s 0
f 1453/1567/2706 1481/1600/2706 1456/1571/2706
f 1456/1571/2707 1442/1553/2707 1453/1567/2707
s 1
f 54/1482/1851 1383/1481/282 1572/1794/2708
f 1572/1746/2708 55/57/2709 54/56/1851
f 291/294/1820 290/293/1928 1419/1524/1931
f 1419/1524/1931 1015/1072/1821 291/294/1820
f 170/172/161 1515/1664/2710 948/1795/2711
f 948/1795/2711 171/173/162 170/172/161
f 1599/1796/2712 1319/1407/2472 1160/1741/2471
f 1160/1229/1441 1600/1797/2713 1599/1798/2714
f 506/521/2054 562/579/2053 1009/1066/2715
f 1009/1066/2716 503/518/2717 506/521/2718
f 1291/1376/2432 717/1726/2431 1571/1745/2480
f 1571/1745/2480 1570/1744/2479 1291/1376/2432
f 1343/1437/1773 521/538/2698 196/198/2220
f 196/198/2220 832/866/2219 1343/1437/1773
f 1363/1459/2719 606/625/2720 557/574/2309
f 557/574/2309 1364/1460/2308 1363/1459/2719
f 1588/1773/2577 1301/1386/1704 1148/1216/1415
f 1148/1216/1415 1147/1215/1414 1588/1773/2577
f 1591/1777/2597 1248/1521/2596 766/795/2165
f 766/795/2165 1493/1629/2164 1591/1777/2597
f 1123/1189/1381 1122/1188/1380 1253/1334/1606
f 1253/1334/1606 1223/1299/1552 1123/1189/1381
f 822/856/2721 504/519/2722 461/476/2723
f 461/476/2723 819/853/2724 822/856/2721
f 1519/1668/2725 866/1799/2726 869/1290/1540
f 869/1290/1540 1217/1289/1539 1519/1668/2725
f 1202/1271/2727 703/726/1337 827/861/1340
f 827/861/1340 666/687/2728 1202/1271/2727
f 72/74/69 71/73/68 1064/1125/1290
f 1064/1125/1290 1063/1124/1289 72/74/69
f 1080/1141/1316 614/633/661 1199/1268/1501
f 1199/1268/1501 1464/1579/2052 1080/1141/1316
f 964/1800/2729 933/978/1089 936/981/1092
f 936/981/1092 1216/1287/1537 964/1800/2729
f 957/1003/147 1156/1224/1427 1520/1670/1426
f 1520/1670/1426 1367/1464/147 957/1003/147
f 1350/1444/1813 1601/1801/2730 1249/1330/2731
f 1249/1330/2731 1330/1424/1814 1350/1444/1813
f 146/148/140 1200/1269/1502 401/412/407
f 401/412/407 147/149/141 146/148/140
f 819/853/2724 461/476/2723 460/475/2732
f 460/475/2732 1602/1802/2733 819/853/2724
f 1217/1289/2734 36/36/2735 1303/1389/2736
f 1303/1389/2267 1519/1668/2266 1217/1289/2737
f 556/573/590 1097/1160/1341 338/341/1344
f 338/341/1344 337/340/591 556/573/590
f 952/998/1117 907/948/1050 910/951/1053
f 910/951/1053 951/997/1114 952/998/1117
f 138/140/2353 137/139/2738 500/515/2739
f 500/515/2739 499/514/521 138/140/2353
f 521/538/548 32/32/30 197/199/426
f 197/199/190 196/198/189 521/538/2740
f 1087/1149/1861 1389/1488/1860 1473/1590/2094
f 1473/1590/2094 1088/1150/2093 1087/1149/1861
f 1172/1241/2561 1171/1240/2426 1558/1722/2425
f 1558/1722/2425 1586/1767/2562 1172/1241/2561
f 1077/1138/2037 1076/1137/2154 497/512/516
f 497/512/516 496/511/515 1077/1138/2037
f 632/653/1466 486/501/505 489/504/508
f 489/504/508 1179/1248/1467 632/653/1466
f 909/950/2741 531/548/559 534/551/562
f 534/551/562 1603/1803/2742 909/950/2741
f 943/988/2743 786/819/2744 789/822/2745
f 789/822/2746 1568/1742/2747 943/988/2743
f 1238/1317/2748 1237/1316/2749 1410/1511/2750
f 1410/1511/2751 213/215/2276 1238/1317/2275
f 1383/1481/2422 1099/1162/2421 1573/1804/2490
f 1573/1804/2490 1572/1794/2489 1383/1481/2422
f 128/130/124 127/129/123 1132/1198/1475
f 1132/1198/1475 626/647/1474 128/130/124
f 1444/1555/1985 1598/1793/2679 894/1805/1036
f 894/1805/1036 1445/1556/1986 1444/1555/1985
f 96/98/92 95/97/91 280/1806/2752
f 280/1806/2752 963/1009/2753 96/98/92
f 39/40/1041 1604/1807/2754 1605/1808/2755
f 1605/1808/2755 898/939/1042 39/40/1041
f 2/1211/2 1143/1210/1484 1186/1255/1483
f 1186/1255/1483 3/1809/3 2/1211/2
f 1590/1776/2593 1068/1129/1839 58/60/1842
f 58/60/1842 57/59/2594 1590/1776/2593
f 1338/1432/2132 1569/1743/2756 1599/1796/2757
f 1599/1796/2757 1463/1613/2133 1338/1432/2132
f 783/816/876 65/67/2758 1433/1544/2759
f 1433/1544/2759 255/257/877 783/816/876
f 39/39/36 38/38/35 1124/1190/2760
f 1124/1190/2761 1604/1810/2762 39/39/2763
f 1465/1581/2764 1579/1757/2529 1580/1758/2530
f 1580/1758/2530 657/678/2765 1465/1581/2764
f 483/498/504 1606/1811/2766 1265/1346/2767
f 1265/1346/1632 484/499/1631 483/498/2768
f 1372/1770/1832 169/171/160 172/174/163
f 172/174/163 434/1812/1932 1372/1770/1832
f 1065/1126/1291 1147/1215/1414 745/770/827
f 745/770/827 744/769/826 1065/1126/1291
f 1607/1813/2769 1424/1531/1943 482/497/1944
f 482/497/1944 481/496/2770 1607/1813/2769
f 1537/1693/2771 1448/1559/2622 1308/1396/1718
f 1308/1396/1718 1307/1395/1717 1537/1693/2771
f 574/593/2397 224/226/216 227/229/219
f 227/229/219 797/830/896 574/593/2397
f 663/684/1848 868/907/1847 867/906/2169
f 867/906/2169 664/685/2168 663/684/1848
f 1443/1554/2772 1278/1359/1656 784/817/1657
f 784/817/1657 1136/1202/2773 1443/1554/2772
f 1395/1496/1866 899/940/1040 1176/1245/1460
s 0
f 1176/1245/2604 922/967/2604 1395/1496/2604
s 1
f 178/180/2774 1499/1641/2775 1500/1642/2776
f 1500/1642/2776 179/181/2777 178/180/2774
f 1298/1383/1700 1297/1382/1699 1545/1703/2387
f 1545/1703/2387 1437/1548/2778 1298/1383/1700
f 1548/1708/2779 928/973/1077 733/758/1080
f 733/758/1080 846/881/282 1548/1708/2779
f 897/938/1039 896/937/1038 306/309/298
f 306/309/298 305/308/297 897/938/1039
f 1245/1325/1600 84/86/585 554/571/588
f 554/571/588 972/1019/1601 1245/1325/1600
f 1566/1737/2780 1608/1814/2781 472/1815/2782
f 472/1815/2782 471/1738/2783 1566/1737/2780
f 1550/1710/2784 1571/1816/2785 717/742/789
f 717/742/789 716/741/788 1550/1710/2784
f 148/150/142 147/149/141 175/177/2786
f 175/177/2786 174/176/2680 148/150/142
f 1150/1218/2285 652/673/2787 1494/1633/2788
f 1494/1633/2788 1523/1673/2286 1150/1218/2285
f 947/992/2789 920/966/1065 921/965/1066
f 921/965/1066 1001/1817/2790 947/992/2789
f 1609/1818/2791 1610/1819/2792 1574/1748/2793
f 1574/1748/2793 1573/1747/2794 1609/1818/2791
f 1577/1753/2521 107/109/102 1071/1705/2003
f 1071/1705/2795 1209/1280/2796 1577/1753/2797
f 574/593/619 1547/1707/2399 1539/1695/2400
f 1539/1695/2400 575/594/620 574/593/619
f 1313/1401/2798 583/602/2799 1611/1820/2800
f 1611/1820/2801 1544/1702/2385 1313/1401/1726
f 408/419/2618 1592/1781/2617 1343/1437/1773
f 1343/1437/1773 778/808/1772 408/419/2618
f 1612/1821/2802 1181/1250/1473 1287/1372/1677
f 1287/1372/1677 670/691/728 1612/1821/2802
f 1446/1557/1988 1595/1785/2649 1606/1811/2803
f 1606/1811/2766 483/498/504 1446/1557/1988
f 1449/1560/1996 1037/1096/1262 1039/1098/1264
f 1039/1098/1264 1090/1153/1327 1449/1560/1996
f 202/204/76 1002/1057/76 311/314/303
f 311/314/303 1351/1445/1784 202/204/76
f 1463/1578/2051 1599/1798/2714 1600/1797/2713
f 1600/1797/2713 352/358/349 1463/1578/2051
f 1066/1127/1292 1065/1126/1291 744/769/826
f 744/769/826 1069/1130/1296 1066/1127/1292
f 36/36/33 35/35/32 1146/1214/1707
f 1146/1214/1707 1303/1389/1706 36/36/33
f 806/840/913 569/588/912 1613/1822/2804
f 1613/1822/2804 1469/1585/2805 806/840/913
f 692/715/967 624/645/966 551/568/578
f 551/568/578 550/567/577 692/715/967
f 63/65/60 1352/1823/1785 1502/1824/2199
f 1502/1824/2199 1597/1825/2806 63/65/60
f 1389/1488/2807 834/868/2808 524/541/2809
f 524/541/2809 1473/1590/2810 1389/1488/2807
f 1614/1826/2811 1615/1827/2812 400/411/1701
f 400/411/1701 399/410/2813 1614/1826/2811
f 1283/1367/2814 1419/1524/2815 1418/1523/2816
f 1418/1523/2816 1530/1684/2817 1283/1367/2814
f 253/1828/2818 252/1829/2819 1610/1819/2820
f 1610/1819/2820 1609/1818/2821 253/1828/2818
f 1390/1491/2339 1535/1692/2338 1454/1830/2822
f 1454/1830/2822 1540/1772/2365 1390/1491/2339
s 0
f 168/170/2823 167/169/2823 512/1831/2823
f 512/1831/2824 511/531/2824 168/170/2824
s 1
f 1056/1115/1283 875/914/1282 878/917/2825
f 878/917/2825 543/560/2826 1056/1115/1283
f 137/1628/2738 368/375/367 371/378/370
f 371/378/370 500/1489/2739 137/1628/2738
f 469/484/580 552/569/579 1460/1575/2048
f 1460/1575/2048 470/485/2047 469/484/580
f 1616/1832/2827 1339/1433/2828 1344/1438/1774
f 1344/1438/1774 820/854/931 1616/1832/2827
f 1159/1833/2829 1158/1294/1544 555/572/1547
f 555/572/1547 605/624/2830 1159/1833/2829
f 752/779/837 751/778/836 1405/1506/1892
f 1405/1506/1892 882/921/1891 752/779/837
f 606/1834/2831 761/790/2832 1607/1813/2832
f 1607/1813/2832 605/1835/2831 606/1834/2831
f 945/990/2833 511/531/535 514/530/538
f 514/530/538 1413/1514/1909 945/990/2833
f 1543/1701/2377 1144/1212/2022 395/406/2025
f 395/406/2025 394/405/2378 1543/1701/2377
f 348/354/345 164/166/1073 927/972/1076
f 927/972/1076 349/355/346 348/354/345
f 1400/1501/1872 1528/1681/2300 250/252/2301
f 250/252/2301 1401/1502/1873 1400/1501/1872
f 702/725/1338 1365/1461/2097 1475/1592/2100
f 1475/1592/2100 1096/1159/1339 702/725/1338
f 1612/1821/2802 1048/1107/1273 1546/1706/2395
f 1546/1706/2395 356/362/2395 1612/1821/2802
f 1415/1517/2268 754/781/2268 1115/1181/1535
f 1115/1181/1535 1214/1285/1535 1415/1517/2268
f 1578/1754/2834 1577/1753/2797 1209/1280/2796
f 1209/1280/2796 1411/1512/2835 1578/1754/2834
f 1354/1448/1788 1355/1449/2455 1565/1735/2456
f 1565/1735/2456 850/885/1789 1354/1448/1788
f 1029/1087/1248 192/194/185 195/197/188
f 195/197/188 1030/1088/1249 1029/1087/1248
f 963/1009/2753 280/1806/2752 1436/1608/2126
f 1436/1608/2126 705/728/2125 963/1009/2753
f 358/364/1119 357/363/1247 1031/1089/1250
f 1031/1089/1250 954/1000/1120 358/364/1119
f 1153/1221/1421 1497/1836/2609 136/138/2612
f 136/138/2612 135/137/1422 1153/1221/1421
f 930/975/741 61/63/58 681/704/741
f 681/704/741 1125/1191/58 930/975/741
f 1498/1640/2190 1534/1689/2700 829/863/2701
f 829/863/2701 1225/1301/2191 1498/1640/2190
f 1331/1425/2356 1250/1331/2506 18/18/2507
f 18/18/2507 17/17/2357 1331/1425/2356
f 227/229/219 226/228/218 916/1719/2836
f 916/1719/2836 1617/1837/2837 227/229/219
f 1281/1365/76 1431/1542/2663 1085/1146/991
f 1085/1146/991 1219/1293/76 1281/1365/76
f 1258/1339/2044 1259/1340/2337 940/985/2337
f 940/985/2337 939/984/2045 1258/1339/2044
f 334/1049/1188 995/1048/1478 1184/1253/1481
f 1184/1253/1481 105/1563/1189 334/1049/1188
f 78/80/75 400/411/405 1298/1383/2838
f 1298/1383/1971 79/81/1970 78/80/2839
f 1374/1472/2085 1206/1275/2084 20/20/2840
f 20/20/2840 1375/1473/2841 1374/1472/2085
f 1103/1166/2842 1102/1165/2592 1227/1304/2595
f 1227/1304/2595 1043/1102/2843 1103/1166/2842
f 1569/1743/2844 1332/1426/2845 1319/1407/2472
f 1319/1407/2472 1599/1796/2712 1569/1743/2844
f 101/1838/97 821/855/932 428/439/443
f 428/444/443 571/590/612 101/103/97
f 1514/1768/2566 1079/1140/2565 989/1041/1174
f 989/1041/1174 988/1040/1173 1514/1768/2566
s 0
f 1141/1207/2846 1140/1206/2846 1197/1266/2846
f 1197/1266/2846 565/584/2846 1141/1207/2846
s 1
f 346/352/343 345/351/342 1126/1192/1386
f 1126/1192/1386 728/753/1385 346/352/343
f 869/908/995 868/907/994 1381/1479/2030
f 1381/1479/2030 782/1569/2029 869/908/995
f 1388/1487/2205 831/865/2204 834/868/2808
f 834/868/2808 1389/1488/2807 1388/1487/2205
f 563/581/2057 883/922/2056 884/923/2847
f 884/923/1372 1116/1182/1371 563/581/2848
f 919/962/1064 550/567/1063 469/484/486
f 469/484/486 468/483/485 919/962/1064
f 1396/1497/1867 849/884/968 441/455/457
f 441/455/457 190/192/183 1396/1497/1867
f 862/1764/2849 861/1839/2850 750/776/2851
f 750/776/2852 965/1011/2853 862/1764/2849
f 1196/1265/2854 1525/1677/2855 1357/1453/2856
f 1357/1453/1797 1189/1258/1486 1196/1265/2854
f 110/112/2438 1561/1729/2437 1618/1840/2857
f 1618/1840/2857 700/723/2857 110/112/2858
f 1008/1065/1208 262/264/255 265/267/258
f 265/267/258 1009/1066/1209 1008/1065/1208
f 46/48/43 1315/1841/2859 1581/1759/2536
f 1581/1759/2536 47/49/44 46/48/43
f 1323/1412/2557 1211/1282/1595 1246/1326/1593
f 1246/1326/1593 1557/1720/2558 1323/1412/2557
f 1518/1667/2263 66/68/2860 783/816/2861
f 783/816/2861 210/212/2264 1518/1667/2263
f 952/998/1888 853/888/973 263/265/976
f 263/265/976 262/264/1889 952/998/1888
f 1072/1133/1299 746/771/2862 748/773/2863
f 748/773/2863 991/1043/1300 1072/1133/1299
f 140/142/2864 480/1604/2865 595/1842/2866
f 595/1842/2867 141/143/2868 140/142/2869
f 1564/1734/2453 1563/1733/2452 1382/1480/2870
f 1382/1480/2870 781/812/2871 1564/1734/2453
f 55/57/2709 1572/1746/2708 1575/1749/2627
f 1575/1749/2627 842/877/2626 55/57/2709
f 1402/1503/2332 1484/1606/2419 1449/1560/1996
f 1449/1560/1996 1252/1333/1605 1402/1503/2332
f 1593/1782/2872 597/616/645 600/619/648
f 600/619/648 951/997/2873 1593/1782/2872
f 915/1843/2874 755/1844/2875 645/666/702
f 645/666/702 904/945/1047 915/1843/2874
f 1508/1656/2228 1507/1655/2227 1034/1093/2876
f 1034/1093/2876 592/611/2877 1508/1656/2228
f 1269/1350/1638 1396/1497/1867 190/192/183
f 190/192/183 189/191/182 1269/1350/1638
f 308/311/300 1400/1501/2878 1310/1398/2879
f 1310/1398/2879 1349/1443/1780 308/311/300
f 396/407/2499 427/438/784 713/738/785
f 713/738/785 1460/1575/2500 396/407/2499
f 655/676/2880 654/675/2451 1107/1171/1358
f 1107/1171/2881 1106/1170/2882 655/676/713
f 1098/1845/1342 1609/1818/2791 1573/1747/2794
f 1573/1804/2794 1099/1162/1343 1098/1161/1342
f 1404/1505/2883 103/105/99 102/104/98
f 102/104/98 1477/1594/2105 1404/1505/2883
f 139/141/2638 1451/1565/2637 425/436/2095
f 425/436/2095 140/142/2096 139/141/2638
f 890/929/2884 1443/1554/2772 1136/1202/2773
f 1136/1202/2773 1135/1201/2885 890/929/2884
f 1191/1260/2886 1050/1109/2887 1053/1112/2888
f 1053/1112/2888 1192/1261/2889 1191/1260/2886
f 413/424/2645 412/423/2671 1597/1790/2670
f 1597/1790/2670 1502/1645/2645 413/424/2645
f 697/720/1576 696/719/2519 1578/1754/2522
f 1578/1754/2522 1237/1316/1575 697/720/1576
f 1548/1708/2779 846/881/282 124/126/120
f 124/126/120 123/125/119 1548/1708/2779
f 786/819/2890 943/988/2891 946/991/2892
f 946/991/2892 787/820/2893 786/819/2890
f 127/129/2894 130/132/2073 1468/1584/2072
f 1468/1584/2895 1041/1100/1533 127/129/1532
f 1137/1203/2210 785/818/1651 1274/1355/1650
f 1274/1355/1650 1496/1635/2182 1137/1203/2210
f 675/696/2896 1476/1593/2897 1478/1595/2898
f 1478/1595/2898 1157/1225/2899 675/696/2896
f 1290/1375/2662 211/213/2661 1487/1611/2900
f 1487/1611/2900 418/1610/2901 1290/1375/2662
f 48/50/45 47/49/44 1399/1500/1870
f 1399/1500/1870 1264/1345/1628 48/50/45
f 726/751/2350 725/750/2902 1120/1186/2903
f 1120/1186/2903 275/277/2351 726/751/2350
f 1600/1797/2713 1160/1229/1441 1109/1173/1444
f 1109/1173/1444 1108/1172/2904 1600/1797/2713
f 504/519/2722 822/856/2721 1233/1310/1571
f 1233/1310/1571 505/520/1570 504/519/2722
s 0
f 566/585/2905 33/33/2905 36/36/2905
s 1
f 36/36/2735 1217/1289/2734 566/585/2906
s 0
f 1282/1366/76 1219/1293/76 444/458/76
f 444/458/76 443/457/76 1282/1366/76
s 1
f 679/700/980 1010/1067/2644 1501/1644/2646
f 1501/1643/2646 310/313/981 679/893/980
f 1043/1102/2843 1042/1101/2038 1458/1573/2039
f 1458/1573/2039 1103/1166/2842 1043/1102/2843
s 0
f 142/144/2907 141/143/2907 1608/1814/2907
f 1608/1814/2907 637/658/2907 142/144/2907
s 1
f 761/790/2832 764/793/2043 1424/1531/2046
f 1424/1531/2046 1607/1813/2832 761/790/2832
f 1619/1846/2908 1620/1847/2909 540/557/2910
f 540/557/2910 1621/1848/2911 1619/1846/2908
f 709/732/2912 1399/1500/2538 1582/1760/2537
f 1582/1760/147 411/422/147 709/732/773
f 1325/1416/2913 1429/1538/2914 1153/1221/2915
f 1153/1221/2915 1152/1220/2916 1325/1416/2913
s 0
f 65/67/2917 1541/1697/2917 1359/1455/2917
s 1
f 1359/1455/2917 1433/1544/2917 65/67/2917
f 16/1296/1549 15/1090/1251 1033/1092/1253
f 1033/1092/1253 1221/1297/1550 16/1296/1549
f 1553/1714/2410 1556/1717/2653 636/657/2653
f 636/657/2653 1440/1551/2410 1553/1714/2410
f 199/201/192 198/200/191 912/953/1055
f 912/953/1055 911/952/1054 199/201/192
f 638/659/1233 1566/1737/2461 132/134/2501
f 132/134/2501 968/1015/1231 638/659/1233
f 312/1599/304 1480/1598/2109 1329/1421/2623
f 1329/1421/2623 309/1420/301 312/1599/304
f 14/14/2547 13/13/2580 942/987/2581
f 942/987/2581 941/986/2548 14/14/2547
f 361/1724/2428 1001/1055/1191 1000/1054/1190
f 1000/1054/1190 1368/1465/2429 361/1724/2428
f 1515/1664/2710 329/332/325 331/334/328
f 331/334/328 948/1795/2711 1515/1664/2710
f 1601/1801/2730 1244/1324/1591 1245/1325/1592
f 1245/1325/1592 1249/1330/2731 1601/1801/2730
f 213/215/205 1410/1511/1905 1412/1513/1908
f 1412/1513/1908 214/216/206 213/215/205
f 1622/1849/2918 1532/1687/2325 1534/1689/2328
f 1534/1689/2328 1498/1640/2919 1622/1849/2918
f 1075/1136/1306 698/721/760 1234/1313/1572
f 1234/1313/1572 1306/1394/1716 1075/1136/1306
f 1154/1222/2482 135/137/131 138/140/134
f 138/140/134 924/969/2483 1154/1222/2482
f 98/100/94 1445/1850/1986 86/88/82
f 86/88/82 85/87/81 98/100/94
f 298/301/296 304/307/295 403/414/2920
f 403/414/2920 299/302/2921 298/301/296
f 1469/1585/2805 1613/1822/2804 1517/1666/2261
f 1517/1666/2261 209/211/2260 1469/1585/2805
f 834/868/945 833/867/944 525/542/553
f 525/542/553 524/541/552 834/868/945
f 1295/1380/2922 837/871/2923 975/1024/2924
f 975/1024/2924 1619/1846/2925 1295/1380/2922
f 1568/1742/2475 789/822/2926 1332/1426/2927
f 1332/1426/2927 1569/1743/2476 1568/1742/2475
f 634/655/687 1377/1475/2640 113/115/2928
f 113/115/2928 112/114/688 634/655/687
f 1237/1316/2749 1578/1754/2834 1411/1512/2835
f 1411/1512/2835 1410/1511/2750 1237/1316/2749
f 1125/1191/58 681/704/741 682/705/76
f 682/705/76 880/919/76 1125/1191/58
f 1598/1793/2679 983/1035/2929 1479/1596/2930
f 1479/1596/2930 894/1805/1036 1598/1793/2679
f 1311/1399/1998 1401/1502/2280 1521/1671/2281
f 1521/1671/2281 1450/1561/1999 1311/1399/1998
f 82/84/78 976/1025/1151 633/654/1154
f 633/654/1154 83/85/79 82/84/78
f 1351/1445/1784 311/314/303 310/313/302
f 310/313/302 1501/1643/2198 1351/1445/1784
f 860/897/2931 859/896/2932 1481/1600/2933
f 1481/1600/2933 1453/1567/2934 860/897/2931
f 303/306/2628 558/575/595 115/117/111
f 115/117/111 304/307/409 303/306/2628
f 817/851/1255 1034/1093/1254 1507/1655/2935
s 0
f 1507/1655/2936 818/852/2936 817/851/2936
s 1
f 76/1630/2171 1483/1603/2170 690/713/2545
f 690/713/2545 73/956/2544 76/1630/2171
f 10/10/2937 1035/1094/2938 817/851/926
f 817/851/926 11/11/925 10/10/2937
f 965/1011/2939 750/776/2940 749/775/2941
f 749/775/2941 966/1012/2942 965/1011/2939
f 1427/1534/2610 1302/1388/2688 389/400/2689
f 389/400/2689 519/536/2611 1427/1534/2610
f 509/524/582 161/163/152 164/166/155
f 164/166/155 348/354/583 509/524/582
f 1490/1620/2147 1589/1775/2943 1100/1851/2944
f 1100/1851/2944 1213/1621/2148 1490/1620/2147
f 1416/1518/1923 1464/1579/2052 146/148/140
f 146/148/140 145/147/139 1416/1518/1923
f 958/1004/1123 957/1003/147 1367/1464/147
f 1367/1464/147 529/546/557 958/1004/1123
f 938/983/1096 387/398/1095 1012/1069/2945
f 1012/1069/1212 1011/1068/1211 938/983/2946
f 1585/1765/2947 862/1764/2948 965/1011/2949
f 965/1011/2949 964/1010/2950 1585/1765/2947
f 1531/1685/2951 1567/1739/2952 1466/1582/2953
f 1466/1582/2953 715/740/2954 1531/1685/2951
f 674/695/2091 1471/1588/2090 1476/1593/2897
f 1476/1593/2897 675/696/2896 674/695/2091
f 1358/1454/1798 572/591/613 1347/1441/1778
f 1347/1441/1778 1346/1440/1777 1358/1454/1798
f 182/1852/173 990/1042/1175 340/344/337
f 340/344/337 183/343/174 182/1852/173
f 1104/1168/1504 535/552/765 703/726/768
f 703/726/768 1202/1271/1505 1104/1168/1504
f 1246/1326/2420 956/1002/1122 958/1004/1123
f 958/1004/1123 1038/1097/1263 1246/1326/2420
f 946/991/2955 945/990/2833 1413/1514/1909
f 1413/1514/1909 293/296/2956 946/991/2955
f 374/381/856 765/794/855 1440/1551/1977
f 1440/1551/1977 1439/1550/1976 374/381/856
f 1179/1248/2657 489/504/2060 1272/1353/2063
f 1272/1353/2063 1271/1352/2658 1179/1248/2657
f 1190/1259/2957 1151/1219/2958 1472/1589/2959
f 1472/1589/2959 1380/1478/2960 1190/1259/2957
f 122/124/118 205/207/2158 1266/1347/2159
f 1266/1347/2159 119/121/115 122/124/118
f 1616/1832/2961 1373/1471/2962 1340/1434/1769
f 1340/1434/1769 1339/1433/1768 1616/1832/2961
f 1516/1665/2963 491/506/510 1525/1677/2855
f 1525/1677/2855 1196/1265/2854 1516/1665/2963
f 1456/1571/2964 49/51/2965 52/54/2966
f 52/54/2967 719/744/2968 1456/1571/2964
f 561/578/2969 560/577/1201 1005/1061/1200
f 1005/1061/1200 908/949/2970 561/578/2969
f 3/1809/2121 1186/1255/2181 1495/1634/2180
f 1495/1634/2180 1485/1853/2122 3/1809/2121
f 1474/1591/2358 1583/1761/2549 1398/1499/2550
f 1398/1499/2550 1397/1498/2359 1474/1591/2358
f 89/91/1810 92/94/1852 1386/1485/1855
f 1386/1485/1855 1365/1461/1811 89/91/1810
f 384/394/2971 516/533/2972 1506/1654/2973
f 1506/1654/2974 166/395/2975 384/394/2976
f 1485/1853/2606 1495/1634/2274 212/214/2277
f 212/214/2277 1428/1536/2607 1485/1853/2606
f 1445/1850/1986 894/935/1036 897/938/1039
f 897/938/1039 86/88/82 1445/1850/1986
f 37/42/1082 840/875/953 200/202/193
f 200/903/193 865/902/991 37/37/1082
f 159/161/1435 1054/1113/1434 1056/1115/2222
f 1056/1115/2222 1230/1307/2221 159/161/1435
f 1602/1802/2733 460/475/2732 1373/1471/2962
f 1373/1471/2962 1616/1832/2961 1602/1802/2733
f 1575/1749/2492 1574/1748/2491 559/576/593
f 559/576/593 558/575/592 1575/1749/2492
f 629/650/2239 1514/1663/2238 988/1769/2568
f 988/1769/2568 630/651/2567 629/650/2239
f 219/221/2977 266/268/259 269/271/262
f 269/271/262 641/662/1222 219/221/2977
f 538/555/566 537/554/565 90/92/86
f 90/92/86 89/91/85 538/555/566
s 0
f 841/876/1995 840/875/1995 1394/1495/1995
s 1
f 1394/1495/37 1183/1252/1480 841/876/1479
f 762/791/850 761/790/849 606/1834/2978
f 606/1834/2978 1363/1736/2979 762/791/850
f 1488/1615/2139 1538/1699/2349 274/1602/2352
f 274/1602/2352 1482/1601/2140 1488/1615/2139
f 826/860/937 825/859/936 1571/1816/2785
f 1571/1816/2785 1550/1710/2784 826/860/937
f 1129/1195/2667 292/295/283 295/298/286
f 295/298/286 815/849/2666 1129/1195/2667
f 160/162/2980 1229/1306/2981 889/928/2982
f 889/928/2982 888/927/2983 160/162/2980
f 352/358/349 1600/1797/2713 1108/1172/2904
f 1108/1172/2904 353/359/350 352/358/349
f 147/149/141 401/412/407 402/413/408
f 402/413/408 1292/1377/2984 147/149/141
f 462/477/2985 265/267/2986 264/266/2083
f 264/266/2083 459/474/2082 462/477/2985
f 179/181/2777 1500/1642/2776 1455/1570/2987
f 1455/1570/2987 1526/1679/2988 179/181/2777
f 1024/1082/1472 1547/1707/2396 796/829/895
f 796/829/895 863/900/989 1024/1082/1472
f 576/595/621 1113/1179/2693 225/227/2696
f 225/227/2696 224/226/618 576/595/621
f 1570/1744/2552 1584/1762/2551 1292/1377/1691
f 1292/1377/1691 1291/1376/1690 1570/1744/2552
f 166/395/2989 1506/1654/2990 512/527/2991
f 512/527/2991 167/1854/2992 166/395/2989
f 719/744/2993 52/54/2994 51/53/2995
f 51/53/1902 720/745/1901 719/744/2996
f 631/652/682 630/651/681 284/287/2997
f 284/287/635 589/608/634 631/652/2998
f 543/560/2826 878/917/2825 570/589/911
f 570/589/911 544/561/910 543/560/2826
f 1505/1653/2999 1552/1855/3000 1623/1856/3001
f 1623/1856/3002 513/528/3003 1505/1653/2999
f 1203/1272/2539 1202/1271/2727 666/687/2728
f 666/687/2728 665/686/2540 1203/1272/2539
f 1304/1857/1987 1586/1767/2588 1558/1722/2647
f 1558/1784/2647 1446/1557/1988 1304/1392/1987
f 814/848/921 1536/1691/2347 1503/1649/2348
f 1503/1649/2348 815/849/922 814/848/921
f 370/377/1309 1537/1693/2771 1307/1395/1717
f 1307/1395/1717 1076/1137/1310 370/377/1309
f 1318/1406/2468 1225/1301/1554 1226/1302/1555
f 1226/1302/1555 1161/1740/2469 1318/1406/2468
f 1128/1194/1388 1127/1193/1387 1301/1386/1704
f 1301/1386/1704 1588/1773/2577 1128/1194/1388
f 91/93/2364 96/98/2363 963/1009/1129
f 963/1009/1129 962/1008/1128 91/93/2364
f 1261/1342/1625 1243/1323/2123 1288/1373/2124
f 1288/1373/2124 1262/1343/1626 1261/1342/1625
f 121/123/117 809/843/916 921/1056/1192
f 921/1056/1192 232/234/225 121/123/117
f 230/232/222 872/1423/1000 874/1469/1003
f 874/1469/1003 1371/1468/2418 230/232/222
f 14/14/14 377/384/375 376/383/375
f 376/383/375 15/15/15 14/14/14
f 716/741/3004 659/680/3005 322/325/2402
f 322/325/2402 1550/1710/2401 716/741/3004
f 798/831/897 1617/1837/2837 436/450/3006
f 436/450/3006 435/449/1739 798/831/897
f 1305/1858/3007 1228/1305/1565 648/669/705
f 648/669/705 647/668/704 1305/1858/3007
f 694/717/759 1187/1256/2329 495/510/514
f 495/510/514 494/509/513 694/717/759
f 1604/1810/2762 1124/1190/2761 879/918/3008
f 879/918/3009 1620/1847/3010 1604/1810/3011
f 248/250/550 741/766/550 1414/1622/550
f 1414/1622/550 522/539/550 248/250/550
f 1516/1665/3012 1196/1265/3013 1140/1206/3014
f 1140/1206/3015 1139/1205/2252 1516/1665/2251
f 628/649/1463 631/652/2150 221/223/2153
f 221/223/2153 220/222/1464 628/649/1463
f 913/954/1913 1371/1468/1830 1333/1427/1760
f 1333/1427/1760 526/543/1914 913/954/1913
f 652/673/2787 651/672/1819 1014/1071/1822
f 1014/1071/1822 1494/1633/2788 652/673/2787
f 421/432/3016 1596/1786/2651 1504/1651/2650
s 0
f 1504/1651/3017 1218/1364/3017 421/432/3017
f 156/158/147 155/157/147 770/800/147
f 770/800/147 769/799/147 156/158/147
s 1
f 390/401/391 644/665/3018 1447/1558/3019
f 1447/1558/3019 391/402/392 390/401/391
f 1526/1679/2988 1455/1570/2987 1232/1309/1569
f 1232/1309/1569 1231/1308/1568 1526/1679/2988
f 969/1016/1137 968/1015/1136 132/134/128
f 132/134/128 131/133/127 969/1016/1137
f 537/554/3020 1235/1314/3021 93/95/2362
f 93/95/2362 90/92/2361 537/554/3020
f 411/422/3022 1582/1760/3023 1614/1859/3024
f 1614/1859/3025 412/423/423 411/422/422
f 787/820/1392 946/991/3026 293/296/3027
f 293/296/3027 292/295/3028 787/820/1392
f 378/385/3029 893/934/3030 866/905/2726
f 866/1799/2726 1519/1668/2725 378/386/3029
f 1178/1247/2384 242/244/2383 245/247/684
f 245/247/684 632/653/685 1178/1247/2384
f 571/590/612 428/444/443 431/443/446
f 431/443/446 1379/1477/1843 571/590/612
f 944/989/1103 168/170/3031 511/531/3032
f 511/531/3033 945/990/1104 944/989/1103
f 377/384/2546 892/933/278 893/934/3030
f 893/934/3030 378/385/3029 377/384/2546
f 836/870/1793 1540/1696/2365 1454/1860/2822
f 1454/1860/2822 1314/1451/1794 836/870/1793
f 600/619/1115 599/618/2563 854/889/2564
f 854/889/2564 853/888/1116 600/619/1115
f 533/550/3034 588/1787/1562 97/99/93
f 97/99/93 99/101/95 533/550/3034
f 1295/1380/3035 1619/1846/3036 1621/1848/3037
f 1621/1848/3037 381/390/3038 1295/1380/3035
f 1386/1485/2098 1385/1484/2573 1583/1761/2574
f 1583/1761/2574 1474/1591/2099 1386/1485/2098
f 1016/1073/1218 1015/1072/1217 1419/1524/2815
f 1419/1524/2815 1283/1367/2814 1016/1073/1218
s 0
f 638/659/3039 637/658/3039 1608/1814/3039
f 1608/1814/3040 1566/1737/3040 638/659/3040
s 1
f 1086/1147/1321 1025/1083/991 1028/1086/1246
f 1028/1086/1246 1212/1283/2059 1086/1147/1321
f 1375/1473/2841 20/20/2840 19/19/1604
f 19/19/1604 1251/1332/1603 1375/1473/2841
f 775/805/1978 1441/1552/1042 1596/1786/2651
f 1596/1786/2651 420/431/435 775/805/1978
f 1598/1793/2679 1275/1356/1653 984/1036/3041
f 984/1036/3041 983/1035/2929 1598/1793/2679
f 503/518/2717 1009/1066/2716 265/267/2986
f 265/267/2986 462/477/2985 503/518/2717
f 901/942/1044 900/941/1043 1026/1084/727
f 1026/1084/727 1025/1083/991 901/942/1044
s 0
f 141/143/3042 595/1842/3042 472/1815/3042
f 472/1815/3042 1608/1814/3042 141/143/3042
s 1
f 609/628/656 1416/1518/1923 145/147/139
f 145/147/139 1204/1273/1507 609/628/656
f 616/635/2324 773/803/1224 1164/1233/1447
f 1164/1233/1447 240/242/233 616/635/2324
f 891/930/2635 890/929/2884 1135/1201/2885
f 1135/1201/2885 1579/1757/2636 891/930/2635
f 481/496/2770 1159/1605/2829 605/1835/2830
f 605/1835/2830 1607/1813/2769 481/496/2770
f 353/359/3043 1108/1172/1360 1111/1175/1363
f 1111/1175/3044 186/188/1430 353/359/3045
f 1506/1654/3046 1505/1653/3047 513/528/3048
f 513/528/3048 512/527/3049 1506/1654/3046
f 768/798/862 767/797/861 1624/1861/3050
f 1624/1861/3050 536/553/3051 768/798/862
f 1236/1779/2599 607/626/2598 610/629/2177
f 610/629/2177 94/1632/2176 1236/1779/2599
f 545/562/572 544/561/571 806/840/2077
f 806/840/2077 1417/1520/2076 545/562/572
f 252/1829/2819 362/1723/2427 1559/1725/2430
f 1559/1725/2430 1610/1819/2820 252/1829/2819
f 1521/1862/2524 253/1828/2818 1609/1818/2821
f 1609/1818/2821 1098/1845/2525 1521/1862/2524
f 514/530/538 513/529/537 1623/1863/3052
f 1623/1863/3052 188/190/3053 514/530/538
f 1326/1417/2341 1325/1416/2913 1152/1220/2916
f 1152/1220/2916 618/637/2342 1326/1417/2341
f 1005/1061/2542 999/1060/1204 532/549/1207
f 532/549/1207 531/548/2543 1005/1061/2542
f 644/665/3018 1255/1336/1611 1256/1337/1612
f 1256/1337/1612 1447/1558/3019 644/665/3018
f 908/949/2970 907/948/1887 1008/1065/1890
f 1008/1065/1890 561/578/2969 908/949/2970
f 1610/1819/2792 1559/1725/2613 559/576/2614
f 559/576/2614 1574/1748/2793 1610/1819/2792
f 715/740/2954 1466/1582/2953 659/680/3005
f 659/680/3005 716/741/3004 715/740/2954
f 1533/1688/2326 1625/1864/3054 1106/1170/1357
f 1106/1170/1357 1/1/1 1533/1688/2326
f 214/216/2188 1412/1513/2660 281/284/275
f 281/284/275 1426/1533/1951 214/216/2188
f 773/803/864 772/802/863 299/302/2921
f 299/302/2921 403/414/2920 773/803/864
f 1233/1310/3055 822/856/933 821/855/932
f 821/855/932 101/1838/97 1233/1310/3055
f 584/603/629 583/602/628 1313/1401/3056
f 1313/1401/1726 1312/1400/1725 584/603/3057
f 1481/1600/3058 363/369/3058 49/51/3059
f 49/51/2965 1456/1571/2964 1481/1600/3060
f 1184/1253/2003 1183/1252/3061 932/977/1084
f 932/977/1084 931/976/1083 1184/1253/2003
f 423/434/438 577/596/622 580/599/625
f 580/599/625 424/435/439 423/434/438
f 1546/1706/34 903/944/2533 192/194/2532
f 192/194/2532 1029/1087/2478 1546/1706/34
f 360/366/357 947/992/2789 1001/1817/2790
f 1001/1817/2790 361/367/358 360/366/357
f 1156/1224/1427 1155/1223/1426 1549/1709/1427
f 1549/1709/1427 1520/1670/1426 1156/1224/1427
f 1530/1684/2817 1418/1523/2816 1567/1739/2952
f 1567/1739/2952 1531/1685/2951 1530/1684/2817
s 0
f 748/773/147 153/155/147 156/158/147
f 156/158/147 1403/1504/147 748/773/147
s 1
f 725/750/2902 1195/1264/1875 1121/1187/1878
f 1121/1187/1878 1120/1186/2903 725/750/2902
f 662/683/720 1190/1259/2957 1380/1478/2960
f 1380/1478/2960 663/684/721 662/683/720
f 805/838/1275 1049/1108/1274 1050/1109/2887
f 1050/1109/2887 1191/1260/2886 805/838/1275
f 478/493/496 477/492/495 1462/1577/2050
f 1462/1577/2050 1461/1576/2049 478/493/496
f 1334/1428/1763 269/271/1762 268/270/2446
f 268/270/2446 1489/1730/2445 1334/1428/1763
s 0
f 1552/1712/3062 185/187/3062 188/190/3062
f 188/190/3063 1623/1863/3063 1552/1712/3063
s 1
f 1473/1590/2810 524/541/2809 527/544/1061
f 527/544/1061 917/960/1060 1473/1590/2810
f 1052/1111/1325 1088/1151/1324 982/1032/3064
f 982/1032/3064 1328/1419/3065 1052/1111/1325
f 1157/1225/2899 1478/1595/2898 1055/1114/1281
f 1055/1114/1281 1054/1113/1280 1157/1225/2899
f 951/997/2873 910/951/3066 1594/1783/3067
f 1594/1783/3067 1593/1782/2872 951/997/2873
f 277/279/270 276/278/269 1224/1300/1553
f 1224/1300/1553 229/1422/909 277/279/270
f 62/64/59 203/904/195 1352/1823/1785
f 1352/1823/1785 63/65/60 62/64/59
f 1048/1107/1273 1612/1821/2802 670/691/728
f 670/691/728 669/690/727 1048/1107/1273
f 1270/1351/1639 189/191/182 70/72/67
f 70/72/67 69/71/66 1270/1351/1639
f 1429/1538/3068 215/1537/2187 1497/1836/2189
f 1497/1836/3069 1153/1221/2915 1429/1538/2914
f 756/783/1643 919/962/1642 468/483/2579
f 468/483/2579 757/784/2578 756/783/1643
f 898/939/1042 1605/1808/2755 1284/1369/3070
f 1284/1369/3070 1175/1244/1459 898/939/1042
f 1581/1759/3071 1615/1865/3072 1614/1859/3024
f 1614/1859/3024 1582/1760/3023 1581/1759/3071
f 1411/1512/1906 1209/1280/1520 182/184/1519
f 182/184/1519 181/183/1907 1411/1512/1906
f 701/724/3073 546/563/3074 549/566/3075
f 549/566/3075 1511/1659/3076 701/724/3073
f 1257/1338/1613 530/547/558 246/248/2690
f 246/248/2690 300/303/1670 1257/1338/1613
f 736/761/3077 925/970/1071 653/674/3078
f 653/674/710 737/762/814 736/761/813
f 910/951/3066 909/950/2741 1603/1803/2742
f 1603/1803/2742 1594/1783/3067 910/951/3066
f 314/317/307 313/316/306 372/379/1934
f 372/379/1934 1420/1526/1933 314/317/307
f 317/320/2449 25/25/25 28/28/25
f 28/28/25 1012/1069/2450 317/320/2449
f 273/275/601 272/274/2249 1515/1664/2250
f 1515/1664/2250 170/172/602 273/275/601
f 1409/1510/3079 1254/1335/3080 813/847/3081
f 813/847/3081 1267/1348/3082 1409/1510/3079
f 1353/1447/1786 1306/1394/1716 1308/1396/1718
f 1308/1396/1718 1480/1598/2109 1353/1447/1786
f 1354/1448/3083 701/724/2233 1356/1450/1792
f 1356/1450/1792 1355/1449/1791 1354/1448/3083
s 0
f 767/797/278 729/1763/278 732/1866/278
s 1
f 732/1866/278 1624/1861/3084 767/797/278
f 1619/1846/2908 975/1024/3085 1604/1810/2754
f 1604/1810/2754 1620/1847/2909 1619/1846/2908
f 157/159/518 160/162/2980 888/927/2983
f 888/927/2983 487/502/519 157/159/518
s 0
f 975/1024/3086 974/1023/3086 1284/1867/3086
s 1
f 1284/1369/3087 1605/1808/2755 975/1868/3085
f 1272/1353/1647 1465/1581/2764 657/678/2765
f 657/678/2765 656/677/1648 1272/1353/1647
f 8/8/8 7/7/7 366/372/364
f 366/372/364 365/371/363 8/8/8
f 620/639/2254 619/638/2481 923/968/2484
f 923/968/2484 1522/1672/2415 620/639/2254
f 1378/1476/2691 394/405/398 397/408/401
f 397/408/401 623/644/2692 1378/1476/2691
f 1384/1483/2163 962/1008/2162 704/727/3088
f 704/727/3088 1392/1493/3089 1384/1483/2163
f 1229/1306/2981 790/823/1856 1387/1486/1857
f 1387/1486/1857 889/928/2982 1229/1306/2981
f 904/945/1047 645/666/702 648/669/705
f 648/669/705 905/946/1048 904/945/1047
f 1192/1261/2889 1053/1112/2888 1327/1418/3090
f 1327/1418/3090 1488/1615/3090 1192/1261/2889
f 1423/1530/1940 1397/1498/1868 1396/1497/1867
f 1396/1497/1867 1269/1350/1638 1423/1530/1940
f 1453/1567/2021 684/707/2020 687/710/3091
f 687/710/3091 860/897/3092 1453/1567/2021
f 64/66/61 63/65/60 1597/1825/2806
f 1597/1825/2806 398/409/406 64/66/61
f 237/239/230 236/238/229 1019/1077/1230
f 1019/1077/3093 1567/1739/2466 237/239/2465
f 1075/1136/1306 332/335/329 335/338/332
f 335/338/332 454/469/1307 1075/1136/1306
f 1603/1803/3094 99/101/95 1105/1169/1356
f 1105/1169/1356 1594/1783/2643 1603/1803/3094
f 1458/1573/3095 72/74/69 1063/1124/1289
f 1063/1124/1289 1103/1166/1351 1458/1573/3095
f 592/611/2877 1034/1093/2876 794/827/893
f 794/827/893 593/612/817 592/611/2877
f 1624/1861/3084 732/1866/278 1236/1315/1574
f 1236/1315/1574 1235/1314/1573 1624/1861/3084
f 1181/1250/1473 1612/1821/2802 356/362/2395
f 356/362/2395 355/361/1471 1181/1250/1473
f 583/602/2799 582/601/2624 1512/1660/2625
f 1512/1660/2625 1611/1820/2800 583/602/2799
f 536/553/3051 1624/1861/3050 1235/1314/3021
f 1235/1314/3021 537/554/3020 536/553/3051
f 1064/1125/1290 1588/1773/2577 1147/1215/1414
f 1147/1215/1414 1065/1126/1291 1064/1125/1290
f 1133/1199/1808 1364/1460/1807 336/339/2510
f 336/339/2510 1563/1733/2509 1133/1199/1808
f 816/850/1210 410/421/421 413/424/424
f 413/424/424 1010/1067/1210 816/850/1210
f 1183/1252/3061 1394/1495/1040 1395/1496/1866
f 1395/1496/1866 932/977/1084 1183/1252/3061
f 1254/1335/3080 453/468/3096 814/848/3096
f 814/848/3096 813/847/3097 1254/1335/3080
f 797/830/896 227/229/219 1617/1837/2837
f 1617/1837/2837 798/831/897 797/830/896
f 333/336/330 332/335/329 1353/1447/1786
f 1353/1447/1786 1003/1597/1193 333/336/330
f 126/128/122 125/127/121 763/792/2241
f 763/792/2241 474/489/2240 126/128/122
f 554/571/3098 315/318/309 317/320/312
f 317/320/1141 386/397/1142 554/571/1141
f 1369/1466/1950 117/119/1949 116/118/3099
f 116/118/3100 1370/1467/3101 1369/1466/3102
f 846/881/963 847/882/963 1259/1340/3103
f 1259/1340/1618 124/126/1617 846/881/3104
f 130/132/126 129/131/125 807/841/1462
f 807/841/1462 1177/1246/1461 130/132/126
f 925/970/1071 499/514/521 502/517/524
f 502/517/524 653/674/3078 925/970/1071
f 683/706/742 23/23/3105 466/481/483
f 466/481/483 465/480/482 683/706/742
f 700/723/3106 1618/1840/3107 547/564/574
f 547/564/574 546/563/573 700/723/3106
f 1220/1295/1545 1450/1755/2528 1097/1160/2527
f 1097/1160/2527 556/573/1546 1220/1295/1545
f 1492/1625/2156 856/891/2160 1499/1641/2775
f 1499/1641/2775 178/180/2774 1492/1625/2156
f 1615/1865/3072 1581/1759/3071 1315/1841/3108
f 1315/1403/3108 1296/1381/3109 1615/1827/3072
s 0
f 1462/1577/3110 477/492/3110 885/1463/3110
s 1
f 885/1463/3111 1366/1462/1816 1462/1577/2050
f 851/1869/971 974/1023/2269 1315/1452/147
f 1315/1841/147 45/47/42 851/886/971
s 0
f 1267/1348/3112 186/188/3112 1111/1175/3112
f 1111/1175/3113 1409/1510/3113 1267/1348/3113
f 1513/1661/3114 1452/1566/3114 1438/1549/3114
f 1438/1549/3115 541/558/3115 1513/1661/3115
s 1
f 1589/1775/2589 1586/1767/2588 1304/1857/1987
f 1304/1857/3116 1101/1870/3117 1589/1775/2943
s 0
f 1035/1094/3118 10/10/3118 9/9/3118
f 9/9/3119 416/427/3119 1035/1094/3119
s 1
f 1174/1243/3120 1173/1242/1457 1626/1871/3121
f 1118/1184/1376 1222/1298/1551 1625/1864/3054
f 1544/1702/3122 1611/1820/3123 1511/1659/3124
f 100/102/96 844/879/3125 101/103/97
f 1596/1786/2651 421/432/436 420/431/435
f 881/1872/3126 639/1873/3127 1228/1305/1565
f 976/1025/3128 1046/1105/1271 977/1026/3129
f 741/766/822 740/765/821 1490/1620/2587
f 977/1026/3129 1046/1105/1271 1376/1474/3130
f 1262/1343/1678 72/74/69 1263/1344/3131
f 510/525/533 432/445/447 56/58/3132
f 1601/1801/3133 1336/1430/1765 1244/1324/2659
f 1280/1363/1664 152/154/2103 314/317/3134
f 328/331/2255 327/330/3135 1270/1351/1639
f 1241/1321/3136 611/630/658 614/633/661
f 1119/1185/1377 1118/1184/1376 1627/1874/3137
f 811/845/1391 1129/1195/1390 1119/1185/1377
f 1398/1499/1869 458/473/3138 849/884/968
f 457/472/3139 800/833/3140 849/884/968
f 1305/1858/3007 881/1872/3126 1228/1305/1565
f 1222/1298/1551 655/676/713 1106/1170/2882
f 1478/1595/2106 876/915/1005 1055/1114/3141
f 1479/1596/2930 1527/1727/3142 894/1805/1036
f 811/845/3143 1628/1875/3144 812/846/919
f 31/31/3145 24/24/24 414/425/3146
f 844/1311/3125 1233/1310/3055 101/1838/97
f 458/473/3138 457/472/3139 849/884/968
f 1606/1811/3147 238/240/3148 1265/1346/3149
f 1627/1874/3137 1625/1864/3054 1532/1687/3150
f 657/678/715 1580/1758/3151 658/679/716
f 307/310/299 1528/1681/3152 308/311/300
f 1427/1534/1952 283/1387/277 1302/1388/1705
f 1309/1397/2322 1362/1458/3153 1148/1216/1415
f 667/688/2442 828/862/3154 1268/1349/1637
f 1078/1139/1332 727/752/3155 259/261/252
f 1476/1593/2104 1471/1588/3156 1477/1594/2105
f 1437/1548/3157 1511/1659/3158 549/566/3158
f 641/662/1222 970/1017/1221 216/218/3159
f 412/1788/3160 1614/1826/2811 399/410/2813
f 53/55/873 56/58/3132 432/445/447
f 1265/1346/3161 238/240/3162 241/243/3163
f 30/30/3164 1626/1871/3165 1629/1876/3166
f 1439/1550/3167 635/656/1232 375/382/374
f 1354/1448/3083 699/722/3168 701/724/2233
f 1093/1156/1331 1092/1155/1330 1493/1629/3169
f 812/846/919 1628/1875/3144 1630/1877/3170
f 569/588/610 568/587/609 1613/1822/3171
f 175/177/2786 147/149/141 1584/1762/3172
f 443/457/76 446/460/459 1101/1164/1349
f 1466/1582/2065 1567/1739/3173 1019/1077/2066
f 1102/1165/1350 1066/1127/1292 1590/1776/3174
f 1083/1144/1319 986/1038/3175 985/1037/3176
f 780/811/871 131/133/1663 134/136/3177
f 1576/1751/3178 1205/1274/1508 1587/1771/3179
f 1317/1405/3180 1630/1877/3170 1498/1640/2919
f 1361/1457/2457 1148/1216/1415 1362/1458/3153
f 1174/1243/2503 1626/1871/3181 30/30/28
f 758/1878/3182 646/667/703 645/666/702
f 1587/1771/3179 1205/1274/1508 1391/1492/2681
f 1284/1369/1673 974/1669/3183 1285/1370/1674
f 1529/1682/2458 986/1038/3175 1083/1144/1319
f 721/746/796 256/258/795 1360/1456/3184
f 533/550/3034 99/101/95 534/551/3185
f 597/616/3186 1335/1429/1764 598/617/1781
s 0
f 1595/1785/3187 238/240/3187 1606/1811/3187
s 1
f 1083/1144/1319 985/1037/3176 1289/1374/3188
f 1119/1185/1377 1627/1874/3189 1628/1875/3190
f 1273/1354/3191 621/640/668 587/606/1561
f 1100/1851/2944 1589/1775/2943 1101/1870/3117
f 1504/1651/2217 1281/1365/2218 1218/1364/3192
f 730/755/2382 608/627/655 731/756/3193
f 279/282/2582 1205/1274/1508 1435/1546/3194
f 75/77/2462 74/76/3195 904/945/1047
f 573/592/1689 1618/1840/3196 1561/1729/282
f 812/846/919 1630/1877/3170 1317/1405/3180
f 1092/1155/1330 1489/1617/278 1562/1778/278
f 745/770/827 1082/1143/1318 1524/1676/3197
f 927/972/3198 926/971/3199 1275/1356/1653
f 1437/1548/3157 1545/1703/3200 1511/1659/3201
f 1509/1657/2346 1241/1321/3136 614/633/661
f 811/845/1391 1119/1185/1377 1628/1875/3190
f 887/926/3202 238/240/3203 1595/1785/3204
f 745/770/827 1524/1676/3197 980/1029/3205
f 780/811/871 1134/1200/3206 1564/1734/3207
f 30/30/3208 1629/1876/3209 31/31/3145
f 1435/1546/3194 1205/1274/1508 1576/1751/3178
f 1497/1638/2189 1426/1535/1951 1427/1534/1952
f 66/68/3210 65/67/2758 783/816/876
f 1400/1501/2878 308/311/300 1528/1681/3152
f 1240/1319/3211 1239/1318/2310 442/456/458
f 1543/1701/3212 1069/1130/1296 1144/1212/1409
f 759/787/3213 989/1041/1314 1081/1142/1317
f 350/356/1652 349/355/3214 1275/1356/1653
f 656/677/714 621/640/668 1273/1354/3191
f 1118/1184/1376 1625/1864/3054 1627/1874/3137
f 82/84/2590 1046/1105/1271 976/1025/3128
f 1174/1243/2503 30/30/28 1508/1656/2504
s 0
f 211/213/3215 210/212/3215 254/256/3215
s 1
f 1602/1802/3216 1616/1832/2827 820/854/931
f 1320/1408/3217 447/461/1946 1542/1700/3218
f 1518/1667/3219 568/587/609 66/68/1238
f 374/381/373 1439/1550/3167 375/382/374
f 1349/1443/1780 423/434/278 422/433/278
f 887/926/3202 886/925/3220 238/240/3203
f 1370/1467/3101 116/118/3100 559/576/3221
f 801/834/3222 108/110/3223 111/113/106
f 1377/1475/2640 1554/1715/3224 113/115/2928
f 1611/1820/3123 1512/1660/3225 1511/1659/3124
f 1615/1827/2812 1296/1381/1698 400/411/1701
f 1622/1849/3226 1627/1874/3137 1532/1687/3150
f 731/756/3193 608/627/655 607/626/654
f 781/812/872 780/811/871 1564/1734/3207
f 1626/1871/3165 1425/1532/1945 1629/1876/3166
f 804/837/905 21/21/21 24/24/24
f 404/415/2652 1164/1233/1447 405/416/1446
f 1628/1875/3144 1627/1874/3227 1622/1849/2918
f 641/662/1222 216/218/3159 219/221/2977
f 534/551/3185 99/101/95 1603/1803/3094
f 615/634/2454 296/299/287 772/802/3228
f 1282/1366/76 1101/1164/1349 1218/1364/76
f 256/258/795 1434/1545/282 1360/1456/3184
f 1070/1131/1297 1069/1130/1296 1543/1701/3212
f 755/1844/2875 758/1878/3182 645/666/702
f 349/355/3214 927/972/3198 1275/1356/1653
f 1630/1877/3170 1622/1849/2918 1498/1640/2919
f 1527/1680/3142 895/936/1037 894/935/1036
f 1092/1155/1330 1591/1777/278 1493/1629/3169
f 1222/1298/1551 1106/1170/1357 1625/1864/3054
f 1590/1776/3174 1066/1127/1292 1068/1129/1295
f 1560/1728/2473 324/327/1367 1114/1180/1366
f 419/430/1179 476/491/3229 475/490/1180
f 1580/1758/3151 1138/1204/2209 658/679/716
f 1565/1735/2641 1240/1319/3211 442/456/458
f 639/1873/3127 642/1879/3230 1228/1305/1565
f 1376/1474/3130 1046/1105/1271 1348/1442/1779
f 772/802/3228 296/299/287 299/302/290
f 1532/1687/3150 1625/1864/3054 1533/1688/2326
f 1377/1475/2640 1555/1716/2639 1554/1715/3224
f 45/47/42 1315/1841/147 46/48/43
f 745/770/827 979/1028/3231 742/767/824
f 1173/1242/1457 1542/1700/2376 1626/1871/3121
f 1342/1436/3232 1321/1410/2074 1344/1438/1774
f 1339/1433/2828 1342/1436/3232 1344/1438/1774
f 1263/1344/3131 72/74/69 1458/1573/3095
f 1280/1363/1664 1420/1526/3233 967/1014/3234
f 1349/1443/1780 578/597/3235 577/596/278
f 788/821/885 812/846/919 1317/1405/3180
f 1280/1363/1664 314/317/3134 1420/1526/3233
s 0
f 381/390/3236 1621/1848/3236 144/146/3236
s 1
f 68/70/2323 1541/1697/3237 65/67/3238
f 1083/1144/1319 1289/1374/3188 1084/1145/1320
f 1164/1233/1447 773/803/1224 1018/1075/1223
f 68/70/2323 239/241/232 1541/1697/3237
f 1613/1822/3171 568/587/609 1517/1666/3239
f 1092/1155/1330 1562/1778/278 1591/1777/278
f 1630/1877/3170 1628/1875/3144 1622/1849/2918
f 492/507/511 491/506/510 1406/1507/3240
f 1406/1507/3240 491/506/510 1516/1665/2963
f 31/31/3145 1629/1876/3209 24/24/24
s 0
f 1487/1611/3241 254/256/3241 476/1612/3241
f 381/390/3242 144/146/3242 143/145/3242
s 1
f 1542/1700/3218 447/461/1946 1425/1532/1945
f 547/564/1688 1618/1840/3196 573/592/1689
f 1605/1808/2755 1604/1807/2754 975/1868/3085
f 926/971/3199 984/1036/3041 1275/1356/1653
f 875/914/1004 1055/1114/3141 876/915/1005
f 1584/1762/3172 147/149/141 1292/1377/2984
f 760/788/2381 759/787/3213 1081/1142/1317
f 1517/1666/3239 568/587/609 1518/1667/3219
f 1629/1876/3209 804/837/905 24/24/24
f 780/811/871 134/136/3177 1134/1200/3206
f 1404/1505/2883 1477/1594/2105 1471/1588/3156
f 828/862/3154 1422/1529/1939 1268/1349/1637
f 1349/1443/1780 577/596/278 423/434/278
f 74/76/3195 915/1843/2874 904/945/1047
f 745/770/827 980/1029/3205 979/1028/3231
f 1350/1444/1782 1336/1430/1765 1601/1801/3133
f 668/689/2441 1270/1351/1639 327/330/3135
f 1620/1847/3010 879/918/3009 540/557/3243
s 0
f 1545/1703/3244 1544/1702/3244 1511/1659/3244
s 1
f 1310/1398/2879 578/597/3235 1349/1443/1780
f 819/853/930 1602/1802/3216 820/854/931
s 0
f 1621/1848/3245 540/557/3245 144/146/3245
s 1
f 1542/1700/3218 1425/1532/1945 1626/1871/3165
f 1129/1195/1390 1117/1183/1375 1119/1185/1377
f 917/1034/1164 916/1719/2836 226/228/218
f 414/425/3146 24/24/24 23/23/23
f 414/425/3246 23/23/3105 683/706/742
f 800/833/3140 801/834/969 849/884/968
f 260/262/253 259/261/252 727/752/3155
f 1508/1656/2504 30/30/28 29/29/27
f 1280/1363/1664 967/1014/3234 969/1016/1662
f 642/1879/3230 1334/1616/2141 1228/1305/1565
f 1354/1448/3083 111/113/3247 699/722/3248
f 1425/1532/1945 804/837/905 1629/1876/3209
f 443/457/76 1101/1164/1349 1282/1366/76
f 916/1719/2836 436/450/3006 1617/1837/2837
f 1593/1782/2642 1335/1429/1764 597/616/3186
f 1114/1180/1366 803/836/904 802/835/903
s 0
f 211/213/3249 254/256/3249 1487/1611/3249
